customer_id,age_group,region,product,tenure_months,lifetime_value,nps_score,churn_risk,acquisition_channel
CX00001,18-25,North America,Enterprise Plan,16,11548.93,1,High,In-Store
CX00002,55+,North America,Add-on Services,3,1974.96,3,Low,Live Chat
CX00003,55+,North America,Pro Plan,46,32669.28,8,Medium,Mobile App
CX00004,46-55,Asia Pacific,Basic Plan,49,40388.05,6,Medium,Phone
CX00005,26-35,Europe,Enterprise Plan,7,5090.92,1,Medium,Phone
CX00006,55+,Asia Pacific,Basic Plan,47,23241.53,1,Medium,Website
CX00007,55+,Asia Pacific,Enterprise Plan,37,10018.29,1,Low,In-Store
CX00008,26-35,Asia Pacific,Basic Plan,55,12023.15,1,Medium,Phone
CX00009,46-55,Asia Pacific,Pro Plan,24,18085.9,10,Medium,In-Store
CX00010,18-25,Europe,Pro Plan,11,23381.88,4,High,In-Store
CX00011,55+,Europe,Enterprise Plan,54,38531.52,0,Low,Website
CX00012,36-45,Latin America,Enterprise Plan,5,10943.65,9,High,Phone
CX00013,26-35,Latin America,Add-on Services,57,45770.11,7,Low,Phone
CX00014,26-35,Europe,Enterprise Plan,48,29437.01,9,Medium,Phone
CX00015,26-35,Europe,Add-on Services,6,37911.22,1,Low,In-Store
CX00016,26-35,Latin America,Basic Plan,25,19390.15,7,High,Phone
CX00017,55+,North America,Basic Plan,44,44297.03,4,High,Phone
CX00018,18-25,Asia Pacific,Add-on Services,11,22959.32,4,High,Mobile App
CX00019,55+,North America,Enterprise Plan,54,32128.0,9,Low,Mobile App
CX00020,36-45,Europe,Basic Plan,39,16545.72,0,Low,Phone
CX00021,36-45,Europe,Basic Plan,16,43961.48,1,Low,In-Store
CX00022,46-55,North America,Pro Plan,9,33157.67,8,Low,Phone
CX00023,55+,Latin America,Pro Plan,60,27195.16,3,High,Phone
CX00024,46-55,Asia Pacific,Add-on Services,58,26120.0,1,Low,Mobile App
CX00025,18-25,Asia Pacific,Basic Plan,38,27919.12,9,Low,Website
CX00026,18-25,North America,Pro Plan,5,45318.29,5,Low,Live Chat
CX00027,26-35,Asia Pacific,Add-on Services,14,27192.08,9,High,Email
CX00028,26-35,Latin America,Add-on Services,13,5169.13,10,Medium,Phone
CX00029,46-55,Latin America,Add-on Services,56,36589.25,10,High,In-Store
CX00030,18-25,North America,Add-on Services,47,17295.48,1,Low,Mobile App
CX00031,26-35,Latin America,Pro Plan,28,9582.66,7,Low,Website
CX00032,46-55,North America,Basic Plan,42,49964.48,0,Low,Mobile App
CX00033,26-35,Latin America,Add-on Services,31,11080.49,6,Low,Mobile App
CX00034,46-55,North America,Add-on Services,17,46362.64,7,Medium,Email
CX00035,55+,Latin America,Pro Plan,13,15187.04,0,High,In-Store
CX00036,55+,North America,Enterprise Plan,4,2982.05,7,High,Live Chat
CX00037,26-35,North America,Basic Plan,55,9698.34,9,Low,In-Store
CX00038,26-35,Latin America,Basic Plan,57,28698.93,9,High,Website
CX00039,55+,North America,Add-on Services,43,29391.78,8,Medium,Phone
CX00040,26-35,Asia Pacific,Pro Plan,17,20091.4,10,High,Phone
CX00041,46-55,Asia Pacific,Basic Plan,1,23185.13,9,Low,Website
CX00042,55+,Europe,Enterprise Plan,9,46696.34,1,Low,Phone
CX00043,36-45,Europe,Add-on Services,54,27389.29,4,High,In-Store
CX00044,55+,North America,Enterprise Plan,60,33337.74,2,Medium,Website
CX00045,18-25,Europe,Enterprise Plan,19,30439.08,5,Low,In-Store
CX00046,36-45,Latin America,Enterprise Plan,58,45453.87,0,Low,In-Store
CX00047,46-55,Asia Pacific,Basic Plan,1,17011.05,2,High,Phone
CX00048,26-35,Latin America,Add-on Services,36,978.65,1,High,Mobile App
CX00049,55+,North America,Enterprise Plan,38,27849.99,6,Low,Website
CX00050,36-45,Asia Pacific,Basic Plan,58,18211.56,10,Low,In-Store
CX00051,18-25,Asia Pacific,Add-on Services,40,37599.14,3,Low,Mobile App
CX00052,46-55,North America,Pro Plan,48,46262.12,6,High,In-Store
CX00053,26-35,Asia Pacific,Pro Plan,51,35213.27,6,Low,Email
CX00054,26-35,Europe,Add-on Services,23,15606.95,3,Low,Website
CX00055,26-35,Latin America,Enterprise Plan,18,43285.47,4,Medium,In-Store
CX00056,55+,Latin America,Enterprise Plan,2,6209.42,4,Low,Live Chat
CX00057,36-45,North America,Basic Plan,39,22010.91,5,Medium,Live Chat
CX00058,55+,North America,Add-on Services,58,29041.11,4,Low,In-Store
CX00059,46-55,North America,Pro Plan,24,21849.22,10,Medium,Live Chat
CX00060,36-45,North America,Enterprise Plan,33,15809.59,6,Medium,Email
CX00061,36-45,Europe,Pro Plan,27,33414.01,6,High,In-Store
CX00062,26-35,Asia Pacific,Add-on Services,36,41769.4,4,Medium,Mobile App
CX00063,46-55,Asia Pacific,Add-on Services,29,22386.91,3,High,Email
CX00064,26-35,North America,Enterprise Plan,33,33360.76,9,Medium,Website
CX00065,26-35,Asia Pacific,Pro Plan,52,10356.93,0,Low,Mobile App
CX00066,46-55,North America,Add-on Services,27,44363.78,9,Low,In-Store
CX00067,46-55,Latin America,Add-on Services,16,7804.78,0,Low,Email
CX00068,26-35,Europe,Add-on Services,4,28091.59,1,Medium,Mobile App
CX00069,46-55,Asia Pacific,Add-on Services,40,40842.82,8,Medium,Live Chat
CX00070,46-55,Europe,Add-on Services,29,13329.98,3,High,Phone
CX00071,55+,Latin America,Pro Plan,18,22273.69,4,Low,Phone
CX00072,36-45,Asia Pacific,Basic Plan,9,7966.12,6,High,Mobile App
CX00073,26-35,North America,Add-on Services,27,16878.63,7,Medium,Website
CX00074,26-35,Latin America,Add-on Services,58,38604.89,0,High,Email
CX00075,46-55,North America,Enterprise Plan,20,37797.02,6,High,In-Store
CX00076,55+,Europe,Add-on Services,15,14010.3,7,Low,Email
CX00077,36-45,Latin America,Pro Plan,54,23635.81,2,High,Live Chat
CX00078,18-25,Latin America,Basic Plan,6,32316.11,2,Medium,Mobile App
CX00079,18-25,Asia Pacific,Add-on Services,21,10977.18,5,Medium,Email
CX00080,36-45,Latin America,Enterprise Plan,54,4554.36,0,High,Live Chat
CX00081,18-25,Asia Pacific,Pro Plan,42,3896.61,10,Low,Website
CX00082,26-35,Europe,Basic Plan,40,8042.93,2,Medium,In-Store
CX00083,18-25,Europe,Add-on Services,45,13184.06,5,Low,Live Chat
CX00084,55+,North America,Pro Plan,20,5850.89,0,Medium,Live Chat
CX00085,46-55,Latin America,Pro Plan,5,29808.84,10,Low,Website
CX00086,36-45,North America,Basic Plan,23,26870.89,10,Medium,Website
CX00087,55+,Asia Pacific,Basic Plan,55,21292.91,7,Low,Email
CX00088,36-45,Latin America,Pro Plan,28,9218.78,8,High,Phone
CX00089,55+,Latin America,Add-on Services,28,41373.86,9,Medium,Phone
CX00090,26-35,North America,Enterprise Plan,57,22814.7,7,High,Live Chat
CX00091,46-55,Asia Pacific,Basic Plan,32,42622.17,2,Medium,Mobile App
CX00092,36-45,Asia Pacific,Enterprise Plan,18,44075.84,4,High,Website
CX00093,55+,Europe,Basic Plan,16,36143.7,7,High,Mobile App
CX00094,46-55,Latin America,Add-on Services,51,1353.54,4,Low,Email
CX00095,26-35,Asia Pacific,Enterprise Plan,31,27896.91,5,Medium,In-Store
CX00096,55+,Asia Pacific,Enterprise Plan,45,22960.39,4,Medium,Mobile App
CX00097,18-25,Europe,Enterprise Plan,8,37272.61,2,Low,Mobile App
CX00098,46-55,Asia Pacific,Enterprise Plan,7,41715.1,4,Low,Phone
CX00099,26-35,Asia Pacific,Basic Plan,46,26939.69,4,Low,Website
CX00100,55+,Asia Pacific,Pro Plan,41,43488.83,7,Low,Website
CX00101,55+,Asia Pacific,Add-on Services,31,22303.21,2,Low,Phone
CX00102,46-55,North America,Basic Plan,26,24841.45,9,High,In-Store
CX00103,18-25,Europe,Pro Plan,52,28360.56,4,Low,Mobile App
CX00104,18-25,Latin America,Pro Plan,50,26367.34,7,Medium,Phone
CX00105,55+,Latin America,Enterprise Plan,37,31240.85,9,High,Website
CX00106,26-35,Europe,Enterprise Plan,43,4518.78,3,Low,Live Chat
CX00107,18-25,Europe,Basic Plan,27,22799.93,9,Medium,Phone
CX00108,18-25,Europe,Enterprise Plan,46,14494.56,7,Low,In-Store
CX00109,26-35,Asia Pacific,Pro Plan,28,6181.43,3,High,Mobile App
CX00110,36-45,Europe,Basic Plan,4,8713.18,4,High,In-Store
CX00111,55+,Asia Pacific,Add-on Services,8,23700.55,4,High,Email
CX00112,36-45,Latin America,Add-on Services,6,30102.81,6,High,Phone
CX00113,55+,Asia Pacific,Basic Plan,6,11831.76,10,High,Live Chat
CX00114,18-25,Asia Pacific,Basic Plan,49,37935.31,7,High,In-Store
CX00115,46-55,Asia Pacific,Pro Plan,38,22076.31,7,Low,Email
CX00116,36-45,Latin America,Enterprise Plan,21,33671.61,2,Medium,Email
CX00117,46-55,Asia Pacific,Add-on Services,53,38144.74,0,Medium,Website
CX00118,36-45,Asia Pacific,Enterprise Plan,8,48524.14,6,High,Website
CX00119,55+,Latin America,Add-on Services,4,9785.34,5,High,Email
CX00120,46-55,North America,Pro Plan,18,27686.37,4,Medium,In-Store
CX00121,46-55,North America,Basic Plan,41,30639.15,3,High,Mobile App
CX00122,36-45,North America,Add-on Services,6,11622.68,1,Medium,Website
CX00123,26-35,Latin America,Enterprise Plan,33,35417.88,6,Medium,Email
CX00124,26-35,Latin America,Pro Plan,25,9935.21,9,High,In-Store
CX00125,26-35,North America,Enterprise Plan,50,39605.31,6,Medium,Live Chat
CX00126,36-45,North America,Enterprise Plan,47,15278.51,9,High,In-Store
CX00127,46-55,Europe,Add-on Services,35,24474.9,5,High,Live Chat
CX00128,46-55,Latin America,Enterprise Plan,56,9838.29,3,High,Email
CX00129,26-35,Latin America,Basic Plan,21,37362.91,6,Medium,In-Store
CX00130,26-35,Latin America,Basic Plan,9,25363.41,9,Medium,Website
CX00131,46-55,North America,Add-on Services,1,36260.97,6,High,Mobile App
CX00132,18-25,Latin America,Enterprise Plan,22,31351.34,6,High,Website
CX00133,36-45,Latin America,Enterprise Plan,41,36076.51,7,High,Website
CX00134,55+,North America,Pro Plan,41,34377.78,4,Low,In-Store
CX00135,18-25,Latin America,Basic Plan,49,31870.52,1,Medium,Mobile App
CX00136,36-45,North America,Basic Plan,21,39909.1,4,Medium,Phone
CX00137,46-55,Europe,Pro Plan,34,20896.56,10,Low,Mobile App
CX00138,26-35,North America,Add-on Services,40,34315.16,7,High,Mobile App
CX00139,26-35,Latin America,Enterprise Plan,30,13138.67,0,Medium,Phone
CX00140,55+,Europe,Basic Plan,29,47289.16,9,Medium,In-Store
CX00141,46-55,Asia Pacific,Add-on Services,55,15455.02,6,Medium,Website
CX00142,26-35,Latin America,Enterprise Plan,37,15145.68,4,Low,In-Store
CX00143,46-55,Asia Pacific,Basic Plan,37,43320.84,0,High,In-Store
CX00144,46-55,Asia Pacific,Pro Plan,39,40195.63,3,High,Mobile App
CX00145,55+,Asia Pacific,Pro Plan,41,5309.61,10,High,Website
CX00146,36-45,Latin America,Basic Plan,38,18560.63,2,Low,Phone
CX00147,36-45,Latin America,Pro Plan,13,7041.91,8,Medium,Live Chat
CX00148,55+,Asia Pacific,Pro Plan,17,45745.42,7,Medium,In-Store
CX00149,36-45,North America,Add-on Services,5,7467.47,3,High,In-Store
CX00150,46-55,Asia Pacific,Basic Plan,51,20031.44,4,High,Website
CX00151,46-55,Asia Pacific,Enterprise Plan,38,19360.76,10,Medium,Website
CX00152,26-35,Latin America,Basic Plan,40,44269.62,8,Medium,Live Chat
CX00153,26-35,North America,Add-on Services,59,35203.32,10,Medium,Website
CX00154,26-35,North America,Basic Plan,20,49798.41,1,Low,Mobile App
CX00155,55+,Europe,Add-on Services,30,18865.07,8,Medium,Live Chat
CX00156,26-35,Latin America,Basic Plan,54,24722.68,6,Medium,Website
CX00157,36-45,Europe,Add-on Services,29,47552.48,5,Low,In-Store
CX00158,36-45,Asia Pacific,Basic Plan,26,14156.13,1,Medium,Website
CX00159,26-35,North America,Basic Plan,51,17008.7,2,High,Mobile App
CX00160,18-25,Europe,Pro Plan,53,43549.92,5,Low,Live Chat
CX00161,18-25,Asia Pacific,Pro Plan,9,27240.67,2,Low,In-Store
CX00162,18-25,Europe,Basic Plan,23,39604.24,3,High,Phone
CX00163,18-25,Europe,Enterprise Plan,4,6774.55,6,High,Website
CX00164,18-25,Latin America,Add-on Services,50,18420.93,9,Low,Email
CX00165,55+,Europe,Basic Plan,47,39269.74,10,High,Phone
CX00166,46-55,North America,Basic Plan,31,42441.28,6,High,Website
CX00167,46-55,Latin America,Basic Plan,58,4499.13,9,Low,Website
CX00168,26-35,Asia Pacific,Enterprise Plan,25,49734.07,8,Medium,Email
CX00169,55+,Latin America,Basic Plan,51,35238.08,10,High,Live Chat
CX00170,26-35,Latin America,Add-on Services,57,11810.43,5,Medium,Email
CX00171,46-55,North America,Enterprise Plan,28,15969.92,4,Medium,Mobile App
CX00172,46-55,North America,Basic Plan,54,4725.54,6,Low,In-Store
CX00173,36-45,Europe,Basic Plan,38,47852.92,8,Medium,In-Store
CX00174,18-25,Latin America,Enterprise Plan,56,33434.36,6,High,Website
CX00175,36-45,Asia Pacific,Enterprise Plan,7,29106.97,3,Low,In-Store
CX00176,46-55,Europe,Basic Plan,23,42345.98,5,Low,Phone
CX00177,55+,Europe,Add-on Services,55,28267.8,9,High,In-Store
CX00178,55+,North America,Enterprise Plan,2,9430.6,4,Medium,Phone
CX00179,18-25,Europe,Pro Plan,37,33038.56,1,Low,In-Store
CX00180,18-25,North America,Pro Plan,25,21281.71,5,Low,Phone
CX00181,36-45,Asia Pacific,Basic Plan,57,3104.14,2,High,Website
CX00182,18-25,Asia Pacific,Add-on Services,43,21488.73,9,Medium,Email
CX00183,36-45,Europe,Basic Plan,23,21780.72,4,High,In-Store
CX00184,55+,Latin America,Enterprise Plan,3,11415.66,9,Low,Website
CX00185,26-35,Asia Pacific,Pro Plan,50,7293.12,4,Medium,Phone
CX00186,18-25,North America,Add-on Services,48,21817.42,2,Medium,Live Chat
CX00187,26-35,Asia Pacific,Basic Plan,26,43157.34,0,Medium,Website
CX00188,46-55,North America,Enterprise Plan,37,21749.57,6,High,In-Store
CX00189,46-55,Asia Pacific,Basic Plan,26,1532.4,5,Low,Live Chat
CX00190,46-55,Asia Pacific,Basic Plan,28,42301.98,3,Medium,Live Chat
CX00191,46-55,North America,Add-on Services,56,15858.59,5,Low,Phone
CX00192,26-35,North America,Basic Plan,34,25742.63,5,Medium,In-Store
CX00193,26-35,Europe,Basic Plan,10,13170.43,2,High,Mobile App
CX00194,18-25,Europe,Add-on Services,30,37845.07,9,Medium,In-Store
CX00195,55+,Asia Pacific,Enterprise Plan,10,22268.26,7,Medium,In-Store
CX00196,36-45,Asia Pacific,Basic Plan,23,25613.18,4,Medium,Email
CX00197,18-25,North America,Enterprise Plan,54,14710.31,10,Low,Live Chat
CX00198,55+,Latin America,Add-on Services,38,27938.66,0,Medium,Live Chat
CX00199,26-35,Asia Pacific,Add-on Services,33,7967.62,0,Medium,Website
CX00200,36-45,North America,Pro Plan,3,12763.31,7,Medium,Live Chat
CX00201,55+,Europe,Enterprise Plan,24,45937.87,6,Medium,Phone
CX00202,55+,North America,Enterprise Plan,5,16819.69,8,High,Email
CX00203,36-45,Asia Pacific,Pro Plan,22,4534.35,10,Low,Phone
CX00204,36-45,Latin America,Pro Plan,39,35587.28,1,Medium,Live Chat
CX00205,46-55,Asia Pacific,Pro Plan,43,35290.13,10,High,Website
CX00206,46-55,Asia Pacific,Basic Plan,24,15788.87,3,Medium,Email
CX00207,26-35,Europe,Pro Plan,10,4319.67,1,High,Live Chat
CX00208,55+,North America,Enterprise Plan,57,38432.23,2,High,Email
CX00209,26-35,Europe,Pro Plan,54,34795.86,9,Low,In-Store
CX00210,46-55,North America,Add-on Services,24,33979.96,3,Medium,Live Chat
CX00211,36-45,Latin America,Pro Plan,35,12338.84,7,Low,Phone
CX00212,55+,Latin America,Add-on Services,50,14447.7,6,High,Live Chat
CX00213,46-55,Europe,Pro Plan,52,30430.84,4,Low,In-Store
CX00214,46-55,Asia Pacific,Basic Plan,46,42371.67,1,Medium,Website
CX00215,26-35,Asia Pacific,Add-on Services,58,25910.96,6,Low,Mobile App
CX00216,46-55,Asia Pacific,Basic Plan,27,3136.22,8,Medium,Mobile App
CX00217,46-55,North America,Enterprise Plan,15,1895.28,1,High,In-Store
CX00218,36-45,Europe,Pro Plan,3,14700.53,7,High,Mobile App
CX00219,46-55,Latin America,Basic Plan,58,4421.68,4,Low,Mobile App
CX00220,55+,Latin America,Basic Plan,50,14761.03,4,Low,Website
CX00221,26-35,Latin America,Add-on Services,5,5987.47,7,High,Live Chat
CX00222,18-25,Europe,Pro Plan,19,21747.33,9,Medium,Mobile App
CX00223,55+,Latin America,Pro Plan,43,33576.64,8,Medium,Website
CX00224,55+,North America,Add-on Services,56,23771.69,10,Medium,Phone
CX00225,36-45,North America,Enterprise Plan,51,3844.2,3,High,In-Store
CX00226,18-25,Asia Pacific,Pro Plan,3,17938.8,5,High,Mobile App
CX00227,46-55,Latin America,Pro Plan,52,7175.2,7,Low,Phone
CX00228,26-35,North America,Pro Plan,57,2574.34,4,High,Email
CX00229,55+,Latin America,Enterprise Plan,3,37787.9,3,Medium,Phone
CX00230,18-25,Asia Pacific,Enterprise Plan,8,40067.45,6,Medium,In-Store
CX00231,46-55,Latin America,Enterprise Plan,12,25062.06,7,Medium,Live Chat
CX00232,36-45,North America,Add-on Services,6,21815.05,2,High,Phone
CX00233,36-45,North America,Basic Plan,21,33215.5,4,Medium,Live Chat
CX00234,46-55,Europe,Add-on Services,23,22632.92,5,High,Email
CX00235,36-45,North America,Basic Plan,43,32056.87,5,High,In-Store
CX00236,26-35,North America,Pro Plan,55,30574.86,7,Low,Mobile App
CX00237,18-25,Europe,Enterprise Plan,24,19451.29,9,Low,Live Chat
CX00238,26-35,Latin America,Enterprise Plan,24,22474.99,1,High,Mobile App
CX00239,55+,Asia Pacific,Add-on Services,21,32653.26,3,Low,Website
CX00240,26-35,Latin America,Add-on Services,59,28302.8,4,Medium,In-Store
CX00241,46-55,Europe,Enterprise Plan,45,45865.71,7,Low,Website
CX00242,26-35,North America,Add-on Services,12,44984.61,7,Low,In-Store
CX00243,36-45,Asia Pacific,Basic Plan,36,27337.48,4,Low,In-Store
CX00244,26-35,Asia Pacific,Pro Plan,8,49264.06,2,Low,Email
CX00245,18-25,Asia Pacific,Enterprise Plan,30,40281.26,8,Low,Live Chat
CX00246,18-25,North America,Enterprise Plan,26,49979.95,7,High,Email
CX00247,46-55,North America,Pro Plan,21,32295.76,7,Medium,In-Store
CX00248,55+,Asia Pacific,Pro Plan,57,41538.16,8,High,Live Chat
CX00249,26-35,Europe,Add-on Services,33,45580.26,0,Low,Live Chat
CX00250,26-35,Asia Pacific,Pro Plan,11,16471.71,3,Medium,Live Chat
CX00251,36-45,North America,Enterprise Plan,13,31935.33,8,Medium,Mobile App
CX00252,36-45,North America,Pro Plan,38,47109.55,2,Low,In-Store
CX00253,55+,Asia Pacific,Basic Plan,53,43257.17,1,Low,In-Store
CX00254,55+,Asia Pacific,Pro Plan,50,28820.79,9,High,Website
CX00255,46-55,Asia Pacific,Enterprise Plan,31,12621.46,10,Medium,Phone
CX00256,46-55,North America,Basic Plan,11,22260.47,7,Medium,Mobile App
CX00257,36-45,Europe,Enterprise Plan,56,36058.96,5,Medium,Mobile App
CX00258,36-45,North America,Enterprise Plan,16,23590.39,4,Medium,Mobile App
CX00259,26-35,North America,Basic Plan,19,47296.55,9,Medium,Mobile App
CX00260,26-35,Asia Pacific,Enterprise Plan,13,38274.51,7,High,Email
CX00261,46-55,Asia Pacific,Add-on Services,2,4957.43,6,High,Email
CX00262,26-35,Europe,Enterprise Plan,4,3001.75,7,High,In-Store
CX00263,46-55,Asia Pacific,Basic Plan,55,5821.11,2,Medium,In-Store
CX00264,36-45,Latin America,Enterprise Plan,3,20328.79,9,High,Mobile App
CX00265,36-45,Asia Pacific,Basic Plan,25,25460.65,8,Medium,Live Chat
CX00266,55+,North America,Pro Plan,7,19998.23,5,High,Phone
CX00267,26-35,Europe,Add-on Services,33,2492.62,0,Low,In-Store
CX00268,36-45,Latin America,Add-on Services,10,30509.9,8,Low,Phone
CX00269,55+,Asia Pacific,Pro Plan,26,49535.48,4,High,Phone
CX00270,55+,Latin America,Enterprise Plan,31,40879.57,5,Medium,In-Store
CX00271,18-25,Latin America,Enterprise Plan,51,44988.97,10,Low,Live Chat
CX00272,46-55,Asia Pacific,Pro Plan,47,3042.08,7,Low,Live Chat
CX00273,55+,Latin America,Pro Plan,53,34195.98,0,High,In-Store
CX00274,18-25,Europe,Basic Plan,29,16027.78,2,Medium,In-Store
CX00275,26-35,Latin America,Add-on Services,56,42494.66,0,High,Mobile App
CX00276,55+,Europe,Enterprise Plan,43,24179.36,6,Medium,Mobile App
CX00277,46-55,Asia Pacific,Enterprise Plan,44,38713.49,10,High,In-Store
CX00278,36-45,Latin America,Pro Plan,16,14310.82,4,Low,Phone
CX00279,36-45,Europe,Add-on Services,21,24250.27,8,High,Phone
CX00280,36-45,North America,Add-on Services,58,49017.95,5,Low,Phone
CX00281,18-25,Asia Pacific,Basic Plan,23,46238.48,10,Medium,In-Store
CX00282,46-55,Europe,Pro Plan,53,27159.61,8,High,Phone
CX00283,26-35,North America,Pro Plan,16,3012.89,8,Low,In-Store
CX00284,26-35,North America,Basic Plan,27,16849.53,7,Low,In-Store
CX00285,26-35,North America,Pro Plan,27,32818.19,7,Medium,In-Store
CX00286,26-35,Asia Pacific,Enterprise Plan,19,32471.95,1,High,Live Chat
CX00287,26-35,North America,Pro Plan,27,44171.13,2,Low,Email
CX00288,46-55,Europe,Enterprise Plan,57,2354.58,4,High,Live Chat
CX00289,18-25,Asia Pacific,Enterprise Plan,30,49460.42,8,High,Email
CX00290,26-35,Latin America,Enterprise Plan,13,40536.29,5,Low,In-Store
CX00291,46-55,Asia Pacific,Pro Plan,1,36962.59,4,High,In-Store
CX00292,26-35,Europe,Add-on Services,53,21671.31,5,Low,Email
CX00293,18-25,Europe,Pro Plan,31,16518.28,3,Low,Phone
CX00294,46-55,Europe,Add-on Services,49,13716.22,5,Medium,Live Chat
CX00295,55+,North America,Enterprise Plan,42,18297.83,3,Low,In-Store
CX00296,18-25,Latin America,Enterprise Plan,11,20568.12,8,High,Phone
CX00297,18-25,Asia Pacific,Enterprise Plan,40,11432.04,2,Medium,Mobile App
CX00298,46-55,Asia Pacific,Add-on Services,45,27687.11,7,High,In-Store
CX00299,26-35,Europe,Basic Plan,34,22614.02,5,Low,Live Chat
CX00300,18-25,North America,Pro Plan,37,27064.68,2,Medium,Live Chat
CX00301,46-55,North America,Pro Plan,46,29365.81,1,High,Email
CX00302,18-25,Latin America,Pro Plan,33,21063.52,9,Low,Live Chat
CX00303,46-55,Asia Pacific,Basic Plan,26,13095.63,0,High,Mobile App
CX00304,55+,North America,Basic Plan,28,17554.18,1,High,Website
CX00305,18-25,Latin America,Basic Plan,19,20738.91,2,High,In-Store
CX00306,46-55,Asia Pacific,Add-on Services,29,43546.2,6,Medium,Website
CX00307,55+,Europe,Enterprise Plan,8,9334.44,8,Medium,Live Chat
CX00308,26-35,Europe,Basic Plan,49,1625.4,4,Medium,In-Store
CX00309,55+,Latin America,Add-on Services,53,11868.37,7,Medium,Mobile App
CX00310,36-45,Europe,Basic Plan,3,40569.17,6,High,Website
CX00311,26-35,Europe,Basic Plan,7,29900.24,7,High,In-Store
CX00312,18-25,Europe,Basic Plan,26,22228.66,8,Low,Website
CX00313,26-35,Asia Pacific,Pro Plan,53,45861.65,9,Medium,Live Chat
CX00314,55+,Asia Pacific,Pro Plan,20,43874.79,10,High,Mobile App
CX00315,46-55,Asia Pacific,Enterprise Plan,4,28057.55,9,High,Mobile App
CX00316,46-55,Latin America,Basic Plan,23,47108.53,10,Medium,Live Chat
CX00317,36-45,Latin America,Add-on Services,10,15344.48,2,High,Email
CX00318,26-35,Europe,Enterprise Plan,55,35525.05,7,Low,Live Chat
CX00319,46-55,Latin America,Pro Plan,25,12521.5,3,Medium,In-Store
CX00320,18-25,Latin America,Enterprise Plan,6,27013.96,3,Low,Phone
CX00321,46-55,North America,Basic Plan,13,40330.21,9,High,In-Store
CX00322,55+,Europe,Add-on Services,14,43538.96,5,Medium,Website
CX00323,26-35,Europe,Basic Plan,48,49978.81,7,Low,In-Store
CX00324,55+,Europe,Add-on Services,59,12346.88,5,Medium,Email
CX00325,46-55,Asia Pacific,Enterprise Plan,17,18302.41,7,Medium,Website
CX00326,46-55,Asia Pacific,Pro Plan,24,15989.64,0,High,Mobile App
CX00327,26-35,North America,Enterprise Plan,36,46770.53,9,High,Email
CX00328,36-45,Europe,Pro Plan,22,11885.92,9,Low,Email
CX00329,55+,Asia Pacific,Enterprise Plan,49,41168.8,10,High,Email
CX00330,46-55,Europe,Enterprise Plan,11,7427.95,8,Medium,Mobile App
CX00331,55+,North America,Basic Plan,54,42411.52,10,Low,Website
CX00332,46-55,Europe,Pro Plan,5,35504.89,0,Low,Live Chat
CX00333,46-55,Asia Pacific,Basic Plan,40,32067.57,9,Medium,In-Store
CX00334,46-55,North America,Basic Plan,35,27806.36,0,Low,Live Chat
CX00335,36-45,Asia Pacific,Basic Plan,33,40751.28,10,Medium,Mobile App
CX00336,18-25,North America,Pro Plan,16,10000.64,8,Medium,Phone
CX00337,36-45,Latin America,Basic Plan,24,47985.24,7,High,Mobile App
CX00338,26-35,Asia Pacific,Basic Plan,42,49587.9,10,Low,Website
CX00339,46-55,Latin America,Add-on Services,36,24062.25,10,Low,In-Store
CX00340,26-35,North America,Add-on Services,55,21978.53,5,High,Website
CX00341,55+,North America,Pro Plan,14,45113.01,9,Medium,Phone
CX00342,18-25,North America,Enterprise Plan,58,27380.02,10,Low,Mobile App
CX00343,36-45,North America,Pro Plan,38,7637.48,6,Low,Phone
CX00344,26-35,Europe,Add-on Services,44,44878.03,5,Medium,In-Store
CX00345,26-35,North America,Enterprise Plan,4,5335.45,3,Low,Phone
CX00346,55+,Latin America,Enterprise Plan,2,31889.09,7,Medium,Mobile App
CX00347,36-45,Latin America,Add-on Services,12,34144.9,10,Medium,Website
CX00348,55+,Asia Pacific,Pro Plan,46,4138.58,4,Low,Email
CX00349,26-35,Latin America,Enterprise Plan,24,5774.27,0,Medium,Email
CX00350,36-45,Asia Pacific,Basic Plan,9,4821.21,6,Medium,Live Chat
CX00351,55+,Latin America,Basic Plan,2,4936.13,8,Low,Live Chat
CX00352,55+,Asia Pacific,Add-on Services,1,14946.44,6,Low,In-Store
CX00353,55+,Europe,Pro Plan,44,19346.24,2,Medium,Phone
CX00354,36-45,Latin America,Pro Plan,5,8776.77,4,Medium,Phone
CX00355,46-55,North America,Enterprise Plan,17,47239.0,10,Medium,Live Chat
CX00356,55+,Europe,Add-on Services,7,7206.73,0,Medium,Phone
CX00357,55+,Latin America,Enterprise Plan,29,17069.44,10,High,Mobile App
CX00358,36-45,Asia Pacific,Pro Plan,31,16052.07,6,Medium,Phone
CX00359,46-55,Europe,Enterprise Plan,25,14374.86,6,Medium,Website
CX00360,55+,Europe,Pro Plan,44,38497.09,0,High,Email
CX00361,26-35,Latin America,Enterprise Plan,54,34795.35,6,High,Email
CX00362,26-35,Asia Pacific,Pro Plan,17,33103.82,6,Medium,Website
CX00363,46-55,Latin America,Add-on Services,35,25577.33,6,High,Website
CX00364,36-45,North America,Basic Plan,50,12787.43,10,Medium,Mobile App
CX00365,55+,North America,Add-on Services,49,16914.04,6,Low,Website
CX00366,18-25,Asia Pacific,Pro Plan,33,37469.22,8,High,In-Store
CX00367,55+,Europe,Add-on Services,24,19861.14,10,High,In-Store
CX00368,55+,Europe,Enterprise Plan,2,24397.17,4,Medium,Website
CX00369,18-25,Europe,Enterprise Plan,20,17481.8,3,High,Email
CX00370,36-45,Latin America,Basic Plan,29,36238.7,7,Medium,Website
CX00371,36-45,North America,Basic Plan,2,42534.41,10,Low,In-Store
CX00372,26-35,Europe,Pro Plan,36,8426.72,8,Medium,Email
CX00373,26-35,Latin America,Pro Plan,12,32203.7,6,Medium,Website
CX00374,55+,Europe,Add-on Services,38,21762.87,0,High,Mobile App
CX00375,26-35,Asia Pacific,Basic Plan,37,5536.73,8,Low,Phone
CX00376,36-45,Europe,Add-on Services,8,13486.49,7,High,In-Store
CX00377,36-45,Latin America,Add-on Services,38,6154.49,5,Medium,Live Chat
CX00378,26-35,Asia Pacific,Basic Plan,44,7130.41,1,Low,Phone
CX00379,18-25,Europe,Enterprise Plan,45,7497.25,6,Medium,Live Chat
CX00380,26-35,Latin America,Add-on Services,12,24590.18,8,High,In-Store
CX00381,26-35,Europe,Add-on Services,19,7444.68,5,Medium,Live Chat
CX00382,18-25,Asia Pacific,Basic Plan,32,7258.47,6,High,Live Chat
CX00383,46-55,Latin America,Add-on Services,27,35652.05,7,Medium,Mobile App
CX00384,18-25,North America,Pro Plan,19,2118.41,3,High,Phone
CX00385,26-35,Latin America,Add-on Services,36,25784.9,9,Low,Phone
CX00386,55+,Asia Pacific,Basic Plan,49,36089.52,8,Low,Email
CX00387,18-25,Europe,Enterprise Plan,56,49965.98,7,Medium,Phone
CX00388,18-25,Latin America,Basic Plan,50,40688.5,3,High,Live Chat
CX00389,36-45,Latin America,Pro Plan,40,7392.13,3,Low,Website
CX00390,55+,Asia Pacific,Enterprise Plan,39,27169.04,5,High,Phone
CX00391,36-45,Asia Pacific,Basic Plan,9,48157.21,6,Low,Phone
CX00392,26-35,Europe,Pro Plan,10,35714.05,3,High,Email
CX00393,46-55,Europe,Enterprise Plan,41,21004.14,7,Low,In-Store
CX00394,18-25,Latin America,Enterprise Plan,45,46848.64,5,Medium,Email
CX00395,36-45,North America,Basic Plan,47,48621.44,10,High,In-Store
CX00396,36-45,North America,Add-on Services,14,48422.36,3,Medium,Phone
CX00397,36-45,Asia Pacific,Enterprise Plan,36,29107.72,9,Medium,Phone
CX00398,18-25,North America,Basic Plan,41,39302.54,7,Low,Website
CX00399,26-35,Latin America,Add-on Services,1,49595.99,6,Low,In-Store
CX00400,26-35,Asia Pacific,Pro Plan,56,46669.92,4,Low,In-Store
CX00401,36-45,Asia Pacific,Basic Plan,24,33393.19,10,Low,Website
CX00402,46-55,Asia Pacific,Pro Plan,28,32946.52,1,Low,Mobile App
CX00403,46-55,North America,Pro Plan,38,11696.45,10,Medium,Website
CX00404,18-25,Asia Pacific,Basic Plan,56,21404.54,2,Medium,Website
CX00405,26-35,Latin America,Basic Plan,47,40394.86,1,Medium,Phone
CX00406,36-45,Europe,Add-on Services,50,40761.71,2,High,In-Store
CX00407,26-35,North America,Basic Plan,40,32676.0,7,Medium,In-Store
CX00408,26-35,Europe,Add-on Services,40,34485.03,3,Low,Website
CX00409,26-35,North America,Add-on Services,23,48180.81,5,Low,Mobile App
CX00410,36-45,North America,Pro Plan,36,30249.45,9,Medium,In-Store
CX00411,18-25,Asia Pacific,Pro Plan,34,30542.88,3,High,Email
CX00412,36-45,North America,Pro Plan,32,19601.34,3,Medium,In-Store
CX00413,55+,North America,Basic Plan,24,46729.26,2,Medium,Live Chat
CX00414,46-55,Asia Pacific,Pro Plan,49,23815.22,1,Low,Live Chat
CX00415,18-25,North America,Enterprise Plan,14,2471.43,0,Medium,Live Chat
CX00416,36-45,Latin America,Add-on Services,45,20412.73,10,High,Live Chat
CX00417,55+,Europe,Enterprise Plan,6,15840.39,8,Low,Mobile App
CX00418,55+,Asia Pacific,Add-on Services,38,31897.57,10,High,In-Store
CX00419,18-25,Asia Pacific,Add-on Services,47,47694.68,3,Low,Mobile App
CX00420,18-25,Latin America,Basic Plan,30,30808.69,0,Medium,In-Store
CX00421,26-35,North America,Basic Plan,46,7291.98,0,Low,Email
CX00422,36-45,Asia Pacific,Pro Plan,24,6783.07,4,High,Website
CX00423,18-25,Asia Pacific,Add-on Services,18,26430.78,4,High,Live Chat
CX00424,18-25,Latin America,Add-on Services,33,18326.13,7,High,Mobile App
CX00425,36-45,Europe,Enterprise Plan,50,5593.79,9,High,In-Store
CX00426,18-25,Europe,Basic Plan,3,43005.11,0,Low,Website
CX00427,46-55,Asia Pacific,Add-on Services,59,7929.19,0,High,In-Store
CX00428,46-55,Europe,Enterprise Plan,16,21104.7,5,Medium,Website
CX00429,55+,Asia Pacific,Basic Plan,33,33829.62,0,Low,Mobile App
CX00430,55+,North America,Add-on Services,5,43911.07,4,Medium,Phone
CX00431,18-25,Latin America,Basic Plan,24,10433.22,9,Medium,In-Store
CX00432,55+,Europe,Add-on Services,24,29788.7,7,Low,In-Store
CX00433,55+,Europe,Pro Plan,1,46653.68,0,Low,Live Chat
CX00434,36-45,North America,Enterprise Plan,1,38066.99,6,High,In-Store
CX00435,36-45,North America,Pro Plan,34,49164.23,6,Medium,Website
CX00436,26-35,Asia Pacific,Basic Plan,3,46103.08,8,Medium,In-Store
CX00437,36-45,Latin America,Basic Plan,38,5231.06,2,High,Email
CX00438,18-25,North America,Add-on Services,43,48228.8,3,Medium,Phone
CX00439,36-45,Latin America,Enterprise Plan,21,22911.51,3,Low,Mobile App
CX00440,26-35,North America,Pro Plan,7,8636.56,7,Medium,Email
CX00441,18-25,Asia Pacific,Pro Plan,29,15761.23,4,Low,Website
CX00442,26-35,Asia Pacific,Basic Plan,14,41878.28,5,Low,Website
CX00443,26-35,Asia Pacific,Add-on Services,33,2923.06,4,Medium,Mobile App
CX00444,18-25,Latin America,Add-on Services,36,37529.88,3,Low,Email
CX00445,18-25,Europe,Basic Plan,1,3552.62,3,Low,Mobile App
CX00446,46-55,Asia Pacific,Basic Plan,38,29512.88,1,Low,Website
CX00447,26-35,Latin America,Pro Plan,6,45301.36,5,Low,Website
CX00448,46-55,North America,Pro Plan,60,28907.27,6,Medium,Website
CX00449,46-55,Latin America,Pro Plan,23,11128.45,2,Medium,Phone
CX00450,46-55,Europe,Basic Plan,40,31149.24,3,High,Phone
CX00451,46-55,Latin America,Add-on Services,4,4842.22,6,Low,Email
CX00452,26-35,Europe,Basic Plan,25,39204.83,5,Medium,Live Chat
CX00453,46-55,Asia Pacific,Enterprise Plan,25,13886.57,0,Medium,Live Chat
CX00454,26-35,North America,Enterprise Plan,4,40528.37,7,High,Phone
CX00455,55+,Europe,Pro Plan,7,12768.92,3,Medium,Live Chat
CX00456,18-25,Europe,Add-on Services,23,46792.7,2,Low,Mobile App
CX00457,55+,Asia Pacific,Enterprise Plan,59,29782.34,5,High,Live Chat
CX00458,26-35,Europe,Add-on Services,35,15798.13,7,Low,Website
CX00459,18-25,Europe,Pro Plan,2,26559.2,0,Medium,Live Chat
CX00460,26-35,Europe,Enterprise Plan,46,9284.26,5,Low,Website
CX00461,26-35,Europe,Basic Plan,55,26551.6,5,Low,Phone
CX00462,46-55,North America,Enterprise Plan,20,16468.86,2,High,Email
CX00463,46-55,Asia Pacific,Pro Plan,46,48452.77,9,Medium,Mobile App
CX00464,55+,Europe,Add-on Services,20,36832.75,4,Low,Mobile App
CX00465,18-25,Latin America,Basic Plan,12,30318.24,9,Low,In-Store
CX00466,55+,North America,Add-on Services,10,16892.84,1,Low,Phone
CX00467,36-45,Europe,Basic Plan,53,35593.81,10,High,Phone
CX00468,46-55,North America,Enterprise Plan,14,12852.27,1,Medium,Phone
CX00469,18-25,North America,Basic Plan,25,22191.9,6,Low,Email
CX00470,46-55,Latin America,Enterprise Plan,35,19079.7,7,High,In-Store
CX00471,26-35,Europe,Add-on Services,5,40060.13,0,Medium,Website
CX00472,36-45,Asia Pacific,Basic Plan,5,17419.51,6,Low,In-Store
CX00473,18-25,North America,Enterprise Plan,39,49271.17,7,High,Website
CX00474,46-55,Europe,Add-on Services,11,3151.01,5,Low,Mobile App
CX00475,46-55,Asia Pacific,Enterprise Plan,20,12258.64,0,Medium,Live Chat
CX00476,55+,Latin America,Pro Plan,4,18361.03,6,Low,Phone
CX00477,55+,Latin America,Pro Plan,7,1773.92,2,High,Phone
CX00478,18-25,Latin America,Basic Plan,20,39351.39,7,Medium,In-Store
CX00479,36-45,North America,Add-on Services,12,18865.52,6,Medium,Mobile App
CX00480,46-55,North America,Enterprise Plan,29,23520.37,3,Medium,Live Chat
CX00481,18-25,Europe,Basic Plan,6,33572.99,8,Medium,Live Chat
CX00482,26-35,North America,Add-on Services,53,26367.82,8,High,Email
CX00483,55+,Europe,Add-on Services,20,4408.27,0,High,Live Chat
CX00484,55+,Europe,Basic Plan,49,22727.47,2,Low,Mobile App
CX00485,26-35,North America,Add-on Services,6,49419.86,6,Low,In-Store
CX00486,26-35,Asia Pacific,Enterprise Plan,59,36491.6,1,Low,Email
CX00487,55+,Latin America,Enterprise Plan,55,14171.94,7,Low,In-Store
CX00488,55+,Latin America,Basic Plan,27,7907.29,9,High,Live Chat
CX00489,18-25,North America,Basic Plan,51,14661.6,8,Medium,Email
CX00490,36-45,Latin America,Add-on Services,37,30643.63,0,Low,Phone
CX00491,46-55,Europe,Add-on Services,3,20091.74,5,High,Mobile App
CX00492,18-25,Latin America,Enterprise Plan,58,18935.81,5,Medium,Phone
CX00493,36-45,Latin America,Basic Plan,56,11783.89,4,High,Email
CX00494,36-45,Asia Pacific,Add-on Services,39,32454.96,3,Medium,Mobile App
CX00495,46-55,Latin America,Enterprise Plan,53,3282.19,2,Low,Phone
CX00496,55+,Latin America,Pro Plan,50,42639.12,9,Low,Mobile App
CX00497,26-35,Europe,Basic Plan,16,2137.02,0,Medium,In-Store
CX00498,26-35,Asia Pacific,Enterprise Plan,53,23478.81,6,High,Website
CX00499,18-25,Europe,Enterprise Plan,32,29905.16,2,Medium,Live Chat
CX00500,55+,Asia Pacific,Enterprise Plan,11,41963.86,4,High,In-Store
CX00501,18-25,Asia Pacific,Basic Plan,25,2957.73,9,Low,Mobile App
CX00502,26-35,Europe,Enterprise Plan,42,20770.61,0,High,Website
CX00503,46-55,Europe,Pro Plan,39,40142.81,3,Medium,Live Chat
CX00504,36-45,Asia Pacific,Add-on Services,58,19135.53,5,Medium,Phone
CX00505,26-35,Latin America,Enterprise Plan,44,26271.58,9,Medium,Live Chat
CX00506,18-25,North America,Enterprise Plan,36,32543.43,9,Medium,Phone
CX00507,18-25,Latin America,Basic Plan,22,49423.87,10,Medium,Phone
CX00508,36-45,Asia Pacific,Pro Plan,10,26106.03,3,Low,Live Chat
CX00509,46-55,Asia Pacific,Pro Plan,47,1760.04,7,Medium,Phone
CX00510,46-55,Latin America,Add-on Services,48,2248.29,9,Low,Phone
CX00511,26-35,Latin America,Enterprise Plan,33,15359.64,2,High,Live Chat
CX00512,26-35,Asia Pacific,Basic Plan,31,6833.23,4,High,Live Chat
CX00513,26-35,Asia Pacific,Basic Plan,15,18086.53,4,Medium,Phone
CX00514,36-45,Asia Pacific,Enterprise Plan,30,42635.09,7,Low,In-Store
CX00515,55+,North America,Add-on Services,57,10129.92,1,High,Email
CX00516,55+,Asia Pacific,Add-on Services,4,43607.03,2,Low,Mobile App
CX00517,36-45,Latin America,Add-on Services,10,16160.98,2,Low,Email
CX00518,36-45,Europe,Enterprise Plan,41,3371.67,7,Medium,Mobile App
CX00519,26-35,Europe,Add-on Services,51,38296.67,1,Low,Live Chat
CX00520,46-55,Latin America,Add-on Services,28,48283.73,6,Low,Website
CX00521,55+,Europe,Enterprise Plan,1,44654.32,8,Low,Website
CX00522,18-25,Europe,Pro Plan,45,43910.76,4,Low,Website
CX00523,46-55,Asia Pacific,Pro Plan,5,41280.27,4,Medium,Email
CX00524,55+,Asia Pacific,Add-on Services,57,34495.62,2,Medium,Email
CX00525,36-45,Europe,Pro Plan,59,45951.17,6,Low,Mobile App
CX00526,26-35,Europe,Pro Plan,47,1584.71,8,Low,Website
CX00527,36-45,North America,Add-on Services,57,32195.89,8,High,Website
CX00528,55+,North America,Basic Plan,42,41887.94,0,High,Website
CX00529,46-55,Latin America,Add-on Services,8,27590.48,7,High,Mobile App
CX00530,26-35,North America,Enterprise Plan,27,33252.4,10,High,Phone
CX00531,55+,Europe,Add-on Services,54,44981.79,8,High,Live Chat
CX00532,18-25,Asia Pacific,Basic Plan,51,5760.05,3,High,Mobile App
CX00533,36-45,Europe,Enterprise Plan,46,20782.93,2,Low,Live Chat
CX00534,46-55,Europe,Add-on Services,22,12108.01,0,High,Website
CX00535,18-25,Latin America,Pro Plan,6,39086.55,1,High,In-Store
CX00536,18-25,Asia Pacific,Pro Plan,30,49438.96,4,Medium,Email
CX00537,18-25,North America,Pro Plan,56,2452.5,4,Medium,In-Store
CX00538,36-45,Latin America,Basic Plan,7,42636.67,0,Low,Mobile App
CX00539,26-35,Asia Pacific,Enterprise Plan,58,22166.87,9,Medium,In-Store
CX00540,18-25,Asia Pacific,Enterprise Plan,12,6134.68,6,Medium,Phone
CX00541,46-55,Latin America,Add-on Services,42,44363.13,2,Low,Mobile App
CX00542,18-25,Europe,Basic Plan,27,45605.72,7,High,In-Store
CX00543,46-55,Europe,Add-on Services,50,18250.65,0,High,In-Store
CX00544,26-35,Latin America,Add-on Services,8,44435.9,7,Low,Website
CX00545,36-45,Asia Pacific,Basic Plan,46,43482.45,8,High,Live Chat
CX00546,55+,Europe,Enterprise Plan,34,26393.61,9,Low,Email
CX00547,26-35,Latin America,Enterprise Plan,43,33976.63,6,Low,Live Chat
CX00548,55+,North America,Basic Plan,42,46751.39,8,Medium,Email
CX00549,26-35,North America,Add-on Services,21,12424.14,4,Low,Live Chat
CX00550,26-35,Latin America,Add-on Services,53,12132.5,7,Medium,Live Chat
CX00551,46-55,North America,Add-on Services,29,16145.05,7,High,In-Store
CX00552,18-25,North America,Add-on Services,27,2273.68,8,Low,Website
CX00553,55+,Asia Pacific,Pro Plan,42,33737.98,5,Medium,Website
CX00554,26-35,Latin America,Enterprise Plan,36,38487.11,9,Medium,In-Store
CX00555,36-45,Latin America,Basic Plan,7,38086.34,3,Low,Phone
CX00556,36-45,Asia Pacific,Enterprise Plan,45,5762.95,2,Medium,Mobile App
CX00557,46-55,North America,Enterprise Plan,40,10198.11,1,Medium,Mobile App
CX00558,46-55,Europe,Enterprise Plan,7,37978.89,0,High,In-Store
CX00559,55+,North America,Add-on Services,30,33093.61,8,Low,Email
CX00560,18-25,North America,Add-on Services,54,29463.48,8,Low,In-Store
CX00561,55+,Europe,Pro Plan,7,19676.58,9,High,Phone
CX00562,55+,Latin America,Add-on Services,39,45837.56,3,Medium,Email
CX00563,36-45,Asia Pacific,Add-on Services,52,7101.91,6,High,In-Store
CX00564,55+,Asia Pacific,Enterprise Plan,46,36972.52,8,High,Mobile App
CX00565,26-35,Europe,Enterprise Plan,44,17592.03,10,Low,In-Store
CX00566,26-35,Asia Pacific,Basic Plan,49,17935.77,7,High,Live Chat
CX00567,46-55,Asia Pacific,Add-on Services,52,1132.14,1,Low,Email
CX00568,26-35,North America,Basic Plan,13,13715.42,2,Medium,In-Store
CX00569,36-45,Europe,Basic Plan,45,39325.69,3,High,Website
CX00570,36-45,Latin America,Basic Plan,40,43467.75,8,Low,In-Store
CX00571,55+,Latin America,Pro Plan,33,39323.21,4,High,In-Store
CX00572,18-25,Latin America,Add-on Services,27,47856.75,10,Medium,Live Chat
CX00573,18-25,North America,Enterprise Plan,13,31217.8,7,Low,In-Store
CX00574,36-45,Europe,Pro Plan,19,22716.34,10,Low,Mobile App
CX00575,26-35,North America,Add-on Services,3,21711.14,8,Medium,Mobile App
CX00576,26-35,Asia Pacific,Basic Plan,22,23583.4,2,Low,Mobile App
CX00577,36-45,North America,Enterprise Plan,32,39600.46,8,Medium,Website
CX00578,36-45,Europe,Pro Plan,34,3874.74,8,Low,Email
CX00579,55+,Latin America,Basic Plan,23,11449.31,3,High,Phone
CX00580,36-45,Asia Pacific,Enterprise Plan,14,47540.26,9,High,Email
CX00581,55+,North America,Basic Plan,43,17627.36,3,High,Live Chat
CX00582,55+,Europe,Basic Plan,44,44340.18,6,Low,Email
CX00583,36-45,Asia Pacific,Basic Plan,59,26084.96,5,High,Live Chat
CX00584,46-55,Latin America,Basic Plan,19,44964.94,3,Medium,Live Chat
CX00585,18-25,North America,Pro Plan,50,27129.75,0,High,Website
CX00586,26-35,Europe,Add-on Services,54,5644.38,8,High,In-Store
CX00587,46-55,North America,Pro Plan,2,23231.65,5,Low,Website
CX00588,18-25,North America,Pro Plan,51,12969.45,1,High,Mobile App
CX00589,36-45,Latin America,Add-on Services,29,31695.75,6,Medium,Website
CX00590,46-55,North America,Basic Plan,42,36154.14,1,High,Live Chat
CX00591,18-25,North America,Enterprise Plan,60,25390.43,4,High,Phone
CX00592,55+,North America,Enterprise Plan,49,46371.2,6,Medium,In-Store
CX00593,18-25,Latin America,Pro Plan,35,11383.35,6,High,Phone
CX00594,26-35,Asia Pacific,Enterprise Plan,1,27899.45,8,Low,Website
CX00595,18-25,North America,Add-on Services,35,27602.51,1,Medium,Mobile App
CX00596,36-45,Europe,Add-on Services,58,32473.61,8,Low,Mobile App
CX00597,26-35,Europe,Enterprise Plan,13,6173.82,10,High,Website
CX00598,55+,Latin America,Basic Plan,19,33748.42,4,Low,Mobile App
CX00599,55+,Latin America,Enterprise Plan,23,6846.65,10,Low,Website
CX00600,36-45,North America,Pro Plan,21,24550.13,5,High,In-Store
CX00601,36-45,Europe,Enterprise Plan,52,16158.49,6,Low,Website
CX00602,36-45,Europe,Pro Plan,46,37120.9,6,Medium,Phone
CX00603,26-35,Asia Pacific,Add-on Services,30,22545.22,4,Medium,Live Chat
CX00604,18-25,Europe,Basic Plan,54,14390.49,2,High,Mobile App
CX00605,36-45,North America,Basic Plan,58,1422.2,8,High,Website
CX00606,55+,Latin America,Pro Plan,59,2314.49,4,High,Live Chat
CX00607,46-55,Europe,Enterprise Plan,26,11553.68,9,High,Phone
CX00608,26-35,Latin America,Basic Plan,26,18511.35,0,High,Mobile App
CX00609,55+,Europe,Pro Plan,29,8381.51,9,High,In-Store
CX00610,26-35,Latin America,Enterprise Plan,3,11331.55,7,Low,Website
CX00611,36-45,Asia Pacific,Pro Plan,3,33594.99,8,Medium,Email
CX00612,46-55,Latin America,Basic Plan,3,49039.19,5,Low,In-Store
CX00613,55+,Asia Pacific,Enterprise Plan,38,27445.33,2,Medium,In-Store
CX00614,46-55,Asia Pacific,Basic Plan,34,12953.53,3,High,Email
CX00615,36-45,Asia Pacific,Add-on Services,51,24364.45,9,Low,Live Chat
CX00616,26-35,Latin America,Pro Plan,15,4315.87,10,Medium,Mobile App
CX00617,26-35,Europe,Pro Plan,24,30300.0,1,High,Mobile App
CX00618,46-55,Asia Pacific,Basic Plan,31,33923.86,7,Low,Live Chat
CX00619,26-35,Latin America,Basic Plan,16,2635.64,9,High,Mobile App
CX00620,26-35,North America,Pro Plan,4,8733.9,2,High,Email
CX00621,55+,North America,Enterprise Plan,6,11221.37,9,Medium,Email
CX00622,26-35,Europe,Add-on Services,39,7564.25,9,Low,Live Chat
CX00623,55+,Asia Pacific,Pro Plan,47,34436.76,7,High,Live Chat
CX00624,18-25,Europe,Add-on Services,25,7044.55,0,Low,Live Chat
CX00625,55+,Latin America,Pro Plan,39,5266.78,7,High,Live Chat
CX00626,18-25,North America,Basic Plan,31,33139.93,9,High,Website
CX00627,46-55,Latin America,Enterprise Plan,56,2650.2,8,Medium,Mobile App
CX00628,46-55,Latin America,Enterprise Plan,38,40328.74,9,Low,Email
CX00629,26-35,Asia Pacific,Add-on Services,50,12009.39,1,Medium,Live Chat
CX00630,55+,Latin America,Enterprise Plan,13,770.74,0,High,Live Chat
CX00631,18-25,North America,Add-on Services,42,10668.23,5,Medium,Phone
CX00632,18-25,Europe,Add-on Services,42,29475.82,4,High,Email
CX00633,55+,Asia Pacific,Enterprise Plan,44,20173.98,3,Medium,Live Chat
CX00634,55+,Latin America,Pro Plan,24,28175.14,7,Medium,Phone
CX00635,55+,Asia Pacific,Add-on Services,48,7334.39,10,Low,In-Store
CX00636,26-35,Latin America,Pro Plan,7,11115.68,6,Medium,Live Chat
CX00637,55+,North America,Pro Plan,25,48246.23,0,Low,Mobile App
CX00638,46-55,Latin America,Basic Plan,5,13523.05,5,Low,Live Chat
CX00639,18-25,Latin America,Add-on Services,40,32980.67,4,High,Live Chat
CX00640,18-25,Europe,Add-on Services,29,1030.16,10,High,Phone
CX00641,26-35,North America,Pro Plan,40,8889.4,0,Medium,Mobile App
CX00642,18-25,Europe,Basic Plan,18,39093.81,5,High,Email
CX00643,46-55,Europe,Basic Plan,48,35329.29,1,High,Phone
CX00644,55+,Asia Pacific,Enterprise Plan,53,14187.14,9,Low,Email
CX00645,46-55,North America,Enterprise Plan,12,20653.16,1,High,Website
CX00646,55+,Asia Pacific,Enterprise Plan,8,40245.64,4,High,Live Chat
CX00647,36-45,Latin America,Add-on Services,37,24439.68,3,Medium,Email
CX00648,46-55,North America,Add-on Services,8,13262.08,6,High,Mobile App
CX00649,26-35,Asia Pacific,Add-on Services,23,26066.96,0,High,Phone
CX00650,26-35,Asia Pacific,Basic Plan,26,33848.05,5,Low,Live Chat
CX00651,26-35,Latin America,Enterprise Plan,23,11319.02,9,Medium,Mobile App
CX00652,26-35,Latin America,Pro Plan,16,36903.74,4,Low,Mobile App
CX00653,26-35,Europe,Enterprise Plan,10,39057.45,1,Low,In-Store
CX00654,46-55,North America,Basic Plan,55,24373.46,9,Medium,Email
CX00655,55+,Asia Pacific,Add-on Services,12,49227.54,8,Medium,Email
CX00656,26-35,Europe,Basic Plan,34,40063.86,7,High,Website
CX00657,55+,Asia Pacific,Add-on Services,56,34473.76,2,Medium,Website
CX00658,55+,Latin America,Enterprise Plan,45,916.72,10,Low,Email
CX00659,55+,North America,Enterprise Plan,24,30832.52,4,Low,Live Chat
CX00660,36-45,Europe,Enterprise Plan,31,47947.08,5,Medium,Mobile App
CX00661,46-55,Latin America,Pro Plan,27,35185.28,5,Medium,Email
CX00662,36-45,Latin America,Pro Plan,37,6991.39,9,High,Mobile App
CX00663,18-25,Asia Pacific,Pro Plan,36,21894.83,6,Low,Mobile App
CX00664,26-35,Latin America,Basic Plan,12,21365.27,2,High,Live Chat
CX00665,55+,Asia Pacific,Add-on Services,20,12923.21,9,Low,Email
CX00666,18-25,Europe,Basic Plan,14,40783.99,7,High,Website
CX00667,46-55,Asia Pacific,Enterprise Plan,24,18335.18,8,Medium,Phone
CX00668,18-25,Latin America,Basic Plan,23,43434.74,9,Low,Live Chat
CX00669,55+,Europe,Enterprise Plan,23,16591.97,8,Medium,In-Store
CX00670,46-55,North America,Add-on Services,40,14682.92,10,Low,Mobile App
CX00671,36-45,Latin America,Add-on Services,55,45400.12,1,Low,Phone
CX00672,26-35,Asia Pacific,Enterprise Plan,42,14922.14,4,High,In-Store
CX00673,46-55,Asia Pacific,Add-on Services,50,43208.92,5,High,Live Chat
CX00674,55+,Latin America,Add-on Services,11,9602.37,0,Low,In-Store
CX00675,26-35,Asia Pacific,Basic Plan,14,8762.07,1,Low,Website
CX00676,46-55,North America,Basic Plan,50,20152.12,1,Low,Phone
CX00677,55+,Europe,Basic Plan,42,46613.68,6,Medium,Mobile App
CX00678,26-35,Asia Pacific,Add-on Services,41,6757.38,8,Low,Website
CX00679,18-25,Asia Pacific,Enterprise Plan,56,24069.66,8,Medium,Live Chat
CX00680,46-55,Europe,Pro Plan,38,30080.42,10,High,In-Store
CX00681,55+,Latin America,Enterprise Plan,59,17684.83,8,Low,Website
CX00682,46-55,Asia Pacific,Enterprise Plan,27,13360.45,4,Low,Website
CX00683,55+,Europe,Enterprise Plan,19,23725.3,0,High,Email
CX00684,46-55,Asia Pacific,Basic Plan,50,21806.55,4,High,Mobile App
CX00685,18-25,Asia Pacific,Pro Plan,27,44167.02,6,Medium,Mobile App
CX00686,26-35,Latin America,Add-on Services,15,13517.52,6,High,Mobile App
CX00687,55+,Asia Pacific,Enterprise Plan,42,37274.88,4,Medium,Mobile App
CX00688,18-25,Europe,Pro Plan,19,5962.64,7,High,Email
CX00689,36-45,Latin America,Pro Plan,21,1460.07,0,High,Website
CX00690,26-35,North America,Enterprise Plan,18,6689.44,7,High,Website
CX00691,26-35,North America,Pro Plan,1,24932.19,5,Medium,Phone
CX00692,46-55,Asia Pacific,Add-on Services,45,39675.52,5,Low,Mobile App
CX00693,18-25,Asia Pacific,Add-on Services,5,27388.0,2,Low,Phone
CX00694,46-55,North America,Basic Plan,50,35876.78,6,Medium,Mobile App
CX00695,18-25,Europe,Add-on Services,48,38664.3,8,High,Mobile App
CX00696,46-55,Latin America,Enterprise Plan,60,16491.63,10,High,Website
CX00697,55+,North America,Enterprise Plan,31,32106.74,3,Medium,Website
CX00698,26-35,North America,Pro Plan,41,21991.0,0,Low,Phone
CX00699,55+,North America,Add-on Services,51,12532.92,0,High,In-Store
CX00700,46-55,Europe,Enterprise Plan,50,4929.26,2,Medium,Website
CX00701,55+,Asia Pacific,Basic Plan,4,18098.12,2,High,Live Chat
CX00702,18-25,Europe,Add-on Services,15,16178.61,8,High,Phone
CX00703,46-55,Europe,Basic Plan,45,19199.56,2,Medium,Website
CX00704,46-55,Latin America,Enterprise Plan,35,35003.37,3,High,Mobile App
CX00705,55+,Asia Pacific,Enterprise Plan,47,23685.54,9,High,Mobile App
CX00706,18-25,Europe,Add-on Services,19,41061.22,8,Medium,Email
CX00707,18-25,Latin America,Pro Plan,57,1426.63,5,High,Mobile App
CX00708,36-45,North America,Add-on Services,13,26441.45,7,High,Mobile App
CX00709,55+,Asia Pacific,Enterprise Plan,27,32224.74,1,Low,Live Chat
CX00710,18-25,North America,Pro Plan,12,43737.89,3,Low,Email
CX00711,26-35,North America,Basic Plan,37,32266.71,6,High,Email
CX00712,55+,Asia Pacific,Basic Plan,24,11425.78,1,Low,Mobile App
CX00713,46-55,North America,Add-on Services,52,32126.38,5,High,In-Store
CX00714,46-55,Asia Pacific,Basic Plan,53,31038.2,8,Low,In-Store
CX00715,18-25,Asia Pacific,Basic Plan,14,48049.04,1,Low,In-Store
CX00716,26-35,Latin America,Pro Plan,13,26546.51,3,High,In-Store
CX00717,26-35,Latin America,Basic Plan,50,32111.9,5,High,Email
CX00718,46-55,North America,Pro Plan,51,9429.63,6,High,Phone
CX00719,26-35,Latin America,Enterprise Plan,58,16100.17,5,Medium,Email
CX00720,46-55,Asia Pacific,Pro Plan,37,27508.5,6,High,In-Store
CX00721,36-45,Asia Pacific,Add-on Services,29,48011.31,0,High,Website
CX00722,36-45,North America,Pro Plan,57,15441.16,4,Low,Mobile App
CX00723,36-45,North America,Enterprise Plan,59,27906.33,8,High,Live Chat
CX00724,26-35,North America,Basic Plan,30,18104.96,2,Medium,Phone
CX00725,55+,Europe,Pro Plan,17,40648.17,1,High,Email
CX00726,55+,Europe,Basic Plan,47,16572.26,7,Low,Email
CX00727,55+,North America,Enterprise Plan,3,36674.07,9,Medium,Website
CX00728,18-25,Asia Pacific,Enterprise Plan,57,40948.51,6,Low,Mobile App
CX00729,55+,North America,Add-on Services,4,15586.78,0,Medium,Live Chat
CX00730,55+,Europe,Enterprise Plan,33,35039.55,2,Low,In-Store
CX00731,46-55,Latin America,Basic Plan,15,21880.82,6,Low,Mobile App
CX00732,36-45,North America,Add-on Services,37,37393.09,8,Medium,Phone
CX00733,18-25,Latin America,Add-on Services,50,35044.59,2,Medium,Live Chat
CX00734,26-35,Latin America,Add-on Services,42,28780.87,8,High,In-Store
CX00735,55+,Europe,Pro Plan,5,13679.73,6,Medium,In-Store
CX00736,55+,North America,Basic Plan,43,20972.31,5,Medium,Mobile App
CX00737,36-45,Asia Pacific,Basic Plan,50,15588.53,5,High,Email
CX00738,55+,Europe,Add-on Services,3,46248.55,3,Low,In-Store
CX00739,36-45,Europe,Basic Plan,8,37109.29,3,High,Mobile App
CX00740,36-45,North America,Enterprise Plan,45,40311.9,4,Medium,Email
CX00741,18-25,Asia Pacific,Pro Plan,48,27131.27,3,High,Live Chat
CX00742,36-45,Latin America,Pro Plan,45,35088.38,0,Medium,Live Chat
CX00743,55+,North America,Enterprise Plan,11,3475.45,3,High,Live Chat
CX00744,36-45,North America,Add-on Services,42,47286.24,1,Medium,In-Store
CX00745,36-45,Asia Pacific,Basic Plan,2,14978.53,10,Medium,Mobile App
CX00746,46-55,North America,Enterprise Plan,32,43405.25,8,Low,Mobile App
CX00747,26-35,Latin America,Basic Plan,3,12745.91,8,Medium,Phone
CX00748,46-55,Latin America,Pro Plan,2,17665.61,5,Medium,In-Store
CX00749,36-45,Europe,Enterprise Plan,52,3569.48,4,Medium,Website
CX00750,55+,Asia Pacific,Pro Plan,10,17418.41,6,High,Mobile App
CX00751,18-25,Latin America,Pro Plan,27,12397.86,2,Medium,Phone
CX00752,55+,Asia Pacific,Add-on Services,35,7022.72,10,Low,Live Chat
CX00753,55+,Europe,Pro Plan,20,34582.34,8,Low,Email
CX00754,26-35,Europe,Enterprise Plan,5,28088.34,1,Low,Phone
CX00755,26-35,North America,Enterprise Plan,57,48658.35,6,Medium,Email
CX00756,36-45,Europe,Pro Plan,7,7011.52,0,High,Live Chat
CX00757,36-45,Europe,Pro Plan,15,34525.21,5,Low,In-Store
CX00758,46-55,Europe,Add-on Services,46,32653.64,2,Medium,Email
CX00759,46-55,Europe,Pro Plan,13,11700.52,6,Low,Phone
CX00760,46-55,Europe,Pro Plan,49,10625.82,2,Medium,Live Chat
CX00761,46-55,Asia Pacific,Add-on Services,57,12715.8,6,Low,Live Chat
CX00762,46-55,Asia Pacific,Add-on Services,40,46987.39,9,High,Live Chat
CX00763,55+,North America,Basic Plan,29,23116.57,0,Low,Live Chat
CX00764,55+,Latin America,Basic Plan,36,19676.19,10,Low,Mobile App
CX00765,36-45,Latin America,Add-on Services,57,15575.43,4,Medium,Mobile App
CX00766,46-55,Asia Pacific,Basic Plan,45,26090.0,2,Medium,In-Store
CX00767,46-55,North America,Basic Plan,12,39047.19,8,Low,Email
CX00768,46-55,Asia Pacific,Add-on Services,2,9354.49,9,High,Mobile App
CX00769,46-55,North America,Enterprise Plan,21,34740.01,2,High,In-Store
CX00770,18-25,North America,Basic Plan,46,22745.22,5,Low,Live Chat
CX00771,46-55,Europe,Add-on Services,36,19340.05,2,Medium,Live Chat
CX00772,26-35,Europe,Pro Plan,12,38573.26,0,Medium,Phone
CX00773,36-45,Latin America,Enterprise Plan,41,9444.45,2,Low,Website
CX00774,55+,Asia Pacific,Basic Plan,30,25132.57,7,High,Website
CX00775,55+,Latin America,Pro Plan,14,29648.69,7,Medium,Email
CX00776,46-55,North America,Basic Plan,16,44167.31,4,High,In-Store
CX00777,55+,Europe,Basic Plan,12,7838.68,10,Medium,Website
CX00778,26-35,North America,Enterprise Plan,22,46059.04,0,Low,Email
CX00779,26-35,Europe,Enterprise Plan,40,33215.77,9,High,Live Chat
CX00780,26-35,Latin America,Enterprise Plan,60,2274.08,4,Medium,Phone
CX00781,46-55,North America,Add-on Services,54,27748.32,4,Medium,Mobile App
CX00782,18-25,Asia Pacific,Enterprise Plan,34,20981.02,3,High,Mobile App
CX00783,55+,North America,Basic Plan,37,36621.56,10,High,Website
CX00784,46-55,Asia Pacific,Add-on Services,39,42466.0,4,High,Live Chat
CX00785,55+,Asia Pacific,Pro Plan,40,28350.4,8,High,In-Store
CX00786,46-55,Latin America,Pro Plan,57,30665.59,4,Low,Website
CX00787,18-25,North America,Add-on Services,41,39938.26,3,High,Email
CX00788,46-55,North America,Enterprise Plan,23,28240.57,10,Low,Website
CX00789,26-35,Asia Pacific,Enterprise Plan,51,3857.89,4,High,Live Chat
CX00790,36-45,North America,Basic Plan,44,16997.5,6,High,Live Chat
CX00791,55+,North America,Pro Plan,13,16860.48,5,High,Email
CX00792,46-55,North America,Pro Plan,31,8191.62,7,High,Phone
CX00793,46-55,Latin America,Basic Plan,54,26293.12,9,High,In-Store
CX00794,36-45,North America,Pro Plan,37,34431.92,5,Low,Mobile App
CX00795,36-45,North America,Enterprise Plan,25,31512.29,2,High,Live Chat
CX00796,46-55,Europe,Basic Plan,56,39226.02,4,High,Phone
CX00797,18-25,Asia Pacific,Add-on Services,6,25104.19,3,Medium,Email
CX00798,36-45,Europe,Enterprise Plan,12,6055.45,0,Low,Website
CX00799,46-55,North America,Add-on Services,58,25252.69,3,Medium,Email
CX00800,55+,Asia Pacific,Enterprise Plan,10,38589.33,1,High,In-Store
CX00801,26-35,Europe,Basic Plan,30,19685.62,8,Low,Website
CX00802,36-45,North America,Basic Plan,22,23610.36,0,Low,Live Chat
CX00803,36-45,North America,Enterprise Plan,41,44660.71,5,Low,Mobile App
CX00804,36-45,Asia Pacific,Enterprise Plan,50,22335.22,1,Medium,Mobile App
CX00805,26-35,Asia Pacific,Basic Plan,1,47935.75,8,High,Website
CX00806,26-35,Asia Pacific,Enterprise Plan,18,7507.06,4,High,Mobile App
CX00807,26-35,North America,Enterprise Plan,40,44666.03,8,Medium,Website
CX00808,26-35,North America,Add-on Services,58,33937.05,1,Medium,Website
CX00809,18-25,Latin America,Add-on Services,12,35381.54,9,High,In-Store
CX00810,46-55,Asia Pacific,Enterprise Plan,22,40963.38,10,High,Website
CX00811,46-55,Europe,Basic Plan,53,40216.35,7,Low,Email
CX00812,36-45,Latin America,Add-on Services,15,47398.69,2,High,Phone
CX00813,36-45,Latin America,Pro Plan,45,45904.59,5,Medium,Email
CX00814,46-55,North America,Basic Plan,31,6087.91,7,Medium,Mobile App
CX00815,36-45,Asia Pacific,Pro Plan,33,5595.14,1,Medium,Live Chat
CX00816,18-25,Asia Pacific,Add-on Services,26,29731.53,3,High,Mobile App
CX00817,55+,Europe,Add-on Services,25,3769.97,3,High,Live Chat
CX00818,46-55,Latin America,Enterprise Plan,35,34859.59,2,High,In-Store
CX00819,18-25,Latin America,Basic Plan,38,30005.74,5,High,Website
CX00820,46-55,Europe,Enterprise Plan,26,3945.58,1,High,Live Chat
CX00821,46-55,Asia Pacific,Add-on Services,42,33178.16,1,Low,Mobile App
CX00822,55+,North America,Pro Plan,43,7886.21,8,Medium,Email
CX00823,55+,Latin America,Pro Plan,14,34235.08,5,Medium,Live Chat
CX00824,36-45,Latin America,Enterprise Plan,6,29344.99,9,High,Email
CX00825,26-35,Asia Pacific,Basic Plan,24,45103.25,0,Low,In-Store
CX00826,55+,Asia Pacific,Basic Plan,56,14469.36,0,Low,Email
CX00827,55+,Latin America,Enterprise Plan,46,19448.09,6,Medium,Live Chat
CX00828,26-35,Europe,Add-on Services,9,9817.23,6,Medium,Email
CX00829,26-35,Asia Pacific,Pro Plan,9,1074.34,10,Low,Mobile App
CX00830,46-55,Latin America,Pro Plan,6,7292.4,6,Medium,In-Store
CX00831,55+,Latin America,Pro Plan,30,25716.04,8,Medium,Email
CX00832,36-45,Europe,Pro Plan,28,30426.38,9,Medium,In-Store
CX00833,26-35,Asia Pacific,Add-on Services,60,27535.23,5,Low,Website
CX00834,55+,Latin America,Enterprise Plan,8,29223.3,1,Low,In-Store
CX00835,55+,Asia Pacific,Add-on Services,34,4372.61,9,Low,Mobile App
CX00836,46-55,North America,Enterprise Plan,40,3112.33,5,High,Website
CX00837,46-55,Latin America,Add-on Services,37,36823.82,6,Medium,Phone
CX00838,36-45,Europe,Basic Plan,45,46181.79,4,High,Live Chat
CX00839,36-45,North America,Add-on Services,38,8869.42,0,High,Phone
CX00840,55+,North America,Enterprise Plan,32,4584.25,8,Low,Phone
CX00841,36-45,Europe,Enterprise Plan,18,42963.99,0,High,Website
CX00842,55+,Europe,Pro Plan,43,22609.33,2,Medium,In-Store
CX00843,26-35,Latin America,Pro Plan,52,26605.75,0,Medium,Website
CX00844,26-35,Europe,Add-on Services,49,49682.49,6,Low,In-Store
CX00845,46-55,Europe,Pro Plan,37,36850.87,5,Low,In-Store
CX00846,36-45,North America,Basic Plan,11,23468.74,7,Medium,Email
CX00847,55+,Europe,Add-on Services,44,35427.59,7,Medium,Mobile App
CX00848,55+,Latin America,Basic Plan,19,46397.52,7,Medium,In-Store
CX00849,36-45,North America,Basic Plan,59,26799.02,5,Medium,Live Chat
CX00850,36-45,Asia Pacific,Enterprise Plan,18,40214.66,4,High,Live Chat
CX00851,46-55,Latin America,Pro Plan,47,33758.55,3,High,Phone
CX00852,26-35,Asia Pacific,Basic Plan,44,919.57,1,Low,Email
CX00853,18-25,North America,Add-on Services,23,11361.11,4,Medium,Mobile App
CX00854,18-25,North America,Basic Plan,4,46956.02,10,Low,Live Chat
CX00855,18-25,North America,Basic Plan,55,30431.95,6,High,In-Store
CX00856,55+,Europe,Basic Plan,45,9621.02,4,Medium,In-Store
CX00857,18-25,Latin America,Enterprise Plan,50,21635.68,10,Medium,Phone
CX00858,26-35,North America,Enterprise Plan,50,3588.18,6,Medium,Website
CX00859,36-45,Asia Pacific,Pro Plan,29,3935.22,3,High,Email
CX00860,26-35,Latin America,Basic Plan,10,27261.29,6,Low,Live Chat
CX00861,18-25,Latin America,Enterprise Plan,7,2225.61,1,High,In-Store
CX00862,36-45,Latin America,Basic Plan,58,25136.22,10,High,Website
CX00863,18-25,Latin America,Enterprise Plan,10,35152.73,6,High,Website
CX00864,55+,Latin America,Add-on Services,28,20493.68,1,High,Mobile App
CX00865,18-25,Latin America,Add-on Services,8,28578.57,5,Medium,In-Store
CX00866,36-45,Latin America,Basic Plan,41,49852.28,10,Low,Phone
CX00867,55+,Asia Pacific,Basic Plan,54,23252.15,4,High,Mobile App
CX00868,26-35,North America,Add-on Services,43,9954.66,6,Low,In-Store
CX00869,36-45,Latin America,Basic Plan,57,31823.17,3,Low,Website
CX00870,26-35,North America,Pro Plan,32,19743.99,8,High,Phone
CX00871,46-55,Latin America,Basic Plan,3,17294.61,5,High,Website
CX00872,46-55,North America,Pro Plan,52,32865.57,8,Medium,In-Store
CX00873,55+,Europe,Pro Plan,60,4065.66,2,Medium,In-Store
CX00874,18-25,Latin America,Basic Plan,16,35214.19,2,Low,Mobile App
CX00875,18-25,Asia Pacific,Basic Plan,30,30755.68,9,Low,Website
CX00876,18-25,Latin America,Pro Plan,5,40320.45,6,Medium,In-Store
CX00877,46-55,Asia Pacific,Basic Plan,44,29010.37,2,Medium,Mobile App
CX00878,18-25,Europe,Enterprise Plan,5,6476.9,2,Medium,Mobile App
CX00879,36-45,Europe,Add-on Services,16,46320.94,0,Low,Website
CX00880,55+,Latin America,Pro Plan,2,44041.53,1,Low,Website
CX00881,26-35,North America,Enterprise Plan,27,34828.42,7,High,Mobile App
CX00882,26-35,Europe,Enterprise Plan,34,22795.75,3,Low,Live Chat
CX00883,18-25,Europe,Add-on Services,40,47539.75,10,Medium,Phone
CX00884,46-55,North America,Pro Plan,13,6316.64,8,Low,Live Chat
CX00885,36-45,Europe,Add-on Services,50,31509.98,3,Medium,Website
CX00886,26-35,North America,Pro Plan,44,42267.19,7,Medium,Mobile App
CX00887,26-35,North America,Basic Plan,42,18527.56,3,Medium,Phone
CX00888,36-45,Latin America,Basic Plan,7,37150.64,8,Low,Mobile App
CX00889,18-25,Latin America,Basic Plan,5,44806.42,7,High,Live Chat
CX00890,36-45,Latin America,Pro Plan,48,34004.2,5,Low,Website
CX00891,36-45,Europe,Basic Plan,16,37018.52,3,Medium,Mobile App
CX00892,18-25,Latin America,Add-on Services,4,44579.2,2,Low,Live Chat
CX00893,46-55,Europe,Add-on Services,24,7252.03,3,High,Phone
CX00894,36-45,Europe,Enterprise Plan,9,2088.68,9,Low,Phone
CX00895,26-35,North America,Add-on Services,30,21202.08,5,Low,Phone
CX00896,55+,Europe,Pro Plan,37,48521.72,3,Low,Email
CX00897,55+,Latin America,Pro Plan,38,23937.71,7,Medium,Website
CX00898,46-55,Europe,Pro Plan,21,21995.31,3,High,Mobile App
CX00899,55+,North America,Add-on Services,3,2482.9,7,High,Live Chat
CX00900,18-25,Latin America,Add-on Services,31,40580.97,1,Medium,Email
CX00901,26-35,North America,Basic Plan,45,36723.42,3,Low,Phone
CX00902,36-45,Europe,Basic Plan,2,24249.26,4,Low,In-Store
CX00903,46-55,North America,Add-on Services,30,38705.83,6,Low,Phone
CX00904,46-55,North America,Basic Plan,25,44725.0,5,High,Website
CX00905,36-45,Latin America,Enterprise Plan,45,47331.73,8,High,Mobile App
CX00906,18-25,Asia Pacific,Basic Plan,33,47293.45,10,Medium,Website
CX00907,18-25,Latin America,Enterprise Plan,30,31147.11,5,Medium,Mobile App
CX00908,55+,North America,Pro Plan,9,49071.96,3,High,Website
CX00909,46-55,Europe,Pro Plan,21,17959.23,4,High,In-Store
CX00910,46-55,Asia Pacific,Basic Plan,5,18954.28,7,Medium,Live Chat
CX00911,55+,North America,Add-on Services,46,26829.27,8,Medium,Email
CX00912,55+,Asia Pacific,Basic Plan,13,44649.21,7,Low,Website
CX00913,46-55,Europe,Enterprise Plan,5,5913.56,4,Low,In-Store
CX00914,26-35,Latin America,Pro Plan,56,10610.68,10,Low,Phone
CX00915,46-55,Europe,Add-on Services,23,21296.43,10,Low,Phone
CX00916,26-35,North America,Basic Plan,56,40198.46,8,High,Phone
CX00917,46-55,Asia Pacific,Enterprise Plan,32,29871.18,8,High,Email
CX00918,46-55,Asia Pacific,Pro Plan,58,39572.74,2,Medium,Mobile App
CX00919,46-55,Asia Pacific,Enterprise Plan,50,42352.93,2,Medium,Phone
CX00920,46-55,Europe,Pro Plan,46,26998.18,2,Low,In-Store
CX00921,26-35,Europe,Pro Plan,8,2537.0,5,High,Mobile App
CX00922,46-55,Asia Pacific,Enterprise Plan,12,10655.19,0,High,Phone
CX00923,36-45,Europe,Enterprise Plan,29,27223.4,2,High,Phone
CX00924,18-25,North America,Add-on Services,60,25221.14,2,Medium,Phone
CX00925,26-35,North America,Enterprise Plan,42,35419.84,7,Medium,Live Chat
CX00926,26-35,Latin America,Enterprise Plan,45,6059.62,7,Low,Mobile App
CX00927,55+,North America,Enterprise Plan,2,20380.68,3,Medium,Phone
CX00928,18-25,Asia Pacific,Basic Plan,39,32244.98,9,High,Mobile App
CX00929,36-45,Europe,Basic Plan,6,27151.41,7,High,In-Store
CX00930,18-25,Latin America,Pro Plan,32,16229.01,9,High,Website
CX00931,36-45,Latin America,Pro Plan,46,42763.3,5,Medium,Phone
CX00932,18-25,Asia Pacific,Enterprise Plan,23,15750.22,7,High,Website
CX00933,26-35,Latin America,Add-on Services,52,22403.97,2,High,Email
CX00934,46-55,Europe,Basic Plan,10,10785.3,7,High,Phone
CX00935,18-25,Latin America,Basic Plan,1,20768.3,4,Medium,Mobile App
CX00936,55+,Latin America,Pro Plan,13,9707.32,6,Medium,Live Chat
CX00937,46-55,North America,Enterprise Plan,54,29467.81,7,High,In-Store
CX00938,46-55,Europe,Basic Plan,51,621.11,4,Medium,In-Store
CX00939,46-55,North America,Enterprise Plan,27,9378.93,10,Low,Website
CX00940,18-25,Asia Pacific,Add-on Services,5,30145.12,5,High,Email
CX00941,55+,Latin America,Enterprise Plan,41,34452.69,1,Medium,Live Chat
CX00942,55+,North America,Enterprise Plan,11,29291.9,2,Medium,Email
CX00943,26-35,Asia Pacific,Pro Plan,4,13997.18,6,High,Phone
CX00944,18-25,Asia Pacific,Enterprise Plan,34,32127.85,1,High,Mobile App
CX00945,26-35,North America,Pro Plan,35,16469.04,5,High,Phone
CX00946,36-45,Asia Pacific,Basic Plan,35,29212.31,2,Low,Mobile App
CX00947,55+,Asia Pacific,Enterprise Plan,50,24502.5,5,Low,Website
CX00948,26-35,Europe,Pro Plan,54,9826.63,8,High,In-Store
CX00949,55+,North America,Add-on Services,30,45843.54,1,Low,Website
CX00950,46-55,Asia Pacific,Enterprise Plan,45,18447.14,7,High,Live Chat
CX00951,36-45,Europe,Enterprise Plan,2,37350.78,1,Low,Mobile App
CX00952,26-35,Europe,Enterprise Plan,9,10887.13,1,Medium,In-Store
CX00953,18-25,North America,Basic Plan,50,24470.62,6,Low,Mobile App
CX00954,18-25,North America,Basic Plan,31,6386.65,4,Low,Website
CX00955,36-45,North America,Basic Plan,51,6627.78,9,Low,Live Chat
CX00956,26-35,Europe,Enterprise Plan,2,4993.58,4,High,Phone
CX00957,36-45,Europe,Pro Plan,33,28726.65,1,High,Website
CX00958,55+,Europe,Pro Plan,19,9002.79,8,Low,In-Store
CX00959,18-25,Europe,Add-on Services,24,35057.58,2,Medium,In-Store
CX00960,18-25,Europe,Enterprise Plan,25,21492.55,8,Low,Email
CX00961,18-25,Asia Pacific,Basic Plan,30,5960.65,2,Medium,Phone
CX00962,36-45,North America,Basic Plan,21,24938.78,6,Medium,Email
CX00963,55+,Asia Pacific,Add-on Services,15,27918.84,4,Medium,Mobile App
CX00964,18-25,Latin America,Enterprise Plan,12,1132.9,10,Medium,In-Store
CX00965,18-25,Latin America,Add-on Services,34,33098.14,1,Low,Mobile App
CX00966,46-55,Latin America,Basic Plan,48,46301.87,2,Low,Phone
CX00967,26-35,Asia Pacific,Pro Plan,39,42279.46,6,Low,Mobile App
CX00968,46-55,Latin America,Enterprise Plan,49,35817.94,9,High,Phone
CX00969,46-55,Asia Pacific,Add-on Services,43,30356.69,6,Medium,Live Chat
CX00970,36-45,Europe,Add-on Services,7,6548.41,7,Medium,Mobile App
CX00971,26-35,North America,Basic Plan,48,3116.19,1,Medium,In-Store
CX00972,18-25,Europe,Add-on Services,39,34120.62,2,Medium,Live Chat
CX00973,55+,North America,Basic Plan,43,37704.68,7,Medium,Mobile App
CX00974,36-45,Latin America,Add-on Services,33,13452.43,5,High,Live Chat
CX00975,18-25,North America,Add-on Services,57,45789.49,6,Medium,Phone
CX00976,46-55,Latin America,Add-on Services,3,2126.56,8,High,Phone
CX00977,26-35,Latin America,Add-on Services,9,15966.75,6,Medium,Website
CX00978,55+,Latin America,Add-on Services,31,28331.64,2,High,Website
CX00979,46-55,Asia Pacific,Add-on Services,38,48558.1,9,High,Phone
CX00980,36-45,Asia Pacific,Basic Plan,2,29727.94,2,Medium,Phone
CX00981,55+,North America,Enterprise Plan,25,5318.83,5,Medium,Email
CX00982,36-45,North America,Pro Plan,16,12113.79,4,High,Website
CX00983,18-25,Asia Pacific,Basic Plan,22,8904.07,8,Medium,Website
CX00984,46-55,Latin America,Add-on Services,18,1509.91,7,High,Website
CX00985,36-45,Latin America,Add-on Services,21,28840.66,7,Low,In-Store
CX00986,26-35,Asia Pacific,Add-on Services,33,40667.13,10,Medium,Mobile App
CX00987,55+,Asia Pacific,Enterprise Plan,28,10487.05,10,Low,Live Chat
CX00988,26-35,Asia Pacific,Enterprise Plan,4,15217.35,9,Medium,Mobile App
CX00989,55+,North America,Basic Plan,38,17173.48,1,High,Live Chat
CX00990,46-55,Latin America,Pro Plan,23,39884.76,10,Medium,Live Chat
CX00991,36-45,Latin America,Enterprise Plan,13,21008.56,4,High,Live Chat
CX00992,46-55,Europe,Basic Plan,41,35314.92,2,High,Email
CX00993,26-35,Latin America,Enterprise Plan,60,32077.35,9,Medium,Live Chat
CX00994,18-25,Europe,Enterprise Plan,30,7813.31,2,High,In-Store
CX00995,36-45,Latin America,Add-on Services,21,43079.2,1,High,Mobile App
CX00996,46-55,Asia Pacific,Enterprise Plan,42,8448.92,10,High,Mobile App
CX00997,46-55,Europe,Basic Plan,10,9999.84,3,Medium,Email
CX00998,46-55,Latin America,Add-on Services,42,45329.95,3,Low,Phone
CX00999,26-35,North America,Enterprise Plan,51,40275.14,10,High,Mobile App
CX01000,18-25,Latin America,Basic Plan,4,43049.41,1,Medium,Live Chat
CX01001,36-45,North America,Add-on Services,58,18490.0,10,Low,Email
CX01002,26-35,Europe,Basic Plan,37,36856.78,1,High,In-Store
CX01003,55+,Asia Pacific,Add-on Services,57,4967.31,9,Low,Phone
CX01004,36-45,Latin America,Pro Plan,60,21432.02,2,Low,Mobile App
CX01005,26-35,Asia Pacific,Add-on Services,27,13088.14,9,Low,Email
CX01006,55+,Asia Pacific,Basic Plan,21,27514.38,7,High,Mobile App
CX01007,36-45,Europe,Enterprise Plan,31,35925.73,4,Low,In-Store
CX01008,55+,North America,Basic Plan,45,45914.14,10,Low,Phone
CX01009,55+,Latin America,Enterprise Plan,41,47944.94,5,High,Website
CX01010,55+,Europe,Add-on Services,25,889.37,6,Medium,Phone
CX01011,18-25,Europe,Enterprise Plan,14,43041.13,2,Medium,In-Store
CX01012,36-45,Latin America,Basic Plan,18,43389.01,7,Medium,In-Store
CX01013,46-55,Asia Pacific,Add-on Services,57,45968.04,1,Low,In-Store
CX01014,36-45,North America,Enterprise Plan,27,30304.74,8,High,Phone
CX01015,46-55,North America,Basic Plan,42,32258.83,10,Medium,In-Store
CX01016,26-35,North America,Add-on Services,13,31600.67,5,High,Website
CX01017,18-25,Europe,Pro Plan,34,35821.42,10,Low,Live Chat
CX01018,46-55,Asia Pacific,Add-on Services,31,43738.54,2,Medium,Mobile App
CX01019,55+,Asia Pacific,Enterprise Plan,13,4677.75,5,Low,Email
CX01020,46-55,Europe,Basic Plan,2,46194.06,10,High,In-Store
CX01021,26-35,North America,Add-on Services,13,13458.27,2,Low,Email
CX01022,55+,Latin America,Enterprise Plan,10,4908.53,5,Low,Live Chat
CX01023,18-25,North America,Add-on Services,50,46039.46,7,High,Email
CX01024,18-25,Europe,Pro Plan,13,47329.59,4,Medium,In-Store
CX01025,46-55,Latin America,Pro Plan,28,42888.72,9,Low,Phone
CX01026,26-35,Latin America,Pro Plan,27,39726.94,0,Medium,Phone
CX01027,26-35,Latin America,Pro Plan,24,29353.7,10,Medium,Website
CX01028,18-25,Latin America,Pro Plan,56,16500.68,6,High,Mobile App
CX01029,46-55,Latin America,Enterprise Plan,5,5216.33,0,Low,Phone
CX01030,26-35,Latin America,Enterprise Plan,39,46996.44,9,High,In-Store
CX01031,18-25,North America,Enterprise Plan,33,31173.06,4,Medium,In-Store
CX01032,36-45,Europe,Basic Plan,38,9378.93,2,High,Email
CX01033,36-45,Latin America,Pro Plan,6,16207.21,8,Medium,Mobile App
CX01034,36-45,North America,Enterprise Plan,3,48936.57,7,Medium,In-Store
CX01035,36-45,Latin America,Enterprise Plan,58,43908.35,9,Medium,Live Chat
CX01036,36-45,Latin America,Pro Plan,21,36975.03,7,Low,Live Chat
CX01037,46-55,North America,Pro Plan,10,3201.07,2,Low,Email
CX01038,36-45,Europe,Add-on Services,28,6243.19,7,Low,Email
CX01039,36-45,Latin America,Add-on Services,32,6068.3,2,Low,Phone
CX01040,18-25,Europe,Enterprise Plan,12,41830.21,8,Medium,Live Chat
CX01041,55+,Europe,Basic Plan,34,38458.96,2,Medium,Website
CX01042,26-35,Latin America,Basic Plan,57,16768.56,4,High,In-Store
CX01043,18-25,Latin America,Enterprise Plan,38,46492.85,1,Medium,Mobile App
CX01044,18-25,North America,Add-on Services,54,35531.48,7,Medium,In-Store
CX01045,36-45,North America,Enterprise Plan,3,32980.55,7,Medium,In-Store
CX01046,55+,Europe,Pro Plan,56,2909.77,10,Medium,Phone
CX01047,18-25,North America,Add-on Services,6,20243.5,2,Low,Email
CX01048,18-25,North America,Pro Plan,11,19730.89,6,Medium,In-Store
CX01049,26-35,North America,Enterprise Plan,32,40154.47,4,High,Live Chat
CX01050,26-35,Asia Pacific,Basic Plan,54,18689.11,3,Medium,Email
CX01051,46-55,Latin America,Enterprise Plan,37,30216.87,1,Medium,Phone
CX01052,55+,Europe,Add-on Services,41,21587.85,0,High,Phone
CX01053,46-55,Europe,Pro Plan,60,25018.45,10,High,Live Chat
CX01054,18-25,Asia Pacific,Add-on Services,28,4419.56,7,Medium,Mobile App
CX01055,26-35,Asia Pacific,Pro Plan,34,21672.72,9,Low,Live Chat
CX01056,18-25,North America,Basic Plan,33,21533.22,1,Medium,In-Store
CX01057,55+,Asia Pacific,Enterprise Plan,17,29485.61,8,Low,Website
CX01058,46-55,Europe,Pro Plan,54,19951.39,1,Medium,In-Store
CX01059,36-45,Asia Pacific,Add-on Services,49,33677.86,9,Medium,Phone
CX01060,26-35,Europe,Pro Plan,6,37477.95,9,Medium,In-Store
CX01061,18-25,Latin America,Basic Plan,1,20049.23,0,Low,In-Store
CX01062,46-55,Latin America,Add-on Services,56,33057.0,9,High,Email
CX01063,36-45,Asia Pacific,Add-on Services,52,15481.5,2,Low,Website
CX01064,26-35,North America,Basic Plan,45,48540.76,0,Low,Email
CX01065,26-35,Europe,Add-on Services,54,31489.93,8,Low,Website
CX01066,36-45,Latin America,Pro Plan,31,21383.02,1,Low,Mobile App
CX01067,46-55,Latin America,Add-on Services,2,43059.92,9,Low,Mobile App
CX01068,36-45,Latin America,Basic Plan,22,889.78,10,High,Email
CX01069,46-55,Latin America,Enterprise Plan,3,24631.08,7,High,Live Chat
CX01070,55+,Latin America,Pro Plan,46,3504.88,0,Medium,Live Chat
CX01071,36-45,North America,Enterprise Plan,58,32590.86,7,Low,Email
CX01072,55+,Asia Pacific,Add-on Services,45,22093.39,2,Medium,In-Store
CX01073,26-35,Latin America,Enterprise Plan,29,11989.1,3,High,In-Store
CX01074,36-45,Latin America,Pro Plan,57,15023.01,6,Medium,In-Store
CX01075,36-45,Latin America,Pro Plan,40,10756.83,1,High,Email
CX01076,26-35,Europe,Pro Plan,11,30484.58,1,Medium,Email
CX01077,36-45,Europe,Pro Plan,36,2828.94,0,Medium,Phone
CX01078,36-45,Europe,Pro Plan,53,43043.35,8,Low,Website
CX01079,36-45,Latin America,Basic Plan,40,11721.17,8,Low,Email
CX01080,36-45,Asia Pacific,Enterprise Plan,50,2810.48,8,Medium,Mobile App
CX01081,55+,North America,Basic Plan,60,47340.25,7,Low,Website
CX01082,55+,North America,Basic Plan,33,5717.85,10,Low,Mobile App
CX01083,36-45,Europe,Enterprise Plan,46,22355.14,8,Medium,In-Store
CX01084,18-25,Europe,Enterprise Plan,22,41048.46,1,Low,Email
CX01085,46-55,North America,Pro Plan,54,40552.69,5,Medium,Live Chat
CX01086,26-35,North America,Enterprise Plan,24,35902.39,6,Medium,In-Store
CX01087,26-35,Europe,Add-on Services,51,11795.01,6,Medium,Email
CX01088,46-55,Asia Pacific,Basic Plan,29,7706.42,0,High,Live Chat
CX01089,18-25,North America,Enterprise Plan,21,20381.72,2,Medium,Website
CX01090,46-55,North America,Pro Plan,58,28940.58,10,High,In-Store
CX01091,55+,Asia Pacific,Add-on Services,26,44346.25,8,Medium,In-Store
CX01092,36-45,Asia Pacific,Basic Plan,53,14349.15,8,High,Mobile App
CX01093,46-55,Latin America,Pro Plan,57,27449.05,9,High,Email
CX01094,36-45,Latin America,Pro Plan,57,15425.8,0,High,Phone
CX01095,46-55,Europe,Enterprise Plan,14,5094.57,8,Medium,Live Chat
CX01096,36-45,Europe,Basic Plan,2,44570.81,8,High,Phone
CX01097,26-35,Asia Pacific,Add-on Services,33,5966.87,0,Medium,Phone
CX01098,55+,Asia Pacific,Basic Plan,4,37949.72,1,Medium,Phone
CX01099,55+,North America,Add-on Services,22,49156.05,9,High,In-Store
CX01100,55+,Europe,Enterprise Plan,20,14584.51,9,High,Mobile App
CX01101,46-55,Europe,Basic Plan,21,26064.37,3,Medium,Email
CX01102,18-25,Europe,Add-on Services,54,20896.62,1,Low,Email
CX01103,26-35,Latin America,Pro Plan,29,4364.6,10,High,Email
CX01104,55+,Latin America,Enterprise Plan,38,25191.95,6,Medium,In-Store
CX01105,46-55,Latin America,Pro Plan,10,25536.4,7,High,Email
CX01106,26-35,North America,Pro Plan,30,23931.1,2,High,Phone
CX01107,18-25,Latin America,Basic Plan,8,18794.51,4,Low,Live Chat
CX01108,26-35,North America,Enterprise Plan,20,49555.5,4,Medium,Email
CX01109,18-25,Europe,Pro Plan,51,29686.4,0,Medium,Phone
CX01110,26-35,Europe,Add-on Services,1,6555.23,5,Low,Website
CX01111,46-55,Latin America,Enterprise Plan,37,22892.53,5,Medium,Email
CX01112,55+,Europe,Pro Plan,33,32004.78,7,High,Email
CX01113,26-35,Asia Pacific,Basic Plan,52,31426.14,9,Medium,Email
CX01114,26-35,Latin America,Enterprise Plan,35,2768.08,10,Medium,In-Store
CX01115,36-45,North America,Pro Plan,46,1727.8,10,High,Phone
CX01116,55+,North America,Basic Plan,13,47780.83,8,High,Website
CX01117,55+,Europe,Add-on Services,33,44894.78,1,High,Live Chat
CX01118,26-35,North America,Enterprise Plan,51,10687.35,9,Medium,Website
CX01119,55+,Asia Pacific,Add-on Services,38,2726.69,0,Medium,Email
CX01120,26-35,Latin America,Basic Plan,56,26631.14,6,Medium,Website
CX01121,18-25,North America,Pro Plan,19,7629.7,4,Low,Mobile App
CX01122,36-45,Latin America,Pro Plan,4,30916.53,5,Low,Website
CX01123,18-25,Asia Pacific,Add-on Services,7,16342.05,6,Medium,Phone
CX01124,46-55,North America,Basic Plan,13,12361.34,9,High,Mobile App
CX01125,46-55,Latin America,Basic Plan,18,3501.28,7,High,Email
CX01126,18-25,Latin America,Basic Plan,27,31860.29,0,Medium,Live Chat
CX01127,55+,North America,Pro Plan,49,27958.02,2,Medium,Live Chat
CX01128,46-55,Latin America,Basic Plan,55,31972.05,3,Low,Phone
CX01129,55+,Europe,Pro Plan,35,47654.33,8,Medium,Website
CX01130,18-25,Latin America,Enterprise Plan,42,48618.05,0,Low,Email
CX01131,36-45,Asia Pacific,Add-on Services,23,42200.71,3,High,Live Chat
CX01132,36-45,North America,Pro Plan,48,26937.42,1,Medium,Website
CX01133,46-55,North America,Pro Plan,47,28045.71,4,Medium,Mobile App
CX01134,55+,Asia Pacific,Enterprise Plan,41,13437.35,7,Medium,Mobile App
CX01135,36-45,Asia Pacific,Pro Plan,30,47970.14,5,Low,In-Store
CX01136,26-35,North America,Add-on Services,1,45121.53,10,Low,Email
CX01137,55+,Latin America,Add-on Services,35,4516.86,10,High,Website
CX01138,55+,North America,Add-on Services,44,6609.07,6,High,Phone
CX01139,46-55,Europe,Basic Plan,8,23403.28,3,Medium,Website
CX01140,26-35,North America,Enterprise Plan,44,46109.24,5,Low,Website
CX01141,55+,Asia Pacific,Pro Plan,15,49015.9,5,Low,Phone
CX01142,46-55,Europe,Basic Plan,13,49221.05,10,Medium,Website
CX01143,36-45,Latin America,Pro Plan,36,10091.63,9,High,In-Store
CX01144,55+,Europe,Basic Plan,38,6848.2,1,Low,Phone
CX01145,55+,Europe,Enterprise Plan,13,42459.53,0,High,In-Store
CX01146,55+,Asia Pacific,Add-on Services,1,46925.57,10,High,In-Store
CX01147,18-25,Asia Pacific,Add-on Services,55,49757.77,4,Low,In-Store
CX01148,55+,Latin America,Add-on Services,24,26104.22,0,High,Mobile App
CX01149,18-25,Asia Pacific,Add-on Services,35,22718.64,0,Medium,Mobile App
CX01150,36-45,North America,Basic Plan,48,11668.59,6,Low,Mobile App
CX01151,26-35,Europe,Enterprise Plan,20,3610.78,10,Low,Website
CX01152,46-55,Latin America,Basic Plan,38,39962.43,5,Medium,Mobile App
CX01153,18-25,Latin America,Pro Plan,22,41709.62,5,High,Mobile App
CX01154,18-25,Latin America,Basic Plan,41,22599.58,1,Low,Website
CX01155,18-25,Latin America,Enterprise Plan,57,42460.76,1,Low,Website
CX01156,46-55,North America,Enterprise Plan,40,31496.17,1,Low,In-Store
CX01157,18-25,North America,Enterprise Plan,55,19382.05,1,High,Email
CX01158,26-35,North America,Add-on Services,25,23478.35,6,High,Live Chat
CX01159,18-25,Asia Pacific,Basic Plan,30,26102.04,9,Low,Website
CX01160,18-25,North America,Basic Plan,38,39576.11,3,High,Mobile App
CX01161,55+,Asia Pacific,Enterprise Plan,27,24329.27,9,Medium,Mobile App
CX01162,26-35,Europe,Basic Plan,4,6820.2,9,Medium,Live Chat
CX01163,36-45,Asia Pacific,Pro Plan,10,23741.43,9,Medium,Phone
CX01164,36-45,North America,Pro Plan,4,12250.67,8,Low,Email
CX01165,36-45,Europe,Pro Plan,41,45470.76,1,Medium,Mobile App
CX01166,46-55,Latin America,Enterprise Plan,55,29131.33,5,High,Phone
CX01167,46-55,Asia Pacific,Pro Plan,7,22987.95,0,Medium,Mobile App
CX01168,18-25,Europe,Pro Plan,30,31384.04,3,Medium,In-Store
CX01169,36-45,Latin America,Pro Plan,26,9620.1,0,Medium,Website
CX01170,18-25,Asia Pacific,Basic Plan,36,6201.87,4,Medium,Mobile App
CX01171,55+,Asia Pacific,Basic Plan,2,10356.58,4,Low,Mobile App
CX01172,36-45,Europe,Enterprise Plan,55,27948.0,2,Low,Website
CX01173,26-35,Asia Pacific,Basic Plan,2,41656.56,2,Medium,In-Store
CX01174,18-25,Asia Pacific,Pro Plan,20,23082.08,5,Medium,In-Store
CX01175,26-35,Latin America,Basic Plan,8,7649.4,2,Low,Mobile App
CX01176,55+,Latin America,Enterprise Plan,21,30177.68,10,Low,Website
CX01177,55+,Europe,Enterprise Plan,51,7854.06,3,Low,In-Store
CX01178,36-45,Europe,Add-on Services,14,36501.28,7,High,Live Chat
CX01179,18-25,Europe,Add-on Services,49,44179.89,8,Medium,Email
CX01180,55+,Latin America,Pro Plan,21,35768.1,8,High,Email
CX01181,46-55,Latin America,Enterprise Plan,38,20346.83,9,High,Website
CX01182,26-35,Europe,Pro Plan,29,43226.83,6,Low,Phone
CX01183,46-55,Latin America,Pro Plan,60,42200.36,4,High,Website
CX01184,26-35,North America,Enterprise Plan,29,26181.63,3,High,Website
CX01185,46-55,Asia Pacific,Add-on Services,29,23643.77,6,Medium,Email
CX01186,36-45,Asia Pacific,Add-on Services,2,9388.5,3,Medium,In-Store
CX01187,18-25,Asia Pacific,Basic Plan,19,42208.87,8,High,In-Store
CX01188,18-25,Asia Pacific,Pro Plan,7,6370.1,5,Low,Live Chat
CX01189,26-35,Asia Pacific,Pro Plan,44,16797.44,4,High,In-Store
CX01190,36-45,Europe,Pro Plan,55,37742.98,8,Medium,Website
CX01191,36-45,Asia Pacific,Enterprise Plan,51,49843.7,6,High,In-Store
CX01192,18-25,Latin America,Pro Plan,56,20176.51,3,High,In-Store
CX01193,26-35,Latin America,Pro Plan,34,29556.68,8,Medium,In-Store
CX01194,46-55,Asia Pacific,Basic Plan,21,42367.18,6,High,Email
CX01195,26-35,Latin America,Add-on Services,55,28143.12,5,Low,Live Chat
CX01196,26-35,Asia Pacific,Basic Plan,32,40614.87,5,Medium,Mobile App
CX01197,46-55,Latin America,Add-on Services,49,39042.85,8,Medium,Phone
CX01198,55+,North America,Basic Plan,60,7387.17,5,High,In-Store
CX01199,55+,Latin America,Add-on Services,14,47460.29,1,High,Email
CX01200,26-35,Latin America,Basic Plan,22,28690.99,7,High,Phone
CX01201,18-25,Europe,Basic Plan,44,27868.89,0,High,Live Chat
CX01202,46-55,North America,Pro Plan,13,3939.81,6,Medium,Mobile App
CX01203,26-35,Asia Pacific,Basic Plan,30,3343.93,8,Low,Mobile App
CX01204,36-45,Latin America,Add-on Services,11,49484.96,2,High,Email
CX01205,46-55,North America,Add-on Services,58,43352.12,2,Low,Phone
CX01206,46-55,Latin America,Pro Plan,39,28967.02,4,High,Mobile App
CX01207,55+,Latin America,Enterprise Plan,13,868.44,2,Medium,Website
CX01208,46-55,Europe,Enterprise Plan,59,28676.84,7,Medium,Email
CX01209,55+,North America,Basic Plan,19,32491.81,7,Medium,In-Store
CX01210,36-45,Latin America,Pro Plan,27,12832.17,9,High,Email
CX01211,46-55,Latin America,Pro Plan,45,28646.46,6,High,Website
CX01212,26-35,Europe,Enterprise Plan,57,31590.12,4,High,Website
CX01213,26-35,Latin America,Add-on Services,49,27864.78,5,Low,Website
CX01214,55+,Asia Pacific,Add-on Services,29,8659.54,3,High,Website
CX01215,46-55,North America,Basic Plan,41,34877.04,7,Medium,Phone
CX01216,46-55,Europe,Add-on Services,3,1031.5,1,High,Mobile App
CX01217,36-45,Latin America,Add-on Services,30,3877.74,8,High,Mobile App
CX01218,46-55,Europe,Add-on Services,53,14317.52,2,Low,Website
CX01219,55+,North America,Pro Plan,19,6645.49,6,Low,Website
CX01220,18-25,Asia Pacific,Pro Plan,29,18225.31,3,High,Website
CX01221,55+,Europe,Add-on Services,45,2863.92,10,High,In-Store
CX01222,18-25,Latin America,Enterprise Plan,29,3094.56,0,Low,Email
CX01223,26-35,Europe,Enterprise Plan,59,12307.75,1,Low,Email
CX01224,18-25,North America,Enterprise Plan,53,10011.52,10,Low,Mobile App
CX01225,18-25,Europe,Pro Plan,3,21076.16,1,Medium,Phone
CX01226,55+,Europe,Pro Plan,60,27314.28,6,Low,Mobile App
CX01227,26-35,North America,Enterprise Plan,21,9094.27,6,High,Phone
CX01228,18-25,Latin America,Pro Plan,30,11394.76,10,Medium,In-Store
CX01229,55+,Asia Pacific,Basic Plan,5,44330.27,6,Medium,Live Chat
CX01230,46-55,North America,Pro Plan,17,47972.22,9,Medium,In-Store
CX01231,46-55,Europe,Enterprise Plan,12,31950.0,5,High,Email
CX01232,18-25,Asia Pacific,Basic Plan,39,45649.11,7,Medium,Live Chat
CX01233,26-35,North America,Pro Plan,2,31009.26,1,Medium,Mobile App
CX01234,46-55,Europe,Basic Plan,4,7309.0,7,Medium,Mobile App
CX01235,26-35,Latin America,Pro Plan,42,2376.38,9,Medium,In-Store
CX01236,36-45,Europe,Enterprise Plan,21,32358.3,0,High,Email
CX01237,36-45,North America,Pro Plan,55,36777.22,5,Low,Mobile App
CX01238,55+,North America,Pro Plan,52,34523.82,3,High,Email
CX01239,55+,Asia Pacific,Pro Plan,29,31674.23,1,Medium,Website
CX01240,26-35,North America,Pro Plan,14,6715.27,2,High,Live Chat
CX01241,26-35,Europe,Basic Plan,28,36386.96,4,Low,In-Store
CX01242,26-35,Europe,Add-on Services,12,30489.64,4,Medium,Live Chat
CX01243,46-55,Europe,Enterprise Plan,56,39173.8,1,Medium,Email
CX01244,46-55,Europe,Add-on Services,29,21423.51,9,High,Email
CX01245,26-35,Latin America,Basic Plan,49,19380.26,1,Medium,Live Chat
CX01246,55+,Europe,Pro Plan,17,19332.29,4,Medium,Phone
CX01247,46-55,Latin America,Basic Plan,22,7264.49,7,Low,Mobile App
CX01248,26-35,North America,Basic Plan,56,25284.64,5,Medium,Email
CX01249,46-55,Latin America,Enterprise Plan,25,24732.78,10,High,Website
CX01250,46-55,North America,Basic Plan,25,46640.41,2,Low,Email
CX01251,36-45,Asia Pacific,Add-on Services,41,34580.23,0,High,Email
CX01252,46-55,Europe,Pro Plan,31,2208.12,5,High,In-Store
CX01253,18-25,Europe,Enterprise Plan,39,23045.8,10,Low,Phone
CX01254,26-35,Europe,Basic Plan,8,38663.12,10,High,Email
CX01255,46-55,North America,Pro Plan,57,21435.77,6,Medium,In-Store
CX01256,36-45,Latin America,Enterprise Plan,47,20874.65,1,Low,In-Store
CX01257,55+,Asia Pacific,Pro Plan,18,37562.14,6,High,Phone
CX01258,18-25,Europe,Add-on Services,1,5295.1,6,High,Email
CX01259,36-45,Latin America,Pro Plan,12,19045.24,2,Low,Email
CX01260,26-35,North America,Add-on Services,37,40811.34,2,Low,Website
CX01261,26-35,Europe,Enterprise Plan,58,43644.97,7,High,Live Chat
CX01262,18-25,Europe,Basic Plan,19,4742.5,1,Medium,Website
CX01263,36-45,North America,Pro Plan,31,24517.12,1,Low,Website
CX01264,36-45,North America,Basic Plan,7,10947.88,0,Medium,Live Chat
CX01265,55+,Asia Pacific,Add-on Services,31,37967.13,9,Medium,Phone
CX01266,36-45,Asia Pacific,Enterprise Plan,53,12360.05,5,High,Email
CX01267,46-55,North America,Enterprise Plan,56,16847.64,1,Low,Email
CX01268,46-55,Europe,Basic Plan,39,6583.28,8,Medium,In-Store
CX01269,26-35,Asia Pacific,Add-on Services,40,34466.15,7,High,Email
CX01270,26-35,North America,Enterprise Plan,2,31871.98,0,High,Phone
CX01271,46-55,Europe,Add-on Services,26,37090.63,1,Medium,Email
CX01272,46-55,North America,Add-on Services,19,30555.1,2,High,Live Chat
CX01273,55+,North America,Pro Plan,32,39942.63,4,High,Live Chat
CX01274,46-55,Europe,Add-on Services,8,24367.34,8,Low,Mobile App
CX01275,26-35,Europe,Basic Plan,7,22027.22,0,Low,Phone
CX01276,46-55,Asia Pacific,Pro Plan,47,13252.61,7,High,Website
CX01277,26-35,Latin America,Basic Plan,51,34743.34,3,High,Live Chat
CX01278,18-25,Asia Pacific,Add-on Services,59,36013.42,6,High,In-Store
CX01279,55+,Latin America,Pro Plan,15,13325.15,4,Low,Website
CX01280,18-25,Asia Pacific,Pro Plan,48,47129.38,9,Medium,Mobile App
CX01281,36-45,Latin America,Basic Plan,20,3563.3,8,Low,Email
CX01282,46-55,Asia Pacific,Enterprise Plan,52,34125.46,2,High,In-Store
CX01283,55+,Europe,Basic Plan,26,954.83,7,Medium,Mobile App
CX01284,36-45,Europe,Add-on Services,44,23061.33,9,Medium,Mobile App
CX01285,18-25,Asia Pacific,Enterprise Plan,33,49521.59,1,Medium,In-Store
CX01286,55+,Latin America,Pro Plan,32,14929.01,6,Low,Phone
CX01287,26-35,Europe,Pro Plan,45,36918.42,2,Medium,In-Store
CX01288,46-55,Asia Pacific,Pro Plan,2,27623.17,5,Medium,In-Store
CX01289,46-55,Asia Pacific,Add-on Services,26,4055.25,4,Medium,In-Store
CX01290,26-35,Latin America,Basic Plan,9,16509.22,9,Low,In-Store
CX01291,36-45,Latin America,Pro Plan,37,7309.27,7,Medium,Mobile App
CX01292,26-35,Europe,Pro Plan,48,32736.28,5,High,Live Chat
CX01293,18-25,Europe,Add-on Services,28,34132.54,2,Low,Website
CX01294,36-45,Latin America,Pro Plan,4,6308.67,8,High,Phone
CX01295,55+,Latin America,Pro Plan,41,36266.25,3,Low,Website
CX01296,26-35,Latin America,Add-on Services,20,34555.21,2,High,In-Store
CX01297,46-55,North America,Add-on Services,56,41000.66,6,Medium,In-Store
CX01298,46-55,Asia Pacific,Basic Plan,8,6273.07,1,Medium,In-Store
CX01299,55+,Europe,Basic Plan,38,28862.6,9,Medium,Phone
CX01300,18-25,Europe,Add-on Services,31,49997.73,6,Medium,Live Chat
CX01301,26-35,North America,Enterprise Plan,5,35831.52,8,Low,Email
CX01302,18-25,Latin America,Add-on Services,5,26185.61,9,High,In-Store
CX01303,18-25,Europe,Basic Plan,12,43169.17,2,Low,Live Chat
CX01304,46-55,Asia Pacific,Basic Plan,3,6876.39,3,High,Mobile App
CX01305,18-25,Asia Pacific,Basic Plan,6,49006.46,8,Medium,Phone
CX01306,55+,Europe,Add-on Services,43,504.24,4,Low,Live Chat
CX01307,36-45,Latin America,Pro Plan,37,24776.92,5,High,Phone
CX01308,55+,Europe,Basic Plan,43,41078.28,3,Low,Mobile App
CX01309,26-35,Asia Pacific,Pro Plan,9,30306.15,3,High,Phone
CX01310,36-45,Europe,Add-on Services,5,27717.51,4,Medium,In-Store
CX01311,26-35,Latin America,Add-on Services,6,47264.65,10,Medium,In-Store
CX01312,26-35,Europe,Basic Plan,41,36767.41,10,High,In-Store
CX01313,26-35,Asia Pacific,Pro Plan,27,41167.61,5,Medium,Email
CX01314,18-25,Europe,Basic Plan,18,6668.75,1,High,Live Chat
CX01315,46-55,North America,Enterprise Plan,41,4904.22,5,Medium,Mobile App
CX01316,26-35,Asia Pacific,Basic Plan,7,19169.22,3,Medium,Website
CX01317,18-25,Europe,Enterprise Plan,38,41156.49,7,Low,Live Chat
CX01318,36-45,Asia Pacific,Enterprise Plan,39,5403.77,0,Low,Phone
CX01319,46-55,Europe,Enterprise Plan,52,37194.21,8,High,Live Chat
CX01320,46-55,Latin America,Pro Plan,17,970.12,8,High,Mobile App
CX01321,26-35,Europe,Add-on Services,37,36903.41,0,High,In-Store
CX01322,36-45,Europe,Add-on Services,46,23160.44,7,Medium,Email
CX01323,55+,Asia Pacific,Enterprise Plan,28,26269.44,3,Medium,In-Store
CX01324,18-25,Asia Pacific,Add-on Services,50,15980.48,1,High,Website
CX01325,18-25,Europe,Basic Plan,11,28978.18,1,High,Phone
CX01326,55+,Latin America,Basic Plan,28,34013.14,2,Medium,Email
CX01327,55+,North America,Add-on Services,1,31006.19,0,High,Email
CX01328,55+,Asia Pacific,Pro Plan,48,33228.12,8,High,Live Chat
CX01329,18-25,Latin America,Pro Plan,44,46544.18,8,Low,Mobile App
CX01330,18-25,Asia Pacific,Pro Plan,33,17987.93,0,Medium,Email
CX01331,46-55,Europe,Enterprise Plan,8,17228.95,10,Low,Live Chat
CX01332,18-25,Asia Pacific,Enterprise Plan,31,15030.48,3,Low,In-Store
CX01333,55+,Latin America,Pro Plan,60,15588.58,10,High,Website
CX01334,46-55,Latin America,Basic Plan,23,791.61,7,Medium,Phone
CX01335,36-45,North America,Basic Plan,23,44564.72,2,Medium,Phone
CX01336,18-25,North America,Add-on Services,32,10278.45,8,High,Mobile App
CX01337,46-55,North America,Add-on Services,1,8203.7,10,Medium,Mobile App
CX01338,46-55,Latin America,Enterprise Plan,20,18542.54,2,High,Phone
CX01339,18-25,Latin America,Add-on Services,11,7423.78,6,Low,Phone
CX01340,26-35,North America,Pro Plan,19,2492.69,6,Medium,In-Store
CX01341,36-45,North America,Pro Plan,43,10350.1,7,High,Phone
CX01342,18-25,Latin America,Add-on Services,36,25030.6,10,High,Mobile App
CX01343,36-45,Latin America,Add-on Services,9,5931.77,1,Low,Mobile App
CX01344,26-35,Asia Pacific,Basic Plan,50,34379.66,0,High,Phone
CX01345,46-55,North America,Add-on Services,31,14828.6,7,Low,Email
CX01346,26-35,Europe,Pro Plan,16,14416.37,1,Medium,In-Store
CX01347,26-35,Latin America,Pro Plan,31,35469.81,1,High,In-Store
CX01348,55+,Europe,Pro Plan,55,29764.21,10,Low,Mobile App
CX01349,18-25,Europe,Add-on Services,3,14056.15,3,Low,Email
CX01350,18-25,Europe,Basic Plan,56,3022.29,6,High,Phone
CX01351,26-35,Europe,Enterprise Plan,28,24220.16,8,Medium,In-Store
CX01352,18-25,Asia Pacific,Basic Plan,18,18497.02,5,High,Email
CX01353,26-35,Asia Pacific,Basic Plan,12,2524.01,0,High,In-Store
CX01354,36-45,Europe,Enterprise Plan,31,14367.89,9,Low,Email
CX01355,26-35,Asia Pacific,Add-on Services,24,17046.97,1,Low,In-Store
CX01356,18-25,Europe,Enterprise Plan,24,37193.96,5,High,Live Chat
CX01357,55+,Asia Pacific,Pro Plan,42,14159.37,9,Medium,Website
CX01358,18-25,Europe,Basic Plan,3,29534.79,10,Low,Mobile App
CX01359,46-55,North America,Basic Plan,35,31141.01,4,High,Email
CX01360,26-35,Europe,Basic Plan,9,9989.48,8,High,Phone
CX01361,55+,Asia Pacific,Enterprise Plan,29,31678.3,1,Medium,Website
CX01362,46-55,Latin America,Basic Plan,11,30158.11,2,Medium,Website
CX01363,55+,North America,Pro Plan,48,40819.41,7,High,Live Chat
CX01364,55+,North America,Pro Plan,29,37661.03,6,High,Email
CX01365,46-55,Asia Pacific,Pro Plan,12,678.23,9,Low,Live Chat
CX01366,18-25,Latin America,Enterprise Plan,20,42697.52,4,High,Phone
CX01367,55+,North America,Pro Plan,15,2757.82,3,Medium,Website
CX01368,26-35,Asia Pacific,Pro Plan,18,43732.45,0,High,Mobile App
CX01369,26-35,North America,Basic Plan,42,17699.36,9,Medium,Phone
CX01370,18-25,Asia Pacific,Pro Plan,27,44967.62,4,Medium,Website
CX01371,18-25,Asia Pacific,Pro Plan,47,48278.76,2,Medium,Website
CX01372,55+,North America,Add-on Services,42,13238.59,10,High,Live Chat
CX01373,55+,Europe,Add-on Services,15,16551.02,3,High,In-Store
CX01374,46-55,Europe,Add-on Services,15,36625.69,6,Medium,Mobile App
CX01375,46-55,North America,Add-on Services,12,23239.81,2,Low,Live Chat
CX01376,46-55,Europe,Enterprise Plan,2,15852.93,2,Medium,In-Store
CX01377,55+,Europe,Basic Plan,10,4066.41,3,Medium,In-Store
CX01378,46-55,North America,Pro Plan,47,37646.99,0,High,Website
CX01379,46-55,Latin America,Basic Plan,8,41414.83,10,Low,Mobile App
CX01380,26-35,North America,Enterprise Plan,10,46960.62,9,Low,Website
CX01381,18-25,Asia Pacific,Basic Plan,13,7391.89,9,Medium,Mobile App
CX01382,36-45,Asia Pacific,Add-on Services,10,12568.54,8,High,Phone
CX01383,55+,North America,Basic Plan,53,2704.03,8,Medium,Website
CX01384,55+,Latin America,Pro Plan,1,45652.26,0,Low,Email
CX01385,46-55,Europe,Enterprise Plan,42,14698.89,10,Medium,In-Store
CX01386,18-25,Latin America,Pro Plan,8,11613.86,4,Medium,Website
CX01387,55+,Asia Pacific,Basic Plan,24,46204.32,1,Low,Live Chat
CX01388,26-35,Europe,Add-on Services,34,17074.78,2,High,Email
CX01389,26-35,Asia Pacific,Enterprise Plan,23,43832.41,4,Medium,In-Store
CX01390,36-45,Asia Pacific,Basic Plan,51,607.85,2,High,Mobile App
CX01391,36-45,Europe,Add-on Services,29,36206.5,7,Low,Website
CX01392,55+,Latin America,Enterprise Plan,10,4977.13,2,Low,Email
CX01393,36-45,Asia Pacific,Add-on Services,28,24323.78,6,High,In-Store
CX01394,36-45,Europe,Pro Plan,25,21223.65,7,High,Live Chat
CX01395,46-55,Europe,Add-on Services,6,29257.71,6,High,Live Chat
CX01396,26-35,North America,Pro Plan,24,641.87,0,Medium,Live Chat
CX01397,46-55,Europe,Basic Plan,4,45612.42,5,Low,Phone
CX01398,46-55,Europe,Add-on Services,16,10931.5,3,Low,In-Store
CX01399,26-35,North America,Pro Plan,25,36787.54,6,Medium,Website
CX01400,18-25,North America,Add-on Services,54,29899.32,2,Low,Mobile App
CX01401,36-45,Europe,Basic Plan,16,4314.73,9,Medium,Mobile App
CX01402,26-35,Latin America,Pro Plan,48,26608.78,4,Medium,Email
CX01403,36-45,Latin America,Basic Plan,19,6007.7,0,High,Website
CX01404,55+,Europe,Pro Plan,1,20121.34,6,High,Email
CX01405,55+,Asia Pacific,Enterprise Plan,46,11752.09,2,Medium,Website
CX01406,55+,Latin America,Pro Plan,48,10987.28,9,Low,Mobile App
CX01407,46-55,Europe,Basic Plan,53,34775.12,7,Medium,In-Store
CX01408,46-55,Latin America,Pro Plan,4,40265.29,10,Medium,Mobile App
CX01409,36-45,North America,Basic Plan,5,18453.73,5,Low,Mobile App
CX01410,36-45,Europe,Basic Plan,5,10989.54,0,Medium,Mobile App
CX01411,55+,Europe,Basic Plan,16,13823.82,9,High,Website
CX01412,55+,Latin America,Basic Plan,4,16071.72,4,Low,Phone
CX01413,36-45,Latin America,Pro Plan,21,37716.19,5,Low,In-Store
CX01414,18-25,Asia Pacific,Add-on Services,58,37201.84,1,High,Mobile App
CX01415,18-25,Latin America,Add-on Services,38,43506.21,0,Medium,Mobile App
CX01416,26-35,Latin America,Basic Plan,57,31484.66,3,Low,In-Store
CX01417,26-35,Europe,Enterprise Plan,29,39374.92,5,Medium,Phone
CX01418,55+,Latin America,Basic Plan,58,35781.74,10,Medium,Mobile App
CX01419,26-35,North America,Pro Plan,37,31575.59,7,Low,Website
CX01420,26-35,Asia Pacific,Basic Plan,32,5158.64,5,Low,Phone
CX01421,26-35,North America,Enterprise Plan,37,18484.75,1,Low,Mobile App
CX01422,46-55,Asia Pacific,Add-on Services,17,38275.75,7,High,Mobile App
CX01423,18-25,Latin America,Basic Plan,24,43020.66,6,Medium,Live Chat
CX01424,26-35,Latin America,Enterprise Plan,33,42319.36,5,Medium,Website
CX01425,46-55,Latin America,Enterprise Plan,57,43839.05,10,Low,Live Chat
CX01426,18-25,Europe,Basic Plan,10,42726.46,4,Medium,Mobile App
CX01427,55+,Latin America,Basic Plan,15,19717.04,7,High,Website
CX01428,36-45,Latin America,Add-on Services,42,26988.23,7,Low,Website
CX01429,26-35,North America,Add-on Services,50,21939.16,6,Medium,Website
CX01430,36-45,Asia Pacific,Add-on Services,14,35263.4,7,Low,Phone
CX01431,46-55,North America,Pro Plan,31,7702.93,3,Medium,Live Chat
CX01432,18-25,Latin America,Basic Plan,60,40522.41,6,Medium,Mobile App
CX01433,18-25,Europe,Basic Plan,49,34341.74,4,Medium,In-Store
CX01434,26-35,North America,Pro Plan,5,14058.31,1,Medium,In-Store
CX01435,46-55,Latin America,Pro Plan,43,44707.13,2,Low,Website
CX01436,46-55,Asia Pacific,Enterprise Plan,11,10330.96,6,Medium,Email
CX01437,55+,Europe,Add-on Services,23,45673.59,9,Medium,Website
CX01438,55+,Europe,Basic Plan,47,33564.14,9,Low,Phone
CX01439,36-45,North America,Pro Plan,58,23203.62,2,Medium,Phone
CX01440,18-25,Latin America,Enterprise Plan,34,36253.16,7,Low,In-Store
CX01441,46-55,North America,Basic Plan,14,37412.52,3,Medium,In-Store
CX01442,55+,Europe,Add-on Services,14,17730.23,3,High,Live Chat
CX01443,18-25,Asia Pacific,Enterprise Plan,2,15446.25,4,High,Website
CX01444,46-55,Latin America,Add-on Services,27,17910.58,8,Medium,Live Chat
CX01445,36-45,North America,Pro Plan,30,21704.99,2,High,Live Chat
CX01446,26-35,Latin America,Add-on Services,19,42332.03,10,Medium,In-Store
CX01447,36-45,North America,Basic Plan,52,41943.11,1,High,Website
CX01448,55+,Latin America,Basic Plan,32,37622.21,9,High,Website
CX01449,46-55,North America,Enterprise Plan,55,21321.72,3,Medium,Live Chat
CX01450,46-55,North America,Pro Plan,55,23743.93,1,Medium,Email
CX01451,46-55,Latin America,Basic Plan,24,39218.7,8,Medium,Phone
CX01452,36-45,Asia Pacific,Add-on Services,44,12456.94,6,Low,Website
CX01453,18-25,Europe,Enterprise Plan,54,40927.0,9,Medium,Phone
CX01454,26-35,Latin America,Pro Plan,36,48687.77,3,High,In-Store
CX01455,46-55,North America,Add-on Services,9,46999.89,6,High,Mobile App
CX01456,46-55,Asia Pacific,Pro Plan,28,11932.99,2,High,Website
CX01457,55+,Latin America,Enterprise Plan,54,27868.82,5,Low,Website
CX01458,18-25,North America,Add-on Services,1,31630.26,9,Low,Website
CX01459,55+,North America,Add-on Services,2,37245.81,2,Medium,In-Store
CX01460,36-45,Europe,Pro Plan,42,44946.51,4,Low,Live Chat
CX01461,26-35,Latin America,Enterprise Plan,43,3061.57,1,Low,In-Store
CX01462,18-25,North America,Basic Plan,30,46396.35,1,Low,Mobile App
CX01463,36-45,Asia Pacific,Pro Plan,6,4330.38,5,Low,Email
CX01464,18-25,Latin America,Basic Plan,27,4142.01,10,Low,Mobile App
CX01465,46-55,Latin America,Enterprise Plan,41,45460.97,2,Low,Phone
CX01466,18-25,Europe,Basic Plan,8,48807.84,5,Medium,Live Chat
CX01467,55+,North America,Pro Plan,34,37213.99,1,Low,Live Chat
CX01468,18-25,North America,Pro Plan,14,43410.28,1,Low,Website
CX01469,36-45,Europe,Pro Plan,6,36523.32,2,Medium,Phone
CX01470,46-55,Europe,Basic Plan,23,35550.14,10,Medium,Email
CX01471,46-55,Latin America,Add-on Services,60,10056.18,2,Low,In-Store
CX01472,36-45,Latin America,Basic Plan,38,39761.08,9,Medium,Mobile App
CX01473,26-35,Latin America,Add-on Services,57,22584.81,9,High,Phone
CX01474,36-45,North America,Add-on Services,28,10386.18,5,Medium,In-Store
CX01475,18-25,Latin America,Pro Plan,57,2171.12,8,Medium,Live Chat
CX01476,46-55,Asia Pacific,Enterprise Plan,26,1982.03,2,Medium,Email
CX01477,26-35,Asia Pacific,Pro Plan,5,11151.62,5,Medium,Mobile App
CX01478,36-45,North America,Basic Plan,21,34570.47,5,Low,Email
CX01479,55+,Asia Pacific,Pro Plan,36,3778.64,4,High,Mobile App
CX01480,55+,Europe,Basic Plan,36,14263.4,9,High,Website
CX01481,55+,Latin America,Add-on Services,21,40763.03,3,Low,Website
CX01482,46-55,Latin America,Basic Plan,18,21351.24,1,Medium,Mobile App
CX01483,55+,Asia Pacific,Add-on Services,16,29032.48,4,Low,In-Store
CX01484,55+,North America,Add-on Services,19,6987.37,6,Low,Live Chat
CX01485,55+,North America,Enterprise Plan,42,1305.48,7,Low,Email
CX01486,36-45,Asia Pacific,Enterprise Plan,49,17618.31,1,High,Phone
CX01487,46-55,North America,Add-on Services,20,34974.62,7,Medium,In-Store
CX01488,18-25,Asia Pacific,Basic Plan,2,11588.71,0,Low,Website
CX01489,36-45,Latin America,Pro Plan,11,4856.83,5,High,Website
CX01490,18-25,Asia Pacific,Basic Plan,8,2876.17,4,Low,Phone
CX01491,36-45,Latin America,Enterprise Plan,45,8931.76,2,High,Email
CX01492,18-25,Europe,Enterprise Plan,56,7826.07,9,Medium,In-Store
CX01493,46-55,North America,Pro Plan,37,24157.38,7,Medium,Phone
CX01494,46-55,Europe,Basic Plan,17,38427.0,1,Medium,Live Chat
CX01495,26-35,Europe,Basic Plan,5,48602.38,0,Low,Website
CX01496,26-35,Latin America,Add-on Services,13,24638.46,5,Low,Live Chat
CX01497,55+,Asia Pacific,Enterprise Plan,46,22974.09,2,High,Website
CX01498,26-35,Europe,Enterprise Plan,25,48765.7,9,High,Mobile App
CX01499,46-55,Europe,Basic Plan,18,21443.15,10,Medium,Live Chat
CX01500,18-25,Europe,Add-on Services,57,5805.08,1,Low,Website
CX01501,46-55,Europe,Enterprise Plan,2,24073.9,8,Medium,Phone
CX01502,36-45,North America,Basic Plan,23,21857.95,2,Medium,Live Chat
CX01503,46-55,Asia Pacific,Basic Plan,29,13993.15,1,Low,In-Store
CX01504,46-55,Latin America,Pro Plan,19,9877.76,2,High,Phone
CX01505,55+,Latin America,Add-on Services,7,34217.45,10,Low,Website
CX01506,26-35,North America,Basic Plan,58,2266.55,4,Low,Website
CX01507,55+,North America,Enterprise Plan,15,44188.71,6,Medium,Email
CX01508,18-25,Europe,Enterprise Plan,32,10682.42,3,Medium,In-Store
CX01509,36-45,Asia Pacific,Basic Plan,7,9661.4,9,Medium,In-Store
CX01510,36-45,Europe,Pro Plan,21,34231.4,2,Low,Phone
CX01511,46-55,Europe,Basic Plan,43,23992.73,5,Low,Mobile App
CX01512,36-45,North America,Pro Plan,44,38132.91,0,High,Phone
CX01513,46-55,North America,Add-on Services,56,12751.77,1,Low,Website
CX01514,55+,Asia Pacific,Pro Plan,34,25405.75,2,Low,Website
CX01515,36-45,Asia Pacific,Add-on Services,32,36873.34,8,Medium,In-Store
CX01516,46-55,Asia Pacific,Enterprise Plan,30,1171.27,5,Medium,In-Store
CX01517,36-45,Latin America,Basic Plan,18,34446.32,10,Low,Mobile App
CX01518,46-55,Europe,Pro Plan,23,25142.7,3,High,In-Store
CX01519,46-55,Asia Pacific,Pro Plan,48,4919.06,6,High,Website
CX01520,36-45,Latin America,Pro Plan,17,45561.2,5,Medium,Email
CX01521,55+,Latin America,Enterprise Plan,20,9933.35,9,High,In-Store
CX01522,36-45,North America,Add-on Services,51,23023.87,5,Medium,Website
CX01523,18-25,Latin America,Pro Plan,30,34205.69,8,Medium,Live Chat
CX01524,55+,Europe,Enterprise Plan,32,14768.87,4,Low,Email
CX01525,18-25,Europe,Enterprise Plan,53,29857.05,0,Medium,Phone
CX01526,18-25,Latin America,Enterprise Plan,43,41788.45,0,Medium,Mobile App
CX01527,36-45,Asia Pacific,Pro Plan,6,35803.26,2,High,Mobile App
CX01528,46-55,North America,Enterprise Plan,15,2090.77,5,Low,In-Store
CX01529,46-55,Latin America,Add-on Services,58,5357.87,4,Medium,Live Chat
CX01530,36-45,Europe,Add-on Services,44,43858.65,9,Low,In-Store
CX01531,26-35,Asia Pacific,Pro Plan,27,27937.05,4,Medium,Website
CX01532,36-45,Latin America,Pro Plan,25,39229.08,6,Low,Mobile App
CX01533,55+,Latin America,Enterprise Plan,33,46776.55,5,Medium,Phone
CX01534,46-55,Latin America,Add-on Services,27,23333.56,8,Low,Email
CX01535,18-25,Europe,Enterprise Plan,51,12510.96,8,Medium,Mobile App
CX01536,55+,Asia Pacific,Basic Plan,49,42332.81,2,Medium,In-Store
CX01537,18-25,Latin America,Add-on Services,54,3190.14,0,Medium,In-Store
CX01538,18-25,Asia Pacific,Basic Plan,53,14883.56,7,High,Phone
CX01539,18-25,North America,Basic Plan,45,10650.69,2,High,In-Store
CX01540,46-55,Europe,Pro Plan,58,33946.2,2,Medium,In-Store
CX01541,36-45,North America,Add-on Services,40,34544.85,1,Low,Website
CX01542,26-35,North America,Basic Plan,16,10612.54,7,Low,Live Chat
CX01543,46-55,Latin America,Basic Plan,60,6529.67,6,Medium,Mobile App
CX01544,26-35,Asia Pacific,Add-on Services,55,33078.89,1,Medium,Mobile App
CX01545,18-25,Europe,Pro Plan,53,37357.63,3,Low,Live Chat
CX01546,55+,Europe,Add-on Services,31,14856.79,10,Low,Live Chat
CX01547,46-55,Asia Pacific,Enterprise Plan,26,19598.13,1,Medium,Email
CX01548,46-55,Europe,Basic Plan,19,23125.57,9,Medium,Website
CX01549,55+,Asia Pacific,Basic Plan,42,32695.91,10,High,Email
CX01550,18-25,Asia Pacific,Pro Plan,30,44180.0,7,Medium,Website
CX01551,26-35,Asia Pacific,Pro Plan,23,45176.25,8,Medium,Live Chat
CX01552,18-25,Europe,Pro Plan,23,32968.7,9,Medium,Email
CX01553,26-35,Asia Pacific,Enterprise Plan,60,19999.47,10,Medium,Email
CX01554,46-55,Europe,Enterprise Plan,9,35039.55,9,High,Phone
CX01555,55+,Latin America,Basic Plan,3,1961.33,2,Low,Website
CX01556,18-25,Latin America,Add-on Services,21,38115.51,3,Low,Mobile App
CX01557,46-55,Latin America,Basic Plan,4,30789.23,1,Low,In-Store
CX01558,18-25,Latin America,Enterprise Plan,39,31749.06,0,Low,Phone
CX01559,18-25,Latin America,Add-on Services,9,49449.11,9,High,Mobile App
CX01560,26-35,Asia Pacific,Add-on Services,29,34103.03,3,Low,In-Store
CX01561,26-35,Latin America,Pro Plan,6,29314.34,10,High,Website
CX01562,26-35,North America,Pro Plan,58,759.2,6,High,Live Chat
CX01563,18-25,Asia Pacific,Pro Plan,44,36633.87,10,High,Email
CX01564,26-35,Europe,Add-on Services,33,17929.25,9,High,Mobile App
CX01565,18-25,Latin America,Add-on Services,41,19117.85,1,High,Website
CX01566,26-35,Asia Pacific,Basic Plan,8,25186.26,0,High,Live Chat
CX01567,36-45,North America,Pro Plan,53,47060.57,4,Medium,In-Store
CX01568,36-45,North America,Pro Plan,19,4201.47,9,Low,Live Chat
CX01569,55+,Asia Pacific,Add-on Services,40,3304.09,1,High,Email
CX01570,36-45,North America,Basic Plan,22,21359.58,3,Medium,Website
CX01571,26-35,Europe,Enterprise Plan,60,37988.57,0,Low,Email
CX01572,18-25,North America,Enterprise Plan,5,47520.44,9,High,Live Chat
CX01573,18-25,Latin America,Pro Plan,18,36304.82,1,Low,Email
CX01574,55+,Europe,Enterprise Plan,28,24140.83,3,Low,Website
CX01575,18-25,Europe,Add-on Services,44,34337.96,0,High,Email
CX01576,18-25,Latin America,Add-on Services,45,6699.25,6,High,Mobile App
CX01577,18-25,Latin America,Basic Plan,58,30974.83,5,Medium,Mobile App
CX01578,36-45,Latin America,Basic Plan,16,11985.65,9,Low,Mobile App
CX01579,46-55,North America,Basic Plan,56,36131.43,0,Low,Website
CX01580,26-35,Latin America,Pro Plan,19,2664.11,5,High,In-Store
CX01581,26-35,Asia Pacific,Pro Plan,39,20192.02,10,Low,In-Store
CX01582,18-25,North America,Enterprise Plan,35,10690.12,5,Low,Email
CX01583,36-45,Asia Pacific,Enterprise Plan,56,32855.37,8,Medium,Phone
CX01584,55+,North America,Basic Plan,23,45071.06,9,Medium,Phone
CX01585,18-25,Europe,Pro Plan,54,48808.95,3,Medium,In-Store
CX01586,55+,Europe,Basic Plan,24,36383.08,2,Low,Mobile App
CX01587,46-55,Latin America,Basic Plan,2,25195.92,0,Medium,Phone
CX01588,55+,Latin America,Enterprise Plan,53,48272.28,0,Medium,Live Chat
CX01589,46-55,Latin America,Basic Plan,56,19438.11,7,Low,Mobile App
CX01590,26-35,Latin America,Pro Plan,43,21838.71,0,High,Phone
CX01591,18-25,Asia Pacific,Basic Plan,59,30632.59,5,Medium,Live Chat
CX01592,26-35,North America,Enterprise Plan,47,41547.35,6,Medium,In-Store
CX01593,18-25,North America,Add-on Services,47,46657.4,4,High,Email
CX01594,46-55,Asia Pacific,Pro Plan,25,23632.96,3,Low,Website
CX01595,36-45,Asia Pacific,Basic Plan,16,38681.29,4,Medium,Live Chat
CX01596,46-55,North America,Enterprise Plan,24,13802.99,4,High,Live Chat
CX01597,18-25,North America,Enterprise Plan,37,33208.44,4,Low,Email
CX01598,46-55,North America,Add-on Services,1,23588.76,5,Medium,In-Store
CX01599,55+,Europe,Add-on Services,4,29188.73,1,Medium,Live Chat
CX01600,55+,Asia Pacific,Basic Plan,29,9400.29,4,Medium,Email
CX01601,26-35,Europe,Pro Plan,10,43626.34,10,Low,Mobile App
CX01602,18-25,North America,Pro Plan,44,25582.6,7,High,Phone
CX01603,18-25,Europe,Basic Plan,46,49602.57,4,Low,In-Store
CX01604,36-45,North America,Pro Plan,23,5903.59,8,Medium,Website
CX01605,55+,North America,Pro Plan,14,16626.56,5,High,Email
CX01606,18-25,Latin America,Enterprise Plan,10,1722.38,9,Medium,Phone
CX01607,46-55,Asia Pacific,Add-on Services,19,31284.86,2,Medium,Website
CX01608,36-45,Europe,Basic Plan,7,30647.39,5,High,In-Store
CX01609,55+,Asia Pacific,Pro Plan,25,41620.98,0,High,In-Store
CX01610,26-35,Latin America,Basic Plan,5,47951.95,3,High,Live Chat
CX01611,55+,Latin America,Basic Plan,55,43984.74,0,High,Email
CX01612,55+,Latin America,Enterprise Plan,18,10153.67,9,Medium,Mobile App
CX01613,36-45,Europe,Enterprise Plan,15,23063.15,1,High,Mobile App
CX01614,46-55,Latin America,Enterprise Plan,6,17923.24,8,Low,Phone
CX01615,46-55,Europe,Add-on Services,51,21233.09,9,Low,Live Chat
CX01616,26-35,Latin America,Pro Plan,39,13383.81,4,Medium,Phone
CX01617,18-25,North America,Add-on Services,27,25498.78,2,High,Email
CX01618,26-35,Europe,Add-on Services,1,8755.16,6,Medium,Live Chat
CX01619,46-55,North America,Pro Plan,56,2186.75,6,Low,In-Store
CX01620,26-35,North America,Pro Plan,33,43410.56,6,Medium,Phone
CX01621,26-35,Latin America,Pro Plan,46,15022.9,5,Medium,Live Chat
CX01622,55+,North America,Basic Plan,5,37068.05,5,Medium,Email
CX01623,46-55,Latin America,Enterprise Plan,49,24116.75,2,High,Mobile App
CX01624,55+,North America,Pro Plan,58,885.3,9,Medium,In-Store
CX01625,46-55,Latin America,Enterprise Plan,29,9247.75,9,Medium,Website
CX01626,26-35,Asia Pacific,Add-on Services,22,2890.25,8,High,Live Chat
CX01627,55+,Latin America,Enterprise Plan,21,19511.35,2,Low,Website
CX01628,26-35,Latin America,Enterprise Plan,37,44039.4,5,Low,Phone
CX01629,36-45,Europe,Basic Plan,19,14055.5,7,Low,Mobile App
CX01630,36-45,Asia Pacific,Basic Plan,60,11967.89,4,Low,Website
CX01631,26-35,Europe,Basic Plan,39,45175.79,8,High,Mobile App
CX01632,18-25,Latin America,Basic Plan,24,10555.48,9,Medium,In-Store
CX01633,46-55,Europe,Add-on Services,19,45940.76,1,Medium,Email
CX01634,46-55,Asia Pacific,Basic Plan,56,7272.49,4,High,In-Store
CX01635,18-25,Asia Pacific,Basic Plan,48,39769.35,1,Medium,Mobile App
CX01636,55+,Asia Pacific,Enterprise Plan,30,31715.89,8,High,Website
CX01637,36-45,North America,Add-on Services,7,46652.22,8,Medium,Mobile App
CX01638,55+,North America,Basic Plan,16,7275.3,6,Low,In-Store
CX01639,26-35,Asia Pacific,Add-on Services,10,24483.11,2,High,Email
CX01640,36-45,Europe,Pro Plan,41,43855.27,8,High,In-Store
CX01641,26-35,North America,Add-on Services,5,24789.21,9,Low,In-Store
CX01642,26-35,North America,Add-on Services,45,13522.15,6,High,Live Chat
CX01643,26-35,Asia Pacific,Add-on Services,34,33018.58,2,Medium,Mobile App
CX01644,36-45,Latin America,Add-on Services,51,31686.36,9,Medium,Live Chat
CX01645,46-55,Asia Pacific,Basic Plan,15,6062.19,4,Medium,Email
CX01646,36-45,Europe,Add-on Services,8,9221.62,5,High,Website
CX01647,36-45,Latin America,Pro Plan,50,44167.49,7,High,Email
CX01648,26-35,North America,Enterprise Plan,18,25620.63,6,Low,Live Chat
CX01649,36-45,Asia Pacific,Enterprise Plan,27,19873.23,7,Medium,Email
CX01650,36-45,North America,Enterprise Plan,32,36545.25,5,High,Website
CX01651,36-45,Latin America,Add-on Services,15,28839.03,2,High,Mobile App
CX01652,18-25,Asia Pacific,Pro Plan,39,27218.48,0,Medium,Website
CX01653,36-45,Asia Pacific,Basic Plan,42,2936.15,3,Medium,Live Chat
CX01654,26-35,Europe,Add-on Services,56,36032.11,4,Low,Phone
CX01655,36-45,Latin America,Pro Plan,36,36800.05,0,Low,Website
CX01656,55+,North America,Add-on Services,51,24502.55,2,Medium,Phone
CX01657,18-25,Europe,Pro Plan,3,13986.68,1,Medium,In-Store
CX01658,46-55,Europe,Enterprise Plan,56,4703.37,1,High,In-Store
CX01659,46-55,North America,Basic Plan,48,41597.45,9,Low,Website
CX01660,55+,Latin America,Pro Plan,54,30481.73,4,Medium,Email
CX01661,55+,North America,Enterprise Plan,18,23215.83,1,Medium,In-Store
CX01662,55+,Latin America,Add-on Services,19,21761.96,3,Medium,Live Chat
CX01663,36-45,Latin America,Enterprise Plan,59,35292.53,8,Low,Email
CX01664,18-25,Latin America,Add-on Services,24,38253.67,1,Medium,Mobile App
CX01665,55+,North America,Add-on Services,50,11989.72,5,Medium,Live Chat
CX01666,18-25,Asia Pacific,Enterprise Plan,10,40579.2,1,Low,Live Chat
CX01667,26-35,Europe,Add-on Services,38,12873.47,2,Medium,Live Chat
CX01668,46-55,Europe,Basic Plan,50,24924.18,6,Medium,In-Store
CX01669,36-45,Europe,Basic Plan,21,34605.38,9,Medium,Website
CX01670,36-45,Europe,Add-on Services,35,25240.87,10,Low,Phone
CX01671,46-55,Latin America,Basic Plan,59,5699.67,1,Medium,Mobile App
CX01672,18-25,Europe,Basic Plan,11,10269.7,1,Low,Email
CX01673,46-55,Europe,Add-on Services,9,37575.17,8,Medium,Email
CX01674,18-25,Asia Pacific,Basic Plan,28,49789.34,10,Medium,Live Chat
CX01675,36-45,Asia Pacific,Pro Plan,10,14864.74,10,Low,Live Chat
CX01676,36-45,Asia Pacific,Add-on Services,30,10925.55,5,High,In-Store
CX01677,26-35,Europe,Add-on Services,1,16225.56,2,Low,Email
CX01678,18-25,North America,Enterprise Plan,45,9789.88,1,High,Email
CX01679,36-45,North America,Basic Plan,40,23700.36,2,Low,Phone
CX01680,55+,Europe,Enterprise Plan,41,1199.41,3,Medium,Phone
CX01681,46-55,Asia Pacific,Enterprise Plan,40,38465.95,4,High,Live Chat
CX01682,26-35,North America,Pro Plan,7,36667.57,4,Low,Phone
CX01683,55+,North America,Pro Plan,52,26354.73,10,Medium,Phone
CX01684,55+,Asia Pacific,Add-on Services,14,8820.92,3,Low,Website
CX01685,55+,Europe,Pro Plan,11,24035.47,0,Medium,Website
CX01686,18-25,Europe,Add-on Services,28,33409.69,5,Medium,Live Chat
CX01687,18-25,Europe,Add-on Services,25,38809.02,7,Medium,Phone
CX01688,55+,Asia Pacific,Basic Plan,57,30466.36,3,Low,In-Store
CX01689,36-45,Europe,Add-on Services,36,22361.52,4,High,Website
CX01690,55+,Latin America,Enterprise Plan,12,1752.13,5,Medium,In-Store
CX01691,36-45,Latin America,Pro Plan,40,28209.8,3,Medium,Phone
CX01692,26-35,North America,Pro Plan,29,18369.07,3,Low,Live Chat
CX01693,36-45,Asia Pacific,Basic Plan,59,18758.94,4,High,Website
CX01694,55+,Asia Pacific,Basic Plan,42,14110.1,7,Medium,Website
CX01695,36-45,Asia Pacific,Basic Plan,37,41254.62,7,High,In-Store
CX01696,46-55,Latin America,Pro Plan,31,37621.83,10,High,Website
CX01697,18-25,Asia Pacific,Basic Plan,40,44766.12,2,High,In-Store
CX01698,26-35,Europe,Basic Plan,27,41786.19,1,Low,Email
CX01699,18-25,Asia Pacific,Basic Plan,55,27432.13,3,High,Live Chat
CX01700,18-25,Asia Pacific,Enterprise Plan,58,35610.79,9,High,Phone
CX01701,55+,North America,Add-on Services,27,41966.98,10,Low,Website
CX01702,26-35,Europe,Enterprise Plan,6,9042.97,0,Medium,Live Chat
CX01703,26-35,Latin America,Pro Plan,41,37468.01,0,Medium,Phone
CX01704,55+,Asia Pacific,Basic Plan,22,23579.49,1,High,Email
CX01705,18-25,North America,Basic Plan,12,36612.74,2,Medium,Live Chat
CX01706,18-25,Europe,Basic Plan,14,32078.31,7,Low,In-Store
CX01707,26-35,Asia Pacific,Pro Plan,48,37913.71,2,Medium,Website
CX01708,46-55,Asia Pacific,Pro Plan,18,7451.09,5,Medium,Mobile App
CX01709,26-35,Asia Pacific,Pro Plan,12,48974.27,4,High,Email
CX01710,36-45,North America,Add-on Services,23,29145.46,5,High,Live Chat
CX01711,46-55,Europe,Basic Plan,54,29468.54,2,High,Live Chat
CX01712,26-35,Latin America,Enterprise Plan,42,40639.96,4,Low,Phone
CX01713,55+,Asia Pacific,Basic Plan,33,38783.75,4,Low,Email
CX01714,36-45,North America,Basic Plan,34,33087.44,2,Medium,Mobile App
CX01715,46-55,Asia Pacific,Enterprise Plan,37,19206.55,9,Low,Phone
CX01716,18-25,Asia Pacific,Basic Plan,11,21359.68,5,Medium,In-Store
CX01717,18-25,Europe,Enterprise Plan,20,8555.91,8,Low,Website
CX01718,46-55,Latin America,Add-on Services,47,20267.01,3,Medium,In-Store
CX01719,36-45,Asia Pacific,Add-on Services,44,20357.08,0,Low,Live Chat
CX01720,18-25,Latin America,Add-on Services,50,13833.37,9,Medium,Live Chat
CX01721,18-25,Europe,Pro Plan,60,15378.85,9,High,Live Chat
CX01722,26-35,Europe,Pro Plan,43,16990.78,0,Low,Phone
CX01723,26-35,Asia Pacific,Add-on Services,26,8684.43,0,High,Mobile App
CX01724,26-35,Europe,Enterprise Plan,20,4478.58,3,Low,Email
CX01725,18-25,Europe,Pro Plan,44,27989.74,5,Low,Email
CX01726,26-35,Asia Pacific,Basic Plan,31,27716.54,6,High,Mobile App
CX01727,46-55,Latin America,Add-on Services,46,12515.73,1,Medium,Mobile App
CX01728,36-45,Europe,Add-on Services,50,16692.04,4,High,In-Store
CX01729,46-55,Latin America,Basic Plan,23,24671.31,9,Low,Mobile App
CX01730,55+,Europe,Pro Plan,24,18432.88,8,Low,Live Chat
CX01731,55+,Latin America,Basic Plan,42,11888.64,7,Low,Website
CX01732,26-35,Asia Pacific,Add-on Services,6,17309.54,10,Low,Email
CX01733,26-35,Asia Pacific,Enterprise Plan,25,33926.01,7,Low,Phone
CX01734,46-55,Europe,Pro Plan,26,34275.82,1,Medium,Website
CX01735,36-45,North America,Add-on Services,52,40442.32,2,Medium,Mobile App
CX01736,55+,Latin America,Add-on Services,1,24563.9,10,Medium,Email
CX01737,18-25,Asia Pacific,Add-on Services,17,37232.22,1,High,Email
CX01738,55+,Asia Pacific,Add-on Services,46,17085.64,8,Medium,Website
CX01739,26-35,Latin America,Add-on Services,56,33898.59,2,Low,Phone
CX01740,55+,Asia Pacific,Pro Plan,33,40735.34,7,Medium,Website
CX01741,46-55,Asia Pacific,Basic Plan,8,43460.89,7,Medium,Website
CX01742,55+,Asia Pacific,Enterprise Plan,28,17204.36,4,Low,Live Chat
CX01743,36-45,Europe,Enterprise Plan,23,21144.48,7,Medium,Phone
CX01744,18-25,North America,Enterprise Plan,47,2312.31,6,Low,Mobile App
CX01745,18-25,North America,Pro Plan,47,7659.89,7,Medium,Phone
CX01746,36-45,Latin America,Pro Plan,59,41365.78,8,High,Email
CX01747,18-25,North America,Enterprise Plan,24,2395.23,9,High,In-Store
CX01748,18-25,Latin America,Basic Plan,22,46408.31,4,Medium,Email
CX01749,18-25,Europe,Enterprise Plan,47,32818.32,1,Medium,Website
CX01750,26-35,Asia Pacific,Enterprise Plan,40,25944.96,3,High,Website
CX01751,36-45,Latin America,Pro Plan,49,46806.17,4,High,In-Store
CX01752,26-35,Asia Pacific,Basic Plan,39,20234.2,2,High,Phone
CX01753,36-45,North America,Add-on Services,14,1426.59,6,High,Mobile App
CX01754,36-45,Asia Pacific,Add-on Services,39,39617.78,10,Medium,Website
CX01755,26-35,Europe,Basic Plan,46,16568.14,1,High,Phone
CX01756,55+,Latin America,Add-on Services,41,29963.92,8,Medium,Email
CX01757,55+,North America,Enterprise Plan,22,16322.32,7,Low,Email
CX01758,46-55,Europe,Pro Plan,44,19808.03,6,Low,In-Store
CX01759,55+,North America,Add-on Services,36,49254.89,1,Low,In-Store
CX01760,55+,Asia Pacific,Enterprise Plan,19,37667.45,7,High,Email
CX01761,18-25,Europe,Pro Plan,40,17905.51,6,Medium,Website
CX01762,36-45,Latin America,Pro Plan,25,46098.23,2,Medium,Live Chat
CX01763,18-25,North America,Add-on Services,14,10959.61,1,High,Phone
CX01764,26-35,Europe,Add-on Services,36,20721.55,3,Medium,Live Chat
CX01765,36-45,Asia Pacific,Enterprise Plan,41,5729.12,10,High,In-Store
CX01766,36-45,Latin America,Pro Plan,55,20496.32,7,Medium,Email
CX01767,26-35,Europe,Add-on Services,19,665.2,5,Medium,In-Store
CX01768,26-35,North America,Add-on Services,38,32828.66,6,Medium,Mobile App
CX01769,18-25,Europe,Pro Plan,40,31186.05,1,High,Live Chat
CX01770,46-55,North America,Enterprise Plan,40,12872.07,9,High,Email
CX01771,18-25,Asia Pacific,Basic Plan,48,30266.46,10,Medium,Live Chat
CX01772,55+,Europe,Pro Plan,30,18768.68,3,Low,Email
CX01773,26-35,Asia Pacific,Pro Plan,19,3708.23,0,Low,Live Chat
CX01774,46-55,Latin America,Pro Plan,44,30360.82,3,Low,Email
CX01775,55+,North America,Enterprise Plan,56,46047.71,2,Low,Email
CX01776,18-25,North America,Basic Plan,44,34005.18,8,Medium,Email
CX01777,18-25,Latin America,Enterprise Plan,57,35940.84,1,High,Live Chat
CX01778,55+,North America,Add-on Services,31,41473.81,0,Medium,Email
CX01779,18-25,Asia Pacific,Add-on Services,46,46405.8,10,High,Email
CX01780,46-55,North America,Basic Plan,10,42429.98,9,Low,In-Store
CX01781,26-35,Asia Pacific,Add-on Services,43,17321.81,3,Medium,Mobile App
CX01782,36-45,North America,Enterprise Plan,42,34838.94,7,High,Email
CX01783,26-35,Asia Pacific,Enterprise Plan,19,34615.11,5,Medium,In-Store
CX01784,36-45,Asia Pacific,Basic Plan,49,7431.04,8,Medium,Website
CX01785,26-35,Asia Pacific,Enterprise Plan,46,14915.31,2,High,In-Store
CX01786,36-45,Latin America,Add-on Services,44,15096.54,2,Low,Live Chat
CX01787,36-45,Latin America,Enterprise Plan,41,11781.94,3,High,Phone
CX01788,26-35,North America,Enterprise Plan,24,36196.4,8,Medium,Email
CX01789,55+,Europe,Enterprise Plan,42,8215.9,8,Medium,Live Chat
CX01790,36-45,Latin America,Add-on Services,42,8871.48,8,Medium,Mobile App
CX01791,46-55,Latin America,Basic Plan,43,47373.94,5,Low,Phone
CX01792,26-35,Europe,Pro Plan,18,30627.74,1,High,Mobile App
CX01793,36-45,Latin America,Add-on Services,37,45678.77,0,High,Live Chat
CX01794,26-35,Europe,Enterprise Plan,43,2125.61,10,Low,Phone
CX01795,55+,North America,Enterprise Plan,36,48101.98,8,Low,Website
CX01796,46-55,Europe,Pro Plan,17,39964.86,2,High,In-Store
CX01797,26-35,Europe,Add-on Services,12,2491.52,9,Medium,Live Chat
CX01798,36-45,North America,Pro Plan,47,41619.27,1,Low,Live Chat
CX01799,36-45,North America,Pro Plan,15,12575.06,9,Medium,Email
CX01800,18-25,North America,Enterprise Plan,51,31878.33,3,Medium,Website
CX01801,46-55,North America,Add-on Services,13,5443.86,9,Low,Live Chat
CX01802,46-55,Asia Pacific,Basic Plan,38,21772.9,1,High,Email
CX01803,26-35,Latin America,Basic Plan,17,37850.73,9,Medium,Email
CX01804,26-35,Asia Pacific,Add-on Services,33,14545.91,10,Medium,Phone
CX01805,55+,Europe,Enterprise Plan,18,34053.21,8,Medium,In-Store
CX01806,46-55,North America,Pro Plan,32,822.61,8,Medium,Email
CX01807,26-35,Europe,Basic Plan,49,21884.74,4,Low,Email
CX01808,36-45,Europe,Pro Plan,50,5881.23,3,Low,Phone
CX01809,55+,Asia Pacific,Enterprise Plan,50,26754.78,1,High,Phone
CX01810,55+,Europe,Pro Plan,21,8241.19,6,Low,Mobile App
CX01811,55+,Europe,Enterprise Plan,34,49067.14,10,High,Email
CX01812,36-45,Europe,Enterprise Plan,31,46749.33,4,Medium,Mobile App
CX01813,36-45,Asia Pacific,Enterprise Plan,54,37388.09,7,Medium,Email
CX01814,55+,Latin America,Add-on Services,1,38230.03,6,Low,Email
CX01815,36-45,Europe,Add-on Services,50,14073.26,3,Low,In-Store
CX01816,36-45,Asia Pacific,Enterprise Plan,2,16431.37,6,Medium,Live Chat
CX01817,55+,Europe,Pro Plan,40,25395.7,4,Low,Website
CX01818,26-35,Europe,Enterprise Plan,47,24244.29,9,Medium,Website
CX01819,46-55,Latin America,Pro Plan,18,49353.0,9,Medium,Website
CX01820,18-25,North America,Enterprise Plan,18,27125.84,7,Medium,Website
CX01821,46-55,Europe,Basic Plan,21,48870.35,6,Low,Mobile App
CX01822,55+,Asia Pacific,Pro Plan,36,4856.26,3,Medium,Live Chat
CX01823,55+,Asia Pacific,Enterprise Plan,45,1581.66,1,High,In-Store
CX01824,36-45,Asia Pacific,Add-on Services,48,44286.97,2,Medium,Email
CX01825,26-35,Latin America,Enterprise Plan,22,10349.77,4,Medium,Live Chat
CX01826,18-25,Europe,Basic Plan,42,20833.56,6,Medium,Website
CX01827,55+,North America,Enterprise Plan,2,28502.87,0,High,Phone
CX01828,55+,Latin America,Enterprise Plan,37,17020.75,1,High,Website
CX01829,55+,North America,Basic Plan,35,8332.08,8,Low,Live Chat
CX01830,46-55,Europe,Basic Plan,50,34355.68,4,Medium,Email
CX01831,26-35,Asia Pacific,Basic Plan,12,32568.07,5,Medium,Live Chat
CX01832,46-55,North America,Add-on Services,37,15043.78,9,Medium,Website
CX01833,18-25,Europe,Enterprise Plan,28,7949.5,3,High,In-Store
CX01834,36-45,Latin America,Pro Plan,50,41165.48,5,High,Live Chat
CX01835,26-35,Europe,Pro Plan,14,15769.84,1,Low,Live Chat
CX01836,55+,North America,Pro Plan,35,17751.72,1,Medium,Phone
CX01837,26-35,Europe,Pro Plan,20,8582.8,4,Low,Mobile App
CX01838,36-45,North America,Pro Plan,57,44994.54,7,Low,Email
CX01839,18-25,Latin America,Pro Plan,25,2936.11,7,Medium,Mobile App
CX01840,26-35,Latin America,Basic Plan,6,48477.57,8,High,In-Store
CX01841,55+,North America,Pro Plan,49,10877.08,7,High,Live Chat
CX01842,36-45,Asia Pacific,Add-on Services,13,10911.21,1,High,Phone
CX01843,46-55,Asia Pacific,Basic Plan,30,1299.2,6,Medium,Email
CX01844,18-25,Asia Pacific,Enterprise Plan,20,41908.46,6,High,Phone
CX01845,26-35,North America,Add-on Services,57,23832.39,4,High,In-Store
CX01846,36-45,North America,Pro Plan,55,12825.41,9,Low,Mobile App
CX01847,55+,Europe,Pro Plan,45,23755.73,0,Low,Live Chat
CX01848,26-35,Asia Pacific,Enterprise Plan,40,21036.38,2,Medium,Mobile App
CX01849,26-35,Europe,Pro Plan,24,44014.33,1,Low,Website
CX01850,46-55,Europe,Enterprise Plan,26,31452.97,4,High,Phone
CX01851,18-25,North America,Enterprise Plan,2,44496.61,0,High,Mobile App
CX01852,46-55,North America,Add-on Services,49,30126.12,8,Low,Mobile App
CX01853,18-25,North America,Enterprise Plan,58,11523.63,6,Low,Website
CX01854,46-55,Latin America,Add-on Services,55,44958.1,7,Low,Live Chat
CX01855,18-25,Asia Pacific,Add-on Services,31,45027.68,4,Low,Phone
CX01856,55+,Asia Pacific,Basic Plan,31,24893.68,9,Low,Mobile App
CX01857,26-35,Europe,Pro Plan,15,33130.89,1,High,Email
CX01858,36-45,North America,Pro Plan,15,12908.2,10,Medium,Phone
CX01859,46-55,Asia Pacific,Pro Plan,21,21390.04,10,Low,Live Chat
CX01860,18-25,Latin America,Basic Plan,51,10295.86,2,Low,Mobile App
CX01861,18-25,Europe,Pro Plan,26,16465.35,9,Medium,Email
CX01862,36-45,Europe,Add-on Services,29,49638.59,7,High,Phone
CX01863,55+,Latin America,Basic Plan,48,14325.61,8,Medium,Phone
CX01864,26-35,Asia Pacific,Enterprise Plan,52,43662.57,8,Medium,In-Store
CX01865,18-25,Asia Pacific,Enterprise Plan,5,39206.74,6,High,Website
CX01866,55+,Europe,Basic Plan,15,48766.85,1,Low,Live Chat
CX01867,36-45,Europe,Enterprise Plan,20,22901.96,8,Low,Live Chat
CX01868,26-35,Latin America,Pro Plan,10,42080.63,3,Low,Mobile App
CX01869,36-45,Europe,Basic Plan,52,26891.23,8,Low,In-Store
CX01870,55+,Europe,Enterprise Plan,11,5456.83,2,High,In-Store
CX01871,55+,Europe,Pro Plan,35,47138.5,9,Medium,Mobile App
CX01872,36-45,North America,Add-on Services,19,19793.73,8,Medium,Email
CX01873,46-55,Asia Pacific,Pro Plan,47,46938.09,0,Low,Phone
CX01874,55+,Asia Pacific,Pro Plan,60,36806.29,9,Low,Website
CX01875,46-55,Europe,Pro Plan,31,41210.84,3,Medium,Mobile App
CX01876,46-55,Latin America,Pro Plan,16,41799.29,1,Low,Phone
CX01877,26-35,Latin America,Basic Plan,47,37112.92,10,Low,Mobile App
CX01878,46-55,Europe,Enterprise Plan,49,16709.74,10,Low,Live Chat
CX01879,36-45,North America,Add-on Services,15,33190.86,4,Low,Live Chat
CX01880,55+,Latin America,Pro Plan,5,44071.23,5,Medium,Website
CX01881,46-55,Asia Pacific,Basic Plan,41,23593.02,9,Low,In-Store
CX01882,46-55,Asia Pacific,Pro Plan,34,5600.98,9,High,Phone
CX01883,26-35,Latin America,Add-on Services,27,3304.3,1,Medium,In-Store
CX01884,36-45,Asia Pacific,Enterprise Plan,27,33515.43,4,Medium,Website
CX01885,18-25,North America,Add-on Services,16,29496.31,3,High,Email
CX01886,36-45,North America,Add-on Services,36,30528.71,9,Medium,Live Chat
CX01887,55+,Latin America,Basic Plan,39,5835.99,10,Low,Live Chat
CX01888,18-25,North America,Pro Plan,24,29216.04,9,Medium,Email
CX01889,18-25,Asia Pacific,Add-on Services,55,23306.78,8,Low,Email
CX01890,46-55,North America,Pro Plan,37,9446.52,10,Medium,Website
CX01891,36-45,Latin America,Basic Plan,47,23102.85,4,Medium,In-Store
CX01892,36-45,Asia Pacific,Pro Plan,18,22577.35,0,Medium,Email
CX01893,36-45,Europe,Pro Plan,36,38655.04,8,High,Phone
CX01894,46-55,Asia Pacific,Pro Plan,55,25241.9,1,Medium,Phone
CX01895,55+,Europe,Enterprise Plan,54,15638.84,1,High,Email
CX01896,36-45,Latin America,Pro Plan,49,19443.47,4,High,Email
CX01897,36-45,Asia Pacific,Add-on Services,58,18392.43,2,Low,Phone
CX01898,18-25,North America,Pro Plan,38,15871.12,8,High,In-Store
CX01899,55+,Asia Pacific,Pro Plan,26,31114.31,1,Low,Website
CX01900,18-25,Latin America,Enterprise Plan,10,35936.46,8,Medium,Email
CX01901,26-35,Latin America,Basic Plan,55,47825.71,4,High,Live Chat
CX01902,18-25,Asia Pacific,Pro Plan,29,41393.63,3,High,Mobile App
CX01903,36-45,North America,Add-on Services,15,41745.77,3,Low,Mobile App
CX01904,46-55,Europe,Pro Plan,1,15191.26,0,High,Email
CX01905,46-55,Latin America,Pro Plan,27,9709.87,8,High,Email
CX01906,55+,Latin America,Enterprise Plan,46,39941.47,5,Medium,Email
CX01907,36-45,Asia Pacific,Pro Plan,21,27248.27,1,High,Mobile App
CX01908,36-45,Europe,Pro Plan,7,49060.05,8,High,Email
CX01909,55+,Asia Pacific,Basic Plan,52,41401.54,3,High,Phone
CX01910,55+,Europe,Add-on Services,18,28925.83,0,Medium,Live Chat
CX01911,46-55,Latin America,Add-on Services,5,47681.62,2,Low,Live Chat
CX01912,46-55,North America,Enterprise Plan,31,43445.07,2,Low,In-Store
CX01913,36-45,North America,Enterprise Plan,37,12974.6,0,High,Live Chat
CX01914,46-55,Latin America,Pro Plan,26,11152.6,7,Medium,Live Chat
CX01915,36-45,Asia Pacific,Pro Plan,37,40021.61,8,Medium,Mobile App
CX01916,55+,Asia Pacific,Basic Plan,40,3122.06,5,High,Website
CX01917,18-25,North America,Add-on Services,47,8479.76,3,Low,Live Chat
CX01918,26-35,Europe,Basic Plan,42,46476.9,1,Medium,Website
CX01919,18-25,Latin America,Add-on Services,52,20674.92,7,Low,Phone
CX01920,26-35,North America,Enterprise Plan,23,9281.84,6,Medium,Email
CX01921,18-25,Europe,Enterprise Plan,26,10430.06,5,High,In-Store
CX01922,18-25,Asia Pacific,Add-on Services,49,5154.38,4,Low,Live Chat
CX01923,18-25,North America,Enterprise Plan,7,8841.4,8,Low,Website
CX01924,36-45,Latin America,Enterprise Plan,2,40101.89,9,High,Phone
CX01925,18-25,Europe,Pro Plan,41,31233.18,2,High,Mobile App
CX01926,36-45,North America,Pro Plan,39,19021.33,2,Medium,In-Store
CX01927,26-35,Europe,Add-on Services,2,31293.09,8,Low,Phone
CX01928,36-45,North America,Enterprise Plan,44,9430.63,8,Low,Website
CX01929,46-55,Europe,Pro Plan,40,46039.96,7,High,Live Chat
CX01930,46-55,Latin America,Basic Plan,43,27945.86,5,Low,Phone
CX01931,26-35,Europe,Add-on Services,13,39805.67,0,Medium,Website
CX01932,46-55,North America,Basic Plan,43,32912.8,8,High,Live Chat
CX01933,55+,Latin America,Pro Plan,19,16355.66,7,Low,Phone
CX01934,46-55,Latin America,Add-on Services,25,4578.25,0,Medium,Website
CX01935,36-45,Latin America,Add-on Services,20,25131.92,4,High,In-Store
CX01936,18-25,North America,Pro Plan,6,15702.43,9,High,Live Chat
CX01937,55+,Europe,Enterprise Plan,48,2873.82,0,Low,Phone
CX01938,46-55,Europe,Enterprise Plan,35,3095.55,10,Medium,In-Store
CX01939,55+,Europe,Enterprise Plan,44,35109.56,3,Low,Email
CX01940,26-35,Europe,Enterprise Plan,5,35844.71,7,Low,Live Chat
CX01941,55+,North America,Basic Plan,60,19383.69,1,Medium,Website
CX01942,26-35,Asia Pacific,Pro Plan,25,41415.32,5,Medium,Website
CX01943,26-35,Europe,Pro Plan,40,33592.37,6,High,Live Chat
CX01944,36-45,Europe,Enterprise Plan,27,34668.92,6,Medium,Email
CX01945,36-45,Europe,Add-on Services,17,30206.42,10,High,Email
CX01946,18-25,Latin America,Pro Plan,43,34630.22,1,High,Website
CX01947,18-25,Europe,Add-on Services,5,9576.25,5,Low,In-Store
CX01948,36-45,Latin America,Enterprise Plan,35,14678.73,9,Medium,Website
CX01949,18-25,Latin America,Pro Plan,6,27960.12,7,Low,Mobile App
CX01950,55+,North America,Add-on Services,31,5912.52,3,Low,Email
CX01951,26-35,North America,Basic Plan,16,22079.46,5,Medium,In-Store
CX01952,26-35,Latin America,Basic Plan,43,46713.97,3,Low,In-Store
CX01953,36-45,North America,Basic Plan,10,17396.7,4,Low,Phone
CX01954,46-55,Europe,Basic Plan,26,19311.7,4,High,Website
CX01955,26-35,Europe,Pro Plan,22,33071.6,7,Low,Email
CX01956,18-25,Europe,Enterprise Plan,36,8474.35,8,Medium,Website
CX01957,18-25,North America,Add-on Services,34,26946.55,9,High,Mobile App
CX01958,36-45,Asia Pacific,Basic Plan,10,45125.22,10,Low,Website
CX01959,46-55,North America,Basic Plan,53,19682.6,9,Low,Mobile App
CX01960,18-25,North America,Basic Plan,42,41287.92,7,High,In-Store
CX01961,46-55,Asia Pacific,Add-on Services,29,45556.93,3,High,Email
CX01962,55+,Asia Pacific,Enterprise Plan,41,23021.72,2,Medium,Live Chat
CX01963,36-45,Europe,Pro Plan,19,32036.11,2,Medium,Phone
CX01964,26-35,Asia Pacific,Basic Plan,28,40369.8,2,Low,Email
CX01965,46-55,Europe,Add-on Services,9,42086.7,5,Low,Email
CX01966,46-55,Latin America,Add-on Services,47,22889.43,6,Medium,Phone
CX01967,36-45,Asia Pacific,Add-on Services,9,36303.73,3,Low,Mobile App
CX01968,26-35,Europe,Enterprise Plan,58,23437.11,6,Medium,In-Store
CX01969,36-45,Europe,Add-on Services,10,23776.51,8,High,Email
CX01970,36-45,Latin America,Basic Plan,13,11250.32,8,Low,In-Store
CX01971,46-55,Latin America,Pro Plan,29,1679.85,3,Medium,Live Chat
CX01972,26-35,Asia Pacific,Pro Plan,42,20392.89,3,Low,Email
CX01973,36-45,Latin America,Pro Plan,56,37054.05,7,Medium,Live Chat
CX01974,55+,North America,Basic Plan,51,3735.27,0,Low,Website
CX01975,36-45,North America,Enterprise Plan,60,45139.29,3,High,Mobile App
CX01976,26-35,Asia Pacific,Basic Plan,24,31349.97,5,High,Email
CX01977,46-55,Asia Pacific,Pro Plan,19,15510.4,8,Low,Mobile App
CX01978,26-35,Latin America,Basic Plan,35,45556.46,6,Low,Live Chat
CX01979,55+,Latin America,Enterprise Plan,45,42475.74,3,Low,In-Store
CX01980,26-35,Latin America,Basic Plan,49,2449.23,6,Medium,Email
CX01981,46-55,Europe,Basic Plan,38,34562.01,5,Medium,Live Chat
CX01982,55+,Europe,Add-on Services,58,1482.91,7,High,Live Chat
CX01983,36-45,Asia Pacific,Basic Plan,57,18813.42,2,Low,Live Chat
CX01984,36-45,Latin America,Pro Plan,8,49648.39,10,Low,In-Store
CX01985,36-45,Asia Pacific,Basic Plan,23,30339.22,7,Low,Live Chat
CX01986,55+,Latin America,Pro Plan,24,42637.01,3,High,Phone
CX01987,55+,North America,Add-on Services,21,45337.92,0,High,Mobile App
CX01988,36-45,Asia Pacific,Add-on Services,28,17207.13,4,High,In-Store
CX01989,46-55,North America,Enterprise Plan,36,2053.0,9,Low,In-Store
CX01990,55+,North America,Enterprise Plan,25,10382.3,7,Medium,Email
CX01991,18-25,Asia Pacific,Add-on Services,22,18656.3,8,Medium,Email
CX01992,36-45,Europe,Enterprise Plan,47,13448.6,3,Medium,Phone
CX01993,36-45,North America,Add-on Services,59,33754.49,10,Medium,Live Chat
CX01994,18-25,North America,Pro Plan,52,38222.14,3,Low,Mobile App
CX01995,36-45,North America,Pro Plan,37,40172.12,1,Low,Website
CX01996,18-25,Asia Pacific,Basic Plan,10,29346.37,7,High,Phone
CX01997,18-25,North America,Basic Plan,46,7366.39,1,Low,Website
CX01998,18-25,North America,Add-on Services,51,34437.25,3,Low,In-Store
CX01999,18-25,Latin America,Enterprise Plan,41,26702.01,7,Low,In-Store
CX02000,46-55,Europe,Add-on Services,19,36712.45,9,Low,Email
CX02001,26-35,North America,Basic Plan,12,48722.42,4,Low,Live Chat
CX02002,55+,Europe,Basic Plan,45,38202.49,3,Low,Phone
CX02003,26-35,Europe,Add-on Services,41,41884.0,4,High,Email
CX02004,55+,Asia Pacific,Pro Plan,28,12922.02,5,High,Mobile App
CX02005,55+,North America,Enterprise Plan,19,37837.71,1,Low,Website
CX02006,46-55,Asia Pacific,Basic Plan,40,37904.68,6,Low,In-Store
CX02007,46-55,North America,Basic Plan,21,29612.86,5,High,In-Store
CX02008,55+,North America,Enterprise Plan,47,42066.4,7,Medium,In-Store
CX02009,46-55,Asia Pacific,Add-on Services,20,38288.92,5,High,In-Store
CX02010,26-35,Europe,Pro Plan,3,34697.8,6,Medium,Email
CX02011,36-45,Latin America,Add-on Services,56,45004.93,7,Low,Mobile App
CX02012,46-55,Latin America,Basic Plan,56,7401.89,5,Medium,In-Store
CX02013,26-35,Latin America,Enterprise Plan,1,22001.87,10,Low,Mobile App
CX02014,55+,Europe,Pro Plan,7,1311.27,7,Low,Phone
CX02015,36-45,Europe,Basic Plan,32,19915.48,4,High,Phone
CX02016,26-35,Europe,Add-on Services,39,36324.6,6,Medium,Mobile App
CX02017,46-55,North America,Enterprise Plan,7,3811.85,5,High,Email
CX02018,55+,Asia Pacific,Pro Plan,16,26178.75,7,Low,Email
CX02019,46-55,North America,Enterprise Plan,41,8350.82,10,Medium,In-Store
CX02020,55+,Latin America,Basic Plan,39,6906.69,4,Medium,In-Store
CX02021,36-45,Europe,Enterprise Plan,37,48536.32,1,Low,Email
CX02022,36-45,Latin America,Pro Plan,14,47256.55,3,Medium,In-Store
CX02023,46-55,Asia Pacific,Enterprise Plan,37,39793.99,3,Low,Phone
CX02024,55+,Europe,Pro Plan,53,41073.02,7,High,Email
CX02025,18-25,Asia Pacific,Basic Plan,25,37634.52,9,Medium,Website
CX02026,55+,Latin America,Add-on Services,39,45071.31,4,Low,Email
CX02027,46-55,Europe,Enterprise Plan,46,7582.63,0,Medium,Mobile App
CX02028,26-35,North America,Enterprise Plan,23,41329.42,7,High,Mobile App
CX02029,36-45,Asia Pacific,Add-on Services,21,30436.17,8,Low,In-Store
CX02030,26-35,North America,Enterprise Plan,47,3497.87,3,High,Live Chat
CX02031,36-45,Europe,Add-on Services,28,35181.98,0,Medium,Phone
CX02032,26-35,Europe,Enterprise Plan,2,1926.65,10,Medium,Website
CX02033,36-45,Latin America,Pro Plan,29,31481.55,8,Low,Live Chat
CX02034,46-55,Asia Pacific,Basic Plan,60,14040.83,4,Low,In-Store
CX02035,55+,Latin America,Enterprise Plan,11,29530.78,5,Low,Website
CX02036,18-25,Asia Pacific,Add-on Services,24,7516.77,6,High,Website
CX02037,46-55,Asia Pacific,Add-on Services,12,16667.22,0,High,Phone
CX02038,36-45,North America,Basic Plan,47,36004.88,2,Medium,Website
CX02039,18-25,Europe,Pro Plan,7,26377.64,3,Low,Phone
CX02040,36-45,Asia Pacific,Basic Plan,27,17506.87,1,Medium,Email
CX02041,55+,North America,Add-on Services,42,39591.57,2,High,Website
CX02042,26-35,Latin America,Pro Plan,8,38256.82,4,Low,Mobile App
CX02043,18-25,North America,Basic Plan,42,42223.21,3,Medium,Website
CX02044,18-25,Europe,Pro Plan,10,47743.84,2,High,Phone
CX02045,36-45,Latin America,Add-on Services,2,25757.22,4,Medium,Website
CX02046,46-55,North America,Basic Plan,13,29688.6,3,Low,Live Chat
CX02047,46-55,North America,Enterprise Plan,45,4491.06,5,High,Mobile App
CX02048,46-55,Europe,Pro Plan,35,863.82,10,High,Live Chat
CX02049,36-45,Asia Pacific,Enterprise Plan,33,19726.78,3,High,Phone
CX02050,36-45,Europe,Enterprise Plan,58,13386.92,1,High,Phone
CX02051,46-55,North America,Add-on Services,39,48402.87,10,High,Email
CX02052,26-35,Europe,Basic Plan,3,19678.88,1,High,Mobile App
CX02053,26-35,Asia Pacific,Pro Plan,57,29866.28,4,Medium,Email
CX02054,18-25,Europe,Enterprise Plan,14,25799.42,4,Low,Mobile App
CX02055,26-35,Asia Pacific,Pro Plan,32,47366.36,6,High,Phone
CX02056,46-55,Latin America,Pro Plan,59,24838.27,8,High,Phone
CX02057,26-35,North America,Basic Plan,57,513.4,0,High,Website
CX02058,18-25,Asia Pacific,Basic Plan,20,22530.5,9,Low,Website
CX02059,18-25,Asia Pacific,Pro Plan,42,9943.88,6,High,Phone
CX02060,18-25,Asia Pacific,Add-on Services,42,1608.53,0,Low,Phone
CX02061,26-35,Asia Pacific,Add-on Services,60,46646.16,3,Low,In-Store
CX02062,18-25,Latin America,Pro Plan,1,6073.04,3,Medium,Live Chat
CX02063,55+,Asia Pacific,Enterprise Plan,2,35292.4,7,Low,In-Store
CX02064,26-35,Europe,Basic Plan,26,34061.95,0,Low,Email
CX02065,46-55,Latin America,Add-on Services,12,48658.9,9,Low,In-Store
CX02066,18-25,Asia Pacific,Enterprise Plan,47,24218.97,4,Low,In-Store
CX02067,36-45,Europe,Pro Plan,45,22675.46,0,High,Website
CX02068,55+,Latin America,Add-on Services,51,11960.28,0,Medium,Phone
CX02069,18-25,Asia Pacific,Add-on Services,53,23887.52,2,Medium,In-Store
CX02070,36-45,Europe,Enterprise Plan,48,32146.05,6,Low,Live Chat
CX02071,46-55,Asia Pacific,Add-on Services,23,38482.01,2,High,Email
CX02072,55+,Latin America,Enterprise Plan,28,4779.06,4,Low,Phone
CX02073,36-45,Latin America,Add-on Services,49,27190.98,10,Low,Website
CX02074,36-45,Europe,Enterprise Plan,35,31818.52,2,High,Mobile App
CX02075,26-35,Latin America,Basic Plan,53,21239.32,1,High,Live Chat
CX02076,18-25,North America,Basic Plan,17,46758.01,10,Low,In-Store
CX02077,26-35,Asia Pacific,Add-on Services,8,16611.62,5,High,Email
CX02078,55+,Latin America,Pro Plan,37,17881.15,6,High,Website
CX02079,26-35,Latin America,Pro Plan,54,34850.17,3,High,Website
CX02080,55+,North America,Add-on Services,10,45834.26,4,Low,Email
CX02081,36-45,Europe,Basic Plan,53,9954.83,0,Low,Phone
CX02082,18-25,Europe,Pro Plan,53,38915.36,1,Low,Phone
CX02083,46-55,North America,Add-on Services,23,33248.46,0,High,Live Chat
CX02084,36-45,Asia Pacific,Add-on Services,24,10818.2,6,High,Live Chat
CX02085,46-55,North America,Add-on Services,3,25249.74,5,Low,Phone
CX02086,46-55,Latin America,Basic Plan,28,34585.26,9,Medium,In-Store
CX02087,46-55,North America,Add-on Services,3,48157.03,1,Medium,Phone
CX02088,55+,North America,Basic Plan,16,36351.79,10,Low,Email
CX02089,46-55,Asia Pacific,Pro Plan,39,49208.01,0,Medium,Phone
CX02090,55+,Latin America,Pro Plan,40,20825.05,0,High,Mobile App
CX02091,55+,North America,Add-on Services,5,25352.59,7,Medium,In-Store
CX02092,55+,Latin America,Basic Plan,17,29490.22,8,Medium,Mobile App
CX02093,46-55,Asia Pacific,Pro Plan,3,14869.19,5,Medium,Website
CX02094,26-35,North America,Pro Plan,31,24569.25,0,Medium,In-Store
CX02095,26-35,Latin America,Basic Plan,20,9542.55,5,High,Live Chat
CX02096,46-55,Europe,Add-on Services,52,35188.61,1,Low,Mobile App
CX02097,26-35,Europe,Basic Plan,29,25059.21,6,Low,In-Store
CX02098,55+,Asia Pacific,Basic Plan,27,23946.07,4,Medium,Live Chat
CX02099,46-55,North America,Basic Plan,6,13507.39,10,Medium,Email
CX02100,46-55,Europe,Pro Plan,8,1693.41,1,High,Mobile App
CX02101,26-35,Latin America,Enterprise Plan,36,13518.83,1,High,Mobile App
CX02102,55+,Latin America,Basic Plan,36,2467.91,3,Low,Phone
CX02103,26-35,Latin America,Basic Plan,24,3469.7,0,Low,Live Chat
CX02104,36-45,North America,Enterprise Plan,57,40667.36,5,Low,Email
CX02105,26-35,Europe,Add-on Services,31,24197.35,1,Low,Email
CX02106,55+,North America,Pro Plan,43,6784.3,8,Low,Website
CX02107,46-55,North America,Pro Plan,16,31533.58,6,High,Phone
CX02108,26-35,Asia Pacific,Add-on Services,4,37742.36,0,Medium,Email
CX02109,18-25,Europe,Enterprise Plan,26,22766.5,3,High,Mobile App
CX02110,46-55,Latin America,Pro Plan,16,30149.45,4,Medium,Website
CX02111,46-55,North America,Add-on Services,5,28303.49,2,High,Website
CX02112,36-45,Asia Pacific,Add-on Services,18,23493.1,5,Medium,Live Chat
CX02113,55+,Asia Pacific,Enterprise Plan,55,47450.55,8,Medium,Email
CX02114,55+,Europe,Add-on Services,22,5003.89,7,Medium,Live Chat
CX02115,55+,North America,Enterprise Plan,41,13776.48,4,Medium,Live Chat
CX02116,55+,Europe,Enterprise Plan,60,45337.64,3,High,Mobile App
CX02117,36-45,Asia Pacific,Pro Plan,53,17082.42,10,Medium,Phone
CX02118,36-45,Latin America,Pro Plan,50,30846.16,2,High,Phone
CX02119,26-35,Asia Pacific,Enterprise Plan,14,40002.52,9,High,Mobile App
CX02120,18-25,Asia Pacific,Pro Plan,14,30107.5,10,Medium,Mobile App
CX02121,46-55,Asia Pacific,Pro Plan,26,24474.99,4,High,Email
CX02122,55+,Asia Pacific,Pro Plan,17,30496.2,4,Low,Email
CX02123,55+,Latin America,Basic Plan,5,9851.94,4,Medium,Email
CX02124,55+,Asia Pacific,Add-on Services,13,13652.21,6,High,Email
CX02125,55+,North America,Add-on Services,28,19650.79,1,Low,Mobile App
CX02126,18-25,Asia Pacific,Basic Plan,3,42435.15,4,Low,Live Chat
CX02127,55+,Asia Pacific,Pro Plan,51,5246.59,10,Medium,Mobile App
CX02128,18-25,North America,Basic Plan,8,17211.49,9,High,Phone
CX02129,36-45,Latin America,Pro Plan,15,11411.66,9,High,Phone
CX02130,55+,Asia Pacific,Pro Plan,10,1636.23,9,Medium,Mobile App
CX02131,26-35,Latin America,Pro Plan,35,31006.68,2,Low,Live Chat
CX02132,55+,Asia Pacific,Add-on Services,8,5236.34,6,Low,Mobile App
CX02133,46-55,Europe,Pro Plan,59,11406.91,1,Low,Mobile App
CX02134,36-45,Latin America,Add-on Services,29,11062.7,1,Low,Email
CX02135,46-55,Latin America,Pro Plan,48,44461.86,9,Medium,Website
CX02136,55+,Asia Pacific,Pro Plan,57,33828.9,6,High,Phone
CX02137,36-45,North America,Add-on Services,33,30974.07,7,High,Mobile App
CX02138,36-45,Europe,Basic Plan,39,41928.52,10,Medium,Mobile App
CX02139,46-55,Europe,Pro Plan,21,17986.64,4,Low,In-Store
CX02140,36-45,Europe,Add-on Services,39,43947.66,0,High,Live Chat
CX02141,26-35,North America,Add-on Services,46,40104.98,6,High,Phone
CX02142,36-45,Latin America,Basic Plan,32,22096.45,7,Medium,Website
CX02143,46-55,Asia Pacific,Enterprise Plan,15,13821.52,4,Medium,Mobile App
CX02144,26-35,Europe,Pro Plan,55,2296.52,6,Medium,Website
CX02145,26-35,North America,Pro Plan,6,30964.77,8,Low,Phone
CX02146,18-25,Asia Pacific,Add-on Services,10,15011.06,6,Medium,Mobile App
CX02147,26-35,Latin America,Enterprise Plan,11,26265.14,3,Low,Live Chat
CX02148,18-25,Europe,Enterprise Plan,36,23777.29,6,Low,Mobile App
CX02149,18-25,Europe,Basic Plan,5,38755.4,4,Low,Live Chat
CX02150,18-25,Latin America,Enterprise Plan,47,9356.74,8,Low,Mobile App
CX02151,18-25,Asia Pacific,Pro Plan,50,13980.7,0,High,Live Chat
CX02152,18-25,Latin America,Pro Plan,11,2893.05,2,Low,Mobile App
CX02153,55+,Asia Pacific,Enterprise Plan,30,12666.55,2,High,Website
CX02154,26-35,Europe,Basic Plan,5,49151.39,2,Low,Phone
CX02155,46-55,Latin America,Add-on Services,36,27302.71,6,High,Email
CX02156,55+,Asia Pacific,Add-on Services,49,12945.78,6,Low,Live Chat
CX02157,46-55,Europe,Basic Plan,14,4134.15,5,Medium,Website
CX02158,55+,Latin America,Add-on Services,25,15326.14,0,Medium,Email
CX02159,26-35,North America,Pro Plan,28,38866.07,2,Medium,Live Chat
CX02160,26-35,Asia Pacific,Add-on Services,16,7544.61,3,Medium,Phone
CX02161,46-55,Latin America,Add-on Services,46,23527.63,3,Medium,Mobile App
CX02162,46-55,North America,Pro Plan,10,44903.42,1,Medium,Phone
CX02163,18-25,Asia Pacific,Add-on Services,59,19634.56,10,Medium,Website
CX02164,55+,Asia Pacific,Enterprise Plan,53,25871.79,7,Low,Email
CX02165,18-25,Asia Pacific,Enterprise Plan,13,15861.92,8,Low,Website
CX02166,18-25,Europe,Enterprise Plan,4,1721.83,3,High,Live Chat
CX02167,36-45,North America,Add-on Services,26,17035.03,9,Medium,Phone
CX02168,55+,Asia Pacific,Enterprise Plan,24,3020.36,8,High,Website
CX02169,46-55,Latin America,Add-on Services,49,25941.6,10,High,In-Store
CX02170,55+,North America,Pro Plan,60,41323.29,5,High,In-Store
CX02171,46-55,Asia Pacific,Pro Plan,10,38224.38,3,Low,Live Chat
CX02172,46-55,Asia Pacific,Add-on Services,15,2573.64,4,Low,Mobile App
CX02173,26-35,Latin America,Pro Plan,27,40073.85,2,Medium,Live Chat
CX02174,55+,Asia Pacific,Pro Plan,1,49555.81,2,Low,Phone
CX02175,46-55,North America,Pro Plan,30,45799.13,2,High,Email
CX02176,18-25,North America,Add-on Services,52,45020.56,9,High,Phone
CX02177,46-55,Asia Pacific,Enterprise Plan,41,33414.6,8,Low,In-Store
CX02178,55+,Asia Pacific,Pro Plan,15,40839.13,6,Medium,Phone
CX02179,36-45,Asia Pacific,Add-on Services,47,49569.99,0,High,Phone
CX02180,36-45,North America,Pro Plan,36,11569.45,3,Low,Email
CX02181,26-35,North America,Enterprise Plan,27,37254.92,6,High,Phone
CX02182,36-45,North America,Pro Plan,11,31341.38,10,Low,Phone
CX02183,18-25,Latin America,Add-on Services,53,21892.3,6,Medium,Website
CX02184,36-45,Asia Pacific,Basic Plan,20,12166.27,7,Medium,Live Chat
CX02185,26-35,Latin America,Add-on Services,55,12138.01,3,High,Mobile App
CX02186,36-45,Europe,Enterprise Plan,38,19153.96,1,Low,Website
CX02187,18-25,North America,Pro Plan,35,21712.86,1,High,In-Store
CX02188,26-35,North America,Basic Plan,31,9289.87,2,Medium,Phone
CX02189,36-45,North America,Basic Plan,11,44697.55,5,Low,Website
CX02190,55+,North America,Basic Plan,40,510.55,3,Low,Email
CX02191,46-55,North America,Enterprise Plan,38,14925.71,8,Low,Live Chat
CX02192,36-45,Europe,Basic Plan,30,30505.3,4,Low,In-Store
CX02193,55+,North America,Add-on Services,39,11577.7,4,Low,Email
CX02194,36-45,Europe,Add-on Services,52,22899.17,8,Medium,Phone
CX02195,46-55,Latin America,Pro Plan,51,49237.63,4,High,Phone
CX02196,26-35,Europe,Add-on Services,10,35310.11,0,Low,Website
CX02197,55+,North America,Pro Plan,7,49912.17,2,Low,In-Store
CX02198,18-25,Asia Pacific,Enterprise Plan,45,16337.54,3,High,Email
CX02199,46-55,Latin America,Basic Plan,60,32393.4,10,High,In-Store
CX02200,55+,Asia Pacific,Pro Plan,58,23924.8,0,Medium,Mobile App
CX02201,46-55,Europe,Enterprise Plan,5,2921.15,4,Medium,Mobile App
CX02202,46-55,Latin America,Add-on Services,51,35602.52,5,Medium,Mobile App
CX02203,36-45,Latin America,Enterprise Plan,59,37699.95,2,Low,Mobile App
CX02204,36-45,Latin America,Basic Plan,32,43838.29,5,Low,Website
CX02205,26-35,Europe,Add-on Services,18,45411.69,2,Medium,Website
CX02206,18-25,Asia Pacific,Enterprise Plan,52,30936.41,5,Low,Website
CX02207,46-55,Europe,Pro Plan,10,16959.64,10,High,In-Store
CX02208,55+,Asia Pacific,Add-on Services,57,26672.39,9,High,Live Chat
CX02209,26-35,Latin America,Basic Plan,30,48225.05,9,High,Phone
CX02210,55+,Latin America,Basic Plan,19,16963.97,6,High,In-Store
CX02211,18-25,Latin America,Add-on Services,60,23445.38,9,High,Mobile App
CX02212,36-45,Europe,Add-on Services,17,15363.98,10,Low,Mobile App
CX02213,55+,Asia Pacific,Add-on Services,17,712.11,3,Low,Mobile App
CX02214,46-55,Europe,Add-on Services,1,21785.53,1,Medium,Live Chat
CX02215,55+,Latin America,Basic Plan,33,43493.02,10,Medium,Live Chat
CX02216,18-25,Latin America,Pro Plan,35,33233.79,4,Low,Mobile App
CX02217,46-55,Asia Pacific,Pro Plan,35,32977.08,0,High,Email
CX02218,18-25,Asia Pacific,Pro Plan,31,1524.2,2,High,In-Store
CX02219,36-45,Europe,Enterprise Plan,43,13226.08,2,Medium,Mobile App
CX02220,26-35,Asia Pacific,Basic Plan,49,46621.2,4,High,In-Store
CX02221,55+,North America,Basic Plan,10,43724.45,0,Low,Website
CX02222,36-45,Europe,Basic Plan,49,22838.93,1,High,Live Chat
CX02223,46-55,North America,Add-on Services,43,30911.12,1,Medium,Website
CX02224,36-45,Europe,Add-on Services,52,9870.36,4,High,Website
CX02225,55+,North America,Basic Plan,11,7717.74,2,High,In-Store
CX02226,55+,Europe,Add-on Services,60,37987.06,5,Low,Phone
CX02227,46-55,Latin America,Basic Plan,52,25864.78,6,Low,Mobile App
CX02228,26-35,Latin America,Basic Plan,48,11724.18,10,Medium,Live Chat
CX02229,46-55,Latin America,Enterprise Plan,42,18759.1,0,Low,Email
CX02230,26-35,North America,Enterprise Plan,2,49389.29,5,High,Phone
CX02231,46-55,North America,Enterprise Plan,56,23442.32,2,Low,Live Chat
CX02232,55+,North America,Pro Plan,31,24970.1,8,High,Phone
CX02233,18-25,North America,Enterprise Plan,16,15946.88,6,Medium,Website
CX02234,18-25,North America,Enterprise Plan,43,48221.86,2,High,Phone
CX02235,46-55,Europe,Enterprise Plan,22,42561.98,1,High,Phone
CX02236,18-25,Latin America,Enterprise Plan,48,15341.1,0,Low,Phone
CX02237,36-45,Europe,Basic Plan,56,7302.52,8,High,Live Chat
CX02238,18-25,Asia Pacific,Basic Plan,7,48744.63,5,Medium,Website
CX02239,26-35,Europe,Basic Plan,15,2929.4,4,High,Live Chat
CX02240,18-25,Asia Pacific,Enterprise Plan,7,44818.63,0,Medium,Email
CX02241,18-25,Asia Pacific,Enterprise Plan,48,3076.65,1,Low,Live Chat
CX02242,18-25,North America,Add-on Services,3,23726.54,5,Medium,Live Chat
CX02243,18-25,Asia Pacific,Pro Plan,38,47013.03,3,Low,Phone
CX02244,26-35,Europe,Basic Plan,41,40706.29,7,Low,In-Store
CX02245,26-35,Europe,Pro Plan,27,761.68,8,Medium,Live Chat
CX02246,26-35,Latin America,Pro Plan,4,21771.29,9,High,Email
CX02247,26-35,Asia Pacific,Enterprise Plan,9,20523.77,9,Medium,Live Chat
CX02248,36-45,Asia Pacific,Pro Plan,40,42878.93,1,High,Email
CX02249,36-45,Latin America,Basic Plan,8,20574.48,3,High,Phone
CX02250,26-35,Europe,Basic Plan,43,12814.62,0,Low,Mobile App
CX02251,18-25,North America,Add-on Services,9,48278.38,4,Low,Live Chat
CX02252,18-25,Europe,Basic Plan,54,34963.09,6,Low,Phone
CX02253,26-35,Latin America,Pro Plan,10,36353.55,1,Medium,Phone
CX02254,46-55,Latin America,Enterprise Plan,29,33324.43,10,Low,Mobile App
CX02255,46-55,Asia Pacific,Pro Plan,56,33459.92,10,Low,Email
CX02256,46-55,Asia Pacific,Add-on Services,4,12979.51,6,Medium,Mobile App
CX02257,18-25,North America,Add-on Services,34,14809.11,6,Low,Phone
CX02258,26-35,Asia Pacific,Enterprise Plan,12,21594.54,0,Medium,Live Chat
CX02259,18-25,Latin America,Enterprise Plan,20,32390.38,7,Low,In-Store
CX02260,36-45,Latin America,Add-on Services,18,8442.69,3,Medium,Mobile App
CX02261,18-25,Europe,Add-on Services,25,11334.21,8,High,In-Store
CX02262,26-35,North America,Enterprise Plan,47,18856.29,4,High,Website
CX02263,36-45,Asia Pacific,Add-on Services,2,3616.9,1,Low,Phone
CX02264,36-45,Europe,Pro Plan,41,25103.32,8,Low,Mobile App
CX02265,18-25,Asia Pacific,Add-on Services,37,17394.16,7,Low,Mobile App
CX02266,18-25,Asia Pacific,Add-on Services,17,34953.33,4,High,Mobile App
CX02267,46-55,Asia Pacific,Basic Plan,25,23856.8,3,Low,Phone
CX02268,18-25,Asia Pacific,Enterprise Plan,31,38066.86,8,Medium,Email
CX02269,26-35,Latin America,Basic Plan,45,4275.28,9,Low,Mobile App
CX02270,46-55,North America,Pro Plan,30,20911.81,1,Low,In-Store
CX02271,55+,Latin America,Pro Plan,15,37032.21,3,Medium,Website
CX02272,18-25,Asia Pacific,Basic Plan,59,29581.23,1,Medium,In-Store
CX02273,55+,Latin America,Pro Plan,6,17370.31,3,High,Website
CX02274,18-25,Asia Pacific,Pro Plan,3,24062.62,4,High,Mobile App
CX02275,18-25,Latin America,Pro Plan,51,20884.55,5,Low,Website
CX02276,55+,Europe,Enterprise Plan,1,21641.73,5,Medium,Email
CX02277,55+,Europe,Basic Plan,48,5326.8,10,High,Website
CX02278,36-45,Europe,Pro Plan,53,8269.23,0,High,Mobile App
CX02279,26-35,Europe,Pro Plan,9,15102.5,0,High,Email
CX02280,26-35,Europe,Basic Plan,8,36424.32,3,Medium,In-Store
CX02281,36-45,Latin America,Pro Plan,45,3631.77,2,Medium,Email
CX02282,18-25,Europe,Enterprise Plan,3,26884.97,10,Medium,Website
CX02283,18-25,Europe,Pro Plan,5,8110.12,1,Medium,Mobile App
CX02284,26-35,Asia Pacific,Enterprise Plan,57,22926.23,9,High,In-Store
CX02285,55+,Europe,Add-on Services,28,9020.68,7,Medium,Phone
CX02286,36-45,Europe,Basic Plan,13,20587.9,6,High,Email
CX02287,18-25,North America,Pro Plan,58,3162.71,8,Low,Live Chat
CX02288,46-55,Latin America,Pro Plan,4,26138.74,8,Low,Mobile App
CX02289,26-35,North America,Basic Plan,16,27180.64,1,Medium,Live Chat
CX02290,55+,North America,Enterprise Plan,17,16937.76,2,Low,Website
CX02291,46-55,Latin America,Pro Plan,9,40242.07,3,High,In-Store
CX02292,18-25,Europe,Add-on Services,5,21395.06,10,High,Website
CX02293,36-45,Latin America,Pro Plan,44,14177.41,5,Low,Website
CX02294,18-25,North America,Basic Plan,56,40575.08,0,Low,Phone
CX02295,26-35,North America,Basic Plan,45,9925.89,1,Medium,Live Chat
CX02296,36-45,North America,Basic Plan,47,7913.87,5,Medium,Email
CX02297,18-25,Asia Pacific,Enterprise Plan,17,8384.09,8,Low,Live Chat
CX02298,55+,Latin America,Enterprise Plan,32,26350.0,1,Low,Mobile App
CX02299,36-45,North America,Enterprise Plan,25,23709.28,8,Medium,Email
CX02300,18-25,North America,Basic Plan,1,33270.84,3,Medium,Phone
CX02301,36-45,North America,Enterprise Plan,47,26036.59,8,Low,Email
CX02302,46-55,North America,Pro Plan,27,7889.02,4,High,Mobile App
CX02303,36-45,Asia Pacific,Basic Plan,24,15851.26,2,High,Email
CX02304,18-25,North America,Add-on Services,4,20633.23,3,Medium,Live Chat
CX02305,55+,Latin America,Enterprise Plan,51,49937.68,9,High,Live Chat
CX02306,26-35,Europe,Basic Plan,4,13756.63,0,Low,Email
CX02307,36-45,North America,Basic Plan,17,31466.13,4,High,Mobile App
CX02308,55+,Latin America,Add-on Services,57,46579.54,8,Low,Email
CX02309,26-35,North America,Add-on Services,18,12490.25,10,Low,Mobile App
CX02310,46-55,Asia Pacific,Pro Plan,34,28785.31,10,High,In-Store
CX02311,36-45,Latin America,Enterprise Plan,11,1525.11,6,High,Mobile App
CX02312,36-45,Latin America,Pro Plan,7,15824.46,4,Low,Email
CX02313,18-25,Latin America,Enterprise Plan,41,19799.1,5,Medium,Phone
CX02314,18-25,Europe,Add-on Services,51,11839.41,10,Medium,Phone
CX02315,55+,Europe,Enterprise Plan,13,47981.31,0,High,Website
CX02316,46-55,Latin America,Enterprise Plan,27,39708.64,4,High,Live Chat
CX02317,55+,North America,Pro Plan,47,5893.78,3,High,In-Store
CX02318,55+,Europe,Enterprise Plan,22,36411.99,2,Medium,Live Chat
CX02319,18-25,Asia Pacific,Basic Plan,19,34497.96,0,Medium,Mobile App
CX02320,26-35,Europe,Pro Plan,49,41284.91,3,High,Phone
CX02321,55+,Asia Pacific,Basic Plan,26,36558.33,2,Low,Website
CX02322,18-25,Latin America,Add-on Services,47,43990.53,1,High,Website
CX02323,55+,Europe,Pro Plan,38,5025.23,10,Low,Email
CX02324,26-35,Europe,Add-on Services,42,16489.5,3,Low,Email
CX02325,18-25,North America,Basic Plan,59,37627.1,8,Medium,Phone
CX02326,46-55,North America,Add-on Services,33,42989.73,8,High,Live Chat
CX02327,18-25,North America,Pro Plan,14,41107.27,0,High,Website
CX02328,36-45,Latin America,Basic Plan,36,6831.4,9,High,Website
CX02329,26-35,Latin America,Enterprise Plan,31,32023.26,7,Medium,In-Store
CX02330,36-45,North America,Add-on Services,59,652.17,9,High,Mobile App
CX02331,46-55,Asia Pacific,Enterprise Plan,9,44351.26,1,Medium,Live Chat
CX02332,18-25,North America,Enterprise Plan,7,27191.85,3,Low,Email
CX02333,55+,Latin America,Enterprise Plan,54,1805.62,2,Medium,Mobile App
CX02334,26-35,Europe,Pro Plan,39,30297.25,2,Low,Mobile App
CX02335,46-55,Asia Pacific,Enterprise Plan,22,21204.31,1,Medium,Website
CX02336,36-45,Europe,Add-on Services,48,2621.25,5,High,Website
CX02337,36-45,Europe,Add-on Services,60,20077.08,6,High,Website
CX02338,55+,North America,Basic Plan,48,6874.93,0,Low,Mobile App
CX02339,18-25,Europe,Enterprise Plan,25,20192.6,9,Low,Website
CX02340,46-55,Europe,Add-on Services,5,16358.72,3,Low,Mobile App
CX02341,26-35,Asia Pacific,Enterprise Plan,23,3076.58,6,High,Live Chat
CX02342,26-35,Latin America,Basic Plan,32,31505.73,7,Medium,Live Chat
CX02343,26-35,Europe,Enterprise Plan,19,37608.34,0,Low,Mobile App
CX02344,36-45,North America,Add-on Services,50,10106.42,4,Low,Email
CX02345,55+,Europe,Add-on Services,3,10992.06,10,Medium,Live Chat
CX02346,18-25,North America,Basic Plan,43,18842.86,0,High,Website
CX02347,55+,Asia Pacific,Basic Plan,52,14822.81,9,Low,Website
CX02348,46-55,Asia Pacific,Pro Plan,26,37932.83,9,High,In-Store
CX02349,46-55,Latin America,Enterprise Plan,54,27858.58,9,High,In-Store
CX02350,46-55,North America,Enterprise Plan,10,26995.6,5,High,Email
CX02351,55+,Europe,Pro Plan,22,28484.32,4,Low,Live Chat
CX02352,36-45,Europe,Pro Plan,57,9923.6,2,Low,Phone
CX02353,26-35,Latin America,Add-on Services,37,28212.51,0,Medium,Live Chat
CX02354,18-25,Latin America,Pro Plan,26,32191.85,7,Medium,Website
CX02355,46-55,Europe,Pro Plan,20,28302.15,3,High,Live Chat
CX02356,26-35,Asia Pacific,Enterprise Plan,42,12576.11,8,Low,In-Store
CX02357,55+,North America,Enterprise Plan,53,652.08,5,Medium,In-Store
CX02358,18-25,Europe,Add-on Services,22,1982.02,2,Medium,Live Chat
CX02359,36-45,Europe,Add-on Services,43,13668.91,8,Medium,Live Chat
CX02360,46-55,Asia Pacific,Add-on Services,41,4103.81,3,Low,Live Chat
CX02361,46-55,Latin America,Basic Plan,44,41615.4,2,Low,Live Chat
CX02362,36-45,Asia Pacific,Basic Plan,17,42243.74,4,Medium,Live Chat
CX02363,26-35,Europe,Enterprise Plan,55,25697.05,10,Low,Website
CX02364,26-35,Latin America,Pro Plan,1,822.41,8,Medium,Live Chat
CX02365,46-55,Latin America,Basic Plan,4,6280.81,6,High,Mobile App
CX02366,18-25,North America,Pro Plan,53,30788.55,0,Low,Website
CX02367,46-55,North America,Enterprise Plan,6,15005.21,9,Low,In-Store
CX02368,36-45,North America,Add-on Services,27,38795.89,10,High,Mobile App
CX02369,55+,Latin America,Add-on Services,41,7610.58,5,Low,In-Store
CX02370,36-45,Asia Pacific,Basic Plan,58,25015.81,7,High,Phone
CX02371,46-55,Europe,Basic Plan,46,47175.08,2,High,Email
CX02372,46-55,Europe,Pro Plan,23,1463.39,1,High,Email
CX02373,46-55,Latin America,Basic Plan,11,28488.36,9,Low,Phone
CX02374,18-25,Latin America,Enterprise Plan,5,48529.7,3,Low,Email
CX02375,26-35,North America,Pro Plan,60,16052.91,2,Low,Phone
CX02376,46-55,North America,Add-on Services,35,46394.76,7,Low,Mobile App
CX02377,26-35,North America,Basic Plan,39,8587.45,6,Low,Mobile App
CX02378,46-55,Europe,Enterprise Plan,9,23652.52,8,High,Phone
CX02379,46-55,North America,Pro Plan,14,22650.72,10,High,Phone
CX02380,36-45,Asia Pacific,Basic Plan,47,48081.27,9,Medium,Website
CX02381,26-35,Latin America,Enterprise Plan,33,2628.56,1,Medium,Phone
CX02382,36-45,North America,Pro Plan,29,10642.07,4,Low,Email
CX02383,46-55,North America,Pro Plan,58,23428.65,7,High,Live Chat
CX02384,26-35,Europe,Basic Plan,1,41780.91,10,Low,Email
CX02385,55+,Europe,Basic Plan,41,10072.58,8,Medium,Mobile App
CX02386,55+,Asia Pacific,Add-on Services,51,36695.81,9,Medium,Mobile App
CX02387,46-55,Europe,Pro Plan,57,6191.78,8,Low,Live Chat
CX02388,36-45,Latin America,Basic Plan,22,11830.96,7,High,Website
CX02389,46-55,Latin America,Add-on Services,44,46391.72,1,Medium,Email
CX02390,18-25,Latin America,Add-on Services,16,45065.47,8,Low,Website
CX02391,36-45,North America,Add-on Services,35,7609.66,10,Low,Mobile App
CX02392,26-35,Asia Pacific,Enterprise Plan,44,8381.25,6,High,In-Store
CX02393,36-45,North America,Enterprise Plan,35,49449.23,1,High,Phone
CX02394,46-55,Europe,Basic Plan,34,32739.43,2,Low,Live Chat
CX02395,26-35,Asia Pacific,Add-on Services,30,37870.67,0,High,Live Chat
CX02396,55+,Asia Pacific,Pro Plan,28,31360.13,8,Medium,Live Chat
CX02397,18-25,Europe,Pro Plan,58,45970.01,5,Low,Live Chat
CX02398,26-35,Latin America,Enterprise Plan,33,48468.75,10,Low,Phone
CX02399,55+,Asia Pacific,Basic Plan,42,4658.7,5,Medium,In-Store
CX02400,55+,Latin America,Basic Plan,45,32914.23,1,Medium,Mobile App
CX02401,26-35,Latin America,Add-on Services,25,24141.27,8,High,Mobile App
CX02402,18-25,Latin America,Enterprise Plan,25,39122.27,9,Low,In-Store
CX02403,46-55,Latin America,Add-on Services,25,27327.85,9,High,Email
CX02404,55+,Latin America,Pro Plan,54,41787.36,5,High,Live Chat
CX02405,26-35,Latin America,Basic Plan,51,32343.63,5,High,Live Chat
CX02406,18-25,Latin America,Pro Plan,44,31447.41,3,Medium,Website
CX02407,36-45,North America,Enterprise Plan,49,49726.41,6,High,Live Chat
CX02408,36-45,Latin America,Basic Plan,2,33814.06,2,Medium,Live Chat
CX02409,26-35,Asia Pacific,Enterprise Plan,18,12934.68,8,Medium,Email
CX02410,55+,Latin America,Pro Plan,9,17974.49,9,Medium,Mobile App
CX02411,26-35,Europe,Enterprise Plan,51,19873.58,3,Low,Live Chat
CX02412,55+,North America,Enterprise Plan,26,8638.87,1,High,In-Store
CX02413,36-45,Europe,Enterprise Plan,47,49474.37,7,Low,Phone
CX02414,46-55,Europe,Pro Plan,26,47330.2,3,High,Mobile App
CX02415,36-45,Asia Pacific,Basic Plan,15,43092.28,8,Low,Live Chat
CX02416,46-55,Asia Pacific,Enterprise Plan,2,47605.6,7,High,Phone
CX02417,46-55,Asia Pacific,Basic Plan,40,16361.85,7,High,Phone
CX02418,36-45,Europe,Basic Plan,13,15677.66,9,Low,In-Store
CX02419,55+,North America,Basic Plan,59,24320.26,7,Low,Website
CX02420,26-35,Asia Pacific,Pro Plan,18,39775.85,1,Medium,Mobile App
CX02421,46-55,Asia Pacific,Basic Plan,21,15035.67,1,Medium,Phone
CX02422,26-35,North America,Pro Plan,47,9088.73,9,Low,Email
CX02423,46-55,North America,Pro Plan,52,21599.38,5,Low,Website
CX02424,55+,Asia Pacific,Pro Plan,45,43280.81,1,Medium,Website
CX02425,18-25,Asia Pacific,Pro Plan,30,19455.15,8,Low,In-Store
CX02426,55+,Latin America,Basic Plan,39,36758.84,2,Medium,Website
CX02427,36-45,Asia Pacific,Pro Plan,16,42312.76,8,High,Phone
CX02428,46-55,Europe,Pro Plan,60,16879.21,6,Medium,Website
CX02429,36-45,Latin America,Add-on Services,35,22388.97,4,Low,Mobile App
CX02430,46-55,Asia Pacific,Enterprise Plan,48,44711.96,4,High,In-Store
CX02431,36-45,Latin America,Enterprise Plan,51,43406.29,9,Medium,Mobile App
CX02432,55+,Europe,Enterprise Plan,40,45569.09,1,High,Email
CX02433,36-45,North America,Pro Plan,60,42625.15,0,Low,Mobile App
CX02434,36-45,Asia Pacific,Pro Plan,38,32543.33,3,Low,Mobile App
CX02435,26-35,North America,Enterprise Plan,56,16210.16,3,Low,Phone
CX02436,36-45,Latin America,Basic Plan,34,10602.52,10,Medium,Live Chat
CX02437,26-35,North America,Enterprise Plan,20,14575.97,8,High,Live Chat
CX02438,46-55,Latin America,Add-on Services,10,25229.43,3,Medium,Email
CX02439,46-55,Asia Pacific,Add-on Services,10,37471.56,2,Medium,Live Chat
CX02440,26-35,Asia Pacific,Enterprise Plan,14,47510.31,1,High,Mobile App
CX02441,26-35,North America,Pro Plan,13,41898.76,2,Low,Live Chat
CX02442,26-35,North America,Enterprise Plan,40,5083.9,6,High,Website
CX02443,18-25,Europe,Add-on Services,17,24732.12,3,High,Live Chat
CX02444,46-55,Asia Pacific,Basic Plan,35,8670.43,7,Medium,Live Chat
CX02445,18-25,Latin America,Pro Plan,51,9442.93,5,Medium,Email
CX02446,36-45,Asia Pacific,Enterprise Plan,36,31572.86,7,Low,Email
CX02447,26-35,North America,Enterprise Plan,10,31121.27,8,High,In-Store
CX02448,46-55,Latin America,Pro Plan,47,5561.37,0,High,Mobile App
CX02449,46-55,North America,Add-on Services,12,3634.44,10,Low,Mobile App
CX02450,46-55,Europe,Pro Plan,54,46341.31,5,Low,Mobile App
CX02451,26-35,Europe,Add-on Services,57,8974.03,1,High,Email
CX02452,36-45,North America,Enterprise Plan,16,27880.25,2,Low,Mobile App
CX02453,36-45,Asia Pacific,Pro Plan,51,29091.46,8,Low,Phone
CX02454,55+,Asia Pacific,Enterprise Plan,27,6546.75,10,Medium,In-Store
CX02455,46-55,Europe,Pro Plan,52,19957.55,3,Low,Live Chat
CX02456,36-45,Asia Pacific,Enterprise Plan,37,40632.79,7,High,In-Store
CX02457,18-25,Europe,Add-on Services,39,41331.02,9,Medium,Website
CX02458,26-35,Europe,Add-on Services,5,8523.43,5,Low,In-Store
CX02459,55+,Latin America,Add-on Services,47,6069.4,7,High,Phone
CX02460,26-35,Europe,Pro Plan,10,1889.88,10,Low,Mobile App
CX02461,36-45,Latin America,Basic Plan,36,9827.8,0,Low,Phone
CX02462,55+,Latin America,Add-on Services,34,25421.31,9,Medium,Phone
CX02463,26-35,Asia Pacific,Enterprise Plan,12,12221.39,8,Medium,Website
CX02464,18-25,Europe,Basic Plan,18,48910.5,3,Medium,In-Store
CX02465,18-25,Asia Pacific,Basic Plan,30,3787.22,2,Low,In-Store
CX02466,55+,North America,Basic Plan,50,7886.16,9,Low,In-Store
CX02467,55+,Asia Pacific,Basic Plan,6,15488.14,7,Medium,In-Store
CX02468,55+,Europe,Basic Plan,40,41250.83,0,High,Email
CX02469,46-55,North America,Pro Plan,44,29877.51,1,High,Website
CX02470,26-35,Latin America,Basic Plan,41,7971.12,2,Low,Mobile App
CX02471,26-35,North America,Add-on Services,27,23594.36,10,Low,Website
CX02472,18-25,North America,Basic Plan,8,19437.81,1,Low,Mobile App
CX02473,18-25,North America,Basic Plan,29,7231.35,5,High,In-Store
CX02474,55+,Latin America,Pro Plan,13,46311.41,3,Low,Phone
CX02475,55+,Europe,Add-on Services,25,17197.0,8,Low,In-Store
CX02476,26-35,Latin America,Enterprise Plan,50,26289.14,2,Medium,Mobile App
CX02477,18-25,North America,Enterprise Plan,2,39596.93,10,Medium,In-Store
CX02478,55+,Europe,Enterprise Plan,56,932.74,10,Medium,Mobile App
CX02479,26-35,Asia Pacific,Add-on Services,9,1347.19,9,Low,In-Store
CX02480,36-45,Asia Pacific,Add-on Services,54,39653.29,10,Low,Mobile App
CX02481,55+,Asia Pacific,Pro Plan,50,34880.75,7,Low,Website
CX02482,26-35,Latin America,Basic Plan,10,14135.37,6,Medium,Live Chat
CX02483,36-45,Asia Pacific,Add-on Services,20,38247.32,2,Low,Website
CX02484,36-45,North America,Pro Plan,2,7471.87,7,Low,Email
CX02485,18-25,Asia Pacific,Pro Plan,31,11924.94,7,Medium,Website
CX02486,26-35,North America,Add-on Services,47,36216.6,1,Medium,Email
CX02487,55+,North America,Add-on Services,15,6934.39,4,High,In-Store
CX02488,18-25,Asia Pacific,Enterprise Plan,17,47669.27,2,High,In-Store
CX02489,18-25,Europe,Enterprise Plan,3,12860.02,1,Low,Live Chat
CX02490,36-45,Latin America,Add-on Services,37,45753.22,10,Medium,Phone
CX02491,46-55,Asia Pacific,Basic Plan,24,22419.21,10,Medium,Phone
CX02492,36-45,Latin America,Pro Plan,16,12938.42,1,Low,Phone
CX02493,46-55,Latin America,Basic Plan,8,2684.12,0,Low,Live Chat
CX02494,18-25,North America,Pro Plan,2,40401.79,6,High,Mobile App
CX02495,18-25,Latin America,Add-on Services,18,38290.49,1,Medium,Mobile App
CX02496,46-55,North America,Basic Plan,34,5322.7,10,Medium,Email
CX02497,18-25,Europe,Basic Plan,56,36129.73,5,High,Website
CX02498,46-55,North America,Pro Plan,33,2601.31,7,Low,Mobile App
CX02499,18-25,Latin America,Pro Plan,22,4445.53,0,Medium,Phone
CX02500,55+,Asia Pacific,Add-on Services,20,10374.98,6,Low,Website
CX02501,26-35,North America,Basic Plan,37,22037.26,5,High,Live Chat
CX02502,36-45,Latin America,Add-on Services,46,21759.5,4,Medium,Website
CX02503,26-35,North America,Basic Plan,22,10348.76,10,Low,Live Chat
CX02504,46-55,Europe,Add-on Services,60,13083.95,6,Medium,Email
CX02505,26-35,North America,Enterprise Plan,38,3671.69,3,Low,In-Store
CX02506,46-55,North America,Basic Plan,4,49001.23,6,Medium,Email
CX02507,18-25,Asia Pacific,Enterprise Plan,41,29671.05,1,Low,Website
CX02508,46-55,Latin America,Add-on Services,8,45739.51,0,Low,In-Store
CX02509,36-45,Europe,Basic Plan,53,35887.69,10,High,Phone
CX02510,55+,North America,Enterprise Plan,16,33551.63,1,Medium,Mobile App
CX02511,18-25,Asia Pacific,Basic Plan,52,29687.46,10,High,Email
CX02512,46-55,Latin America,Pro Plan,42,3723.37,7,High,Email
CX02513,18-25,Latin America,Add-on Services,39,28048.83,4,Low,Email
CX02514,46-55,North America,Pro Plan,14,24505.29,0,Medium,Email
CX02515,55+,Asia Pacific,Pro Plan,15,41630.36,5,Medium,Mobile App
CX02516,26-35,Asia Pacific,Basic Plan,40,22580.37,0,Low,In-Store
CX02517,36-45,Europe,Add-on Services,55,49408.23,10,Low,Website
CX02518,26-35,Latin America,Basic Plan,33,23306.72,8,Low,Website
CX02519,18-25,Latin America,Basic Plan,54,8338.74,10,High,Website
CX02520,36-45,North America,Basic Plan,16,18784.16,9,High,Live Chat
CX02521,55+,Latin America,Pro Plan,58,6041.86,7,Low,In-Store
CX02522,55+,Asia Pacific,Basic Plan,53,41107.25,1,High,Email
CX02523,36-45,Asia Pacific,Pro Plan,11,38012.72,7,Medium,Live Chat
CX02524,55+,Europe,Add-on Services,33,19003.06,0,High,Mobile App
CX02525,18-25,North America,Enterprise Plan,35,2817.71,7,Medium,Email
CX02526,18-25,Europe,Pro Plan,25,28389.74,4,High,Email
CX02527,18-25,North America,Pro Plan,33,44604.0,10,High,Phone
CX02528,26-35,Latin America,Pro Plan,30,36447.17,6,High,In-Store
CX02529,46-55,North America,Enterprise Plan,3,29647.66,3,High,Website
CX02530,36-45,North America,Add-on Services,8,18053.2,0,Medium,Live Chat
CX02531,26-35,Europe,Add-on Services,19,33872.53,8,High,Mobile App
CX02532,36-45,Latin America,Enterprise Plan,7,39062.02,7,High,In-Store
CX02533,46-55,Europe,Enterprise Plan,41,2735.8,9,Medium,In-Store
CX02534,36-45,Latin America,Add-on Services,35,12808.42,4,High,Email
CX02535,18-25,Asia Pacific,Add-on Services,33,15963.49,1,Medium,Website
CX02536,26-35,Asia Pacific,Basic Plan,25,7545.81,5,High,Mobile App
CX02537,46-55,Asia Pacific,Pro Plan,1,25375.38,9,Low,Phone
CX02538,55+,Latin America,Pro Plan,40,2533.85,6,Low,Phone
CX02539,46-55,Latin America,Pro Plan,49,26596.86,9,High,Website
CX02540,46-55,North America,Basic Plan,6,15345.03,3,Low,Live Chat
CX02541,26-35,Asia Pacific,Pro Plan,53,43720.07,6,Low,Mobile App
CX02542,26-35,Latin America,Add-on Services,58,521.01,2,Low,Website
CX02543,36-45,Asia Pacific,Basic Plan,26,16956.31,0,Low,Phone
CX02544,36-45,Asia Pacific,Add-on Services,10,13478.05,9,Low,Email
CX02545,36-45,North America,Pro Plan,45,14813.03,0,High,Email
CX02546,46-55,North America,Add-on Services,49,37146.61,1,High,Mobile App
CX02547,36-45,North America,Basic Plan,56,20334.88,8,Low,Website
CX02548,36-45,North America,Add-on Services,18,20978.12,1,Low,Phone
CX02549,55+,Europe,Add-on Services,41,19138.32,4,High,Email
CX02550,55+,Europe,Add-on Services,45,31117.98,7,Medium,Live Chat
CX02551,46-55,Asia Pacific,Basic Plan,21,17344.11,4,Medium,In-Store
CX02552,18-25,North America,Basic Plan,40,7171.0,9,High,Mobile App
CX02553,18-25,Latin America,Enterprise Plan,16,35001.05,6,High,Website
CX02554,36-45,North America,Basic Plan,31,4391.01,10,High,Website
CX02555,26-35,Latin America,Pro Plan,27,16062.21,6,High,In-Store
CX02556,26-35,North America,Enterprise Plan,21,18933.22,0,Medium,Email
CX02557,18-25,North America,Basic Plan,39,32975.17,9,Medium,Mobile App
CX02558,36-45,Asia Pacific,Pro Plan,4,15019.21,6,Medium,In-Store
CX02559,36-45,Latin America,Add-on Services,32,20817.78,5,Medium,Phone
CX02560,26-35,North America,Enterprise Plan,21,21467.74,5,Medium,Email
CX02561,36-45,North America,Add-on Services,51,47673.07,5,Low,Mobile App
CX02562,55+,North America,Add-on Services,9,12504.57,5,Medium,Email
CX02563,46-55,Europe,Pro Plan,50,21227.33,4,Low,Website
CX02564,46-55,Asia Pacific,Enterprise Plan,15,46304.94,0,High,In-Store
CX02565,46-55,Europe,Pro Plan,8,9157.94,4,Low,Email
CX02566,46-55,Latin America,Add-on Services,20,20361.19,5,High,Website
CX02567,46-55,North America,Basic Plan,6,9255.44,1,Low,Phone
CX02568,55+,Asia Pacific,Add-on Services,4,802.9,8,Low,Website
CX02569,46-55,Latin America,Add-on Services,46,24979.44,8,Low,Mobile App
CX02570,18-25,Europe,Enterprise Plan,29,46570.9,0,Medium,Email
CX02571,26-35,Latin America,Enterprise Plan,55,8623.44,6,Low,Mobile App
CX02572,18-25,Europe,Basic Plan,14,26673.71,3,High,Email
CX02573,36-45,Europe,Add-on Services,23,34973.5,6,High,Website
CX02574,46-55,Asia Pacific,Pro Plan,24,49178.35,8,Low,Phone
CX02575,26-35,North America,Pro Plan,33,16552.79,4,Medium,Phone
CX02576,18-25,North America,Add-on Services,17,15622.4,5,Medium,In-Store
CX02577,46-55,Asia Pacific,Pro Plan,56,10242.06,1,Low,Mobile App
CX02578,26-35,Europe,Add-on Services,19,38602.67,9,High,In-Store
CX02579,46-55,North America,Add-on Services,29,45107.93,6,Low,Mobile App
CX02580,36-45,Europe,Add-on Services,11,2019.9,8,High,Email
CX02581,26-35,North America,Add-on Services,23,35853.73,10,High,Website
CX02582,18-25,Latin America,Pro Plan,53,2564.28,5,High,In-Store
CX02583,26-35,North America,Add-on Services,39,49719.33,3,Medium,In-Store
CX02584,55+,Europe,Enterprise Plan,40,44742.81,5,Low,Phone
CX02585,18-25,North America,Basic Plan,33,3921.62,6,Medium,Email
CX02586,55+,Asia Pacific,Basic Plan,54,21536.74,2,Medium,Phone
CX02587,36-45,Asia Pacific,Enterprise Plan,17,21661.13,8,Low,Live Chat
CX02588,36-45,North America,Add-on Services,39,31167.28,7,High,Live Chat
CX02589,18-25,North America,Enterprise Plan,16,32360.64,1,Low,Live Chat
CX02590,46-55,Asia Pacific,Add-on Services,52,31293.9,9,Medium,Live Chat
CX02591,55+,Europe,Basic Plan,20,49663.78,5,Medium,Live Chat
CX02592,26-35,Latin America,Basic Plan,18,42067.41,10,Low,Phone
CX02593,46-55,Europe,Basic Plan,52,4932.32,9,High,In-Store
CX02594,46-55,Asia Pacific,Pro Plan,18,7043.96,3,High,In-Store
CX02595,26-35,Latin America,Pro Plan,34,12155.56,9,Low,Mobile App
CX02596,18-25,Latin America,Basic Plan,26,46037.56,2,High,Mobile App
CX02597,26-35,North America,Pro Plan,11,7712.43,0,Low,Website
CX02598,26-35,Europe,Pro Plan,57,604.57,1,High,Live Chat
CX02599,46-55,Latin America,Add-on Services,25,6173.41,0,High,In-Store
CX02600,55+,Latin America,Add-on Services,8,1054.6,1,Medium,Mobile App
CX02601,36-45,Latin America,Basic Plan,19,3554.74,3,High,Phone
CX02602,36-45,Europe,Basic Plan,38,25761.57,0,Medium,Phone
CX02603,46-55,Europe,Pro Plan,21,15811.84,9,Medium,In-Store
CX02604,18-25,North America,Basic Plan,13,36800.09,0,Medium,Email
CX02605,26-35,North America,Enterprise Plan,53,40871.23,5,High,Live Chat
CX02606,46-55,Latin America,Basic Plan,22,1467.49,0,Medium,Email
CX02607,46-55,Latin America,Enterprise Plan,6,4154.37,10,Medium,Phone
CX02608,36-45,North America,Basic Plan,46,42115.81,3,Medium,Website
CX02609,46-55,Asia Pacific,Basic Plan,26,30898.87,9,Medium,Live Chat
CX02610,46-55,North America,Basic Plan,24,38763.78,3,Medium,Email
CX02611,55+,Europe,Enterprise Plan,36,7470.92,8,High,Live Chat
CX02612,55+,Latin America,Pro Plan,25,30543.2,0,High,Mobile App
CX02613,55+,Latin America,Basic Plan,31,26692.36,10,High,In-Store
CX02614,46-55,North America,Enterprise Plan,2,18864.29,9,Medium,Mobile App
CX02615,36-45,Latin America,Basic Plan,37,22996.3,6,Low,In-Store
CX02616,55+,Europe,Pro Plan,2,47191.77,2,Medium,In-Store
CX02617,36-45,Latin America,Pro Plan,25,1227.28,1,High,Website
CX02618,55+,Asia Pacific,Pro Plan,5,39306.27,5,Medium,Live Chat
CX02619,36-45,North America,Add-on Services,32,23117.45,1,High,In-Store
CX02620,26-35,Latin America,Enterprise Plan,25,30305.1,1,Low,Live Chat
CX02621,55+,Europe,Enterprise Plan,6,30623.31,9,Medium,Mobile App
CX02622,46-55,Asia Pacific,Pro Plan,11,7475.21,7,Medium,Live Chat
CX02623,55+,North America,Add-on Services,4,40652.56,4,High,In-Store
CX02624,36-45,Asia Pacific,Pro Plan,7,41253.72,5,High,Phone
CX02625,36-45,Latin America,Basic Plan,21,22038.32,8,Low,Website
CX02626,55+,Europe,Pro Plan,55,43547.35,7,Low,In-Store
CX02627,55+,North America,Basic Plan,5,31789.85,3,High,Phone
CX02628,46-55,Asia Pacific,Basic Plan,30,8998.01,2,Medium,Email
CX02629,26-35,Europe,Enterprise Plan,57,36195.42,4,Low,Website
CX02630,18-25,Latin America,Pro Plan,11,34597.94,7,Low,Website
CX02631,26-35,Latin America,Basic Plan,25,47109.08,8,Medium,Website
CX02632,46-55,North America,Basic Plan,51,17895.9,8,High,In-Store
CX02633,18-25,North America,Basic Plan,37,18904.17,0,High,Mobile App
CX02634,46-55,North America,Basic Plan,21,9703.52,1,High,Website
CX02635,36-45,Europe,Add-on Services,4,41130.37,2,Low,Website
CX02636,18-25,Latin America,Basic Plan,52,21794.3,5,High,Website
CX02637,18-25,Latin America,Enterprise Plan,58,35182.72,10,Low,Live Chat
CX02638,55+,Asia Pacific,Enterprise Plan,45,15005.26,10,Low,Live Chat
CX02639,55+,Latin America,Add-on Services,38,27988.98,3,Medium,Phone
CX02640,26-35,Asia Pacific,Enterprise Plan,31,38416.56,6,High,Website
CX02641,55+,Europe,Add-on Services,13,40336.29,8,Low,Mobile App
CX02642,18-25,North America,Enterprise Plan,22,2747.49,5,High,In-Store
CX02643,55+,Latin America,Pro Plan,44,9567.21,7,Medium,Mobile App
CX02644,36-45,Latin America,Enterprise Plan,34,38315.07,3,Medium,Mobile App
CX02645,46-55,North America,Add-on Services,56,14013.92,8,Medium,Website
CX02646,46-55,Latin America,Pro Plan,38,27623.71,4,Medium,Live Chat
CX02647,55+,Europe,Enterprise Plan,12,16237.01,3,Medium,In-Store
CX02648,36-45,Latin America,Pro Plan,35,2847.93,5,Low,Email
CX02649,46-55,Asia Pacific,Basic Plan,26,18325.25,9,Medium,Phone
CX02650,18-25,Asia Pacific,Add-on Services,11,10696.5,2,High,Website
CX02651,55+,North America,Enterprise Plan,58,38400.16,1,Low,Email
CX02652,36-45,North America,Basic Plan,57,12061.76,1,Low,Email
CX02653,55+,Latin America,Basic Plan,39,49320.87,0,Low,Phone
CX02654,36-45,Latin America,Add-on Services,4,34493.51,2,Low,In-Store
CX02655,18-25,Latin America,Enterprise Plan,59,12073.49,4,High,Website
CX02656,26-35,North America,Basic Plan,43,7194.04,7,Medium,Live Chat
CX02657,36-45,North America,Basic Plan,11,43066.61,0,Low,Phone
CX02658,18-25,Asia Pacific,Pro Plan,56,36113.98,2,Medium,In-Store
CX02659,55+,Asia Pacific,Add-on Services,41,44584.54,5,Low,Email
CX02660,36-45,North America,Add-on Services,7,38366.76,3,Low,Email
CX02661,55+,North America,Enterprise Plan,46,37286.59,10,Medium,In-Store
CX02662,18-25,Europe,Basic Plan,4,981.28,6,Medium,In-Store
CX02663,55+,Europe,Enterprise Plan,50,36207.7,3,High,Live Chat
CX02664,18-25,North America,Enterprise Plan,23,6739.8,0,Low,Email
CX02665,18-25,Asia Pacific,Basic Plan,5,27366.67,10,High,Website
CX02666,26-35,Asia Pacific,Pro Plan,35,18279.12,3,Medium,In-Store
CX02667,55+,Asia Pacific,Pro Plan,3,18386.63,1,Low,Website
CX02668,46-55,Latin America,Basic Plan,42,1451.47,9,Medium,Live Chat
CX02669,18-25,North America,Add-on Services,46,22242.0,4,Low,In-Store
CX02670,26-35,Latin America,Enterprise Plan,45,34170.79,3,High,Mobile App
CX02671,55+,Asia Pacific,Enterprise Plan,38,35095.02,5,Low,Website
CX02672,18-25,Latin America,Add-on Services,30,19160.36,2,Medium,Phone
CX02673,18-25,Europe,Pro Plan,41,17722.97,0,Low,Email
CX02674,26-35,Latin America,Enterprise Plan,17,6935.39,6,Low,Phone
CX02675,18-25,Latin America,Enterprise Plan,12,29314.59,10,Low,In-Store
CX02676,55+,Europe,Pro Plan,51,11455.46,5,Low,Website
CX02677,18-25,North America,Basic Plan,42,44804.0,6,High,Website
CX02678,36-45,Europe,Basic Plan,41,38333.12,8,High,Email
CX02679,55+,Asia Pacific,Pro Plan,1,7997.61,1,Low,Email
CX02680,46-55,Latin America,Pro Plan,51,7236.01,0,Medium,In-Store
CX02681,36-45,Latin America,Enterprise Plan,49,43884.64,9,High,Live Chat
CX02682,46-55,Asia Pacific,Pro Plan,6,8964.1,9,Medium,Phone
CX02683,26-35,Latin America,Basic Plan,15,47685.94,3,Medium,In-Store
CX02684,26-35,North America,Pro Plan,30,18817.18,8,Low,Website
CX02685,36-45,Latin America,Add-on Services,57,1720.87,9,Low,Website
CX02686,46-55,North America,Basic Plan,52,17540.49,2,Low,In-Store
CX02687,55+,North America,Pro Plan,13,21856.73,2,Low,In-Store
CX02688,55+,Europe,Basic Plan,23,45391.77,8,Low,Live Chat
CX02689,55+,Latin America,Basic Plan,44,18619.08,1,Medium,Website
CX02690,18-25,Latin America,Pro Plan,35,18885.7,8,High,Website
CX02691,55+,Asia Pacific,Add-on Services,45,48654.2,2,High,In-Store
CX02692,18-25,Latin America,Basic Plan,46,2992.02,5,Low,Email
CX02693,55+,Europe,Basic Plan,36,48964.93,9,Low,Live Chat
CX02694,55+,Latin America,Pro Plan,52,25698.69,5,Medium,Website
CX02695,18-25,Europe,Pro Plan,47,37822.64,2,Low,Website
CX02696,26-35,Europe,Enterprise Plan,35,6809.31,3,Low,In-Store
CX02697,26-35,North America,Enterprise Plan,6,14232.5,7,Medium,In-Store
CX02698,26-35,Europe,Basic Plan,5,21362.28,5,High,Live Chat
CX02699,26-35,North America,Pro Plan,48,31551.49,0,Low,Website
CX02700,26-35,North America,Enterprise Plan,60,35862.51,2,Low,Mobile App
CX02701,26-35,Latin America,Add-on Services,23,42599.08,2,High,Website
CX02702,26-35,Asia Pacific,Pro Plan,3,44976.3,2,High,Website
CX02703,46-55,Asia Pacific,Basic Plan,27,13046.55,3,Low,In-Store
CX02704,18-25,Asia Pacific,Pro Plan,60,41494.75,7,Medium,Phone
CX02705,46-55,North America,Pro Plan,9,38511.3,10,Low,In-Store
CX02706,26-35,North America,Add-on Services,44,44231.29,10,High,Website
CX02707,46-55,Asia Pacific,Add-on Services,56,30601.86,2,High,In-Store
CX02708,55+,Europe,Basic Plan,51,1944.0,3,High,Live Chat
CX02709,36-45,North America,Add-on Services,26,8529.02,9,Low,Mobile App
CX02710,18-25,Latin America,Add-on Services,1,25303.82,5,Medium,Live Chat
CX02711,36-45,Latin America,Add-on Services,30,47725.31,0,Medium,Mobile App
CX02712,46-55,Europe,Basic Plan,37,25851.18,6,Medium,Phone
CX02713,18-25,Asia Pacific,Enterprise Plan,50,38271.82,4,Medium,In-Store
CX02714,18-25,Latin America,Add-on Services,26,48994.98,10,Medium,Live Chat
CX02715,26-35,Europe,Add-on Services,23,922.54,10,High,Email
CX02716,26-35,Latin America,Pro Plan,9,42402.21,6,Low,Email
CX02717,18-25,North America,Enterprise Plan,10,13158.46,6,High,Mobile App
CX02718,36-45,Asia Pacific,Enterprise Plan,44,7989.63,10,High,Live Chat
CX02719,18-25,Latin America,Basic Plan,48,31327.35,6,Low,In-Store
CX02720,26-35,Asia Pacific,Basic Plan,43,30238.86,10,Medium,Phone
CX02721,26-35,Europe,Enterprise Plan,52,12351.39,2,High,Phone
CX02722,46-55,Europe,Enterprise Plan,43,3351.36,8,Low,Mobile App
CX02723,26-35,Asia Pacific,Pro Plan,53,2219.36,3,Low,Website
CX02724,36-45,Latin America,Add-on Services,2,19006.17,4,Medium,Email
CX02725,46-55,Asia Pacific,Add-on Services,22,39905.27,6,High,In-Store
CX02726,36-45,Asia Pacific,Pro Plan,24,48369.19,6,Medium,Live Chat
CX02727,46-55,Asia Pacific,Add-on Services,25,46594.07,9,High,Email
CX02728,18-25,Latin America,Pro Plan,58,14377.68,1,Low,Phone
CX02729,36-45,Asia Pacific,Basic Plan,35,35038.2,0,High,Phone
CX02730,55+,Asia Pacific,Basic Plan,53,17413.68,6,High,Mobile App
CX02731,36-45,Asia Pacific,Add-on Services,26,15453.31,7,Low,Website
CX02732,26-35,North America,Add-on Services,56,49051.45,2,Low,Phone
CX02733,55+,North America,Enterprise Plan,12,19547.9,4,Low,In-Store
CX02734,36-45,Europe,Pro Plan,51,44914.4,6,Low,Phone
CX02735,36-45,Asia Pacific,Pro Plan,46,40574.87,7,High,Email
CX02736,26-35,Latin America,Pro Plan,7,48072.0,10,Low,Website
CX02737,55+,North America,Add-on Services,34,41186.61,2,Low,Website
CX02738,18-25,Asia Pacific,Add-on Services,6,45849.44,8,Medium,Phone
CX02739,26-35,Europe,Enterprise Plan,53,48488.32,4,High,Mobile App
CX02740,46-55,Latin America,Enterprise Plan,18,42285.01,10,High,Email
CX02741,18-25,North America,Add-on Services,13,32319.38,2,High,In-Store
CX02742,18-25,Latin America,Enterprise Plan,57,37227.61,2,Low,Email
CX02743,46-55,Latin America,Pro Plan,37,21783.75,10,Medium,Email
CX02744,26-35,Europe,Add-on Services,1,6018.02,0,High,Website
CX02745,36-45,Europe,Add-on Services,60,27081.99,0,Medium,Phone
CX02746,55+,North America,Basic Plan,2,46078.36,7,High,Mobile App
CX02747,26-35,North America,Enterprise Plan,12,16329.54,10,Low,Website
CX02748,46-55,North America,Enterprise Plan,15,48399.15,1,Low,Email
CX02749,55+,North America,Add-on Services,11,45467.44,3,Low,Mobile App
CX02750,46-55,Asia Pacific,Enterprise Plan,46,8131.65,6,Low,In-Store
CX02751,18-25,Europe,Add-on Services,51,12683.5,2,High,Phone
CX02752,55+,Asia Pacific,Pro Plan,59,12114.25,2,Low,In-Store
CX02753,46-55,Europe,Pro Plan,58,26349.52,9,Low,Website
CX02754,36-45,Asia Pacific,Add-on Services,45,34827.89,3,Medium,Mobile App
CX02755,26-35,Europe,Add-on Services,28,4811.83,5,Low,Email
CX02756,46-55,North America,Basic Plan,36,48818.1,0,High,Mobile App
CX02757,46-55,Latin America,Basic Plan,49,25530.49,2,Low,Email
CX02758,18-25,North America,Basic Plan,32,6671.72,6,Low,Phone
CX02759,55+,Europe,Pro Plan,46,4937.21,7,High,In-Store
CX02760,46-55,Asia Pacific,Enterprise Plan,50,20425.59,3,Medium,Email
CX02761,36-45,Europe,Pro Plan,14,48994.06,3,High,Mobile App
CX02762,26-35,Europe,Basic Plan,41,5753.46,9,Medium,Phone
CX02763,26-35,Asia Pacific,Pro Plan,46,40876.5,10,High,Mobile App
CX02764,26-35,Asia Pacific,Add-on Services,4,19162.83,9,Medium,Mobile App
CX02765,36-45,North America,Add-on Services,16,41739.25,10,High,Email
CX02766,26-35,North America,Basic Plan,35,3243.38,6,High,Email
CX02767,36-45,North America,Pro Plan,1,24535.56,5,Low,Live Chat
CX02768,36-45,North America,Enterprise Plan,10,1170.83,10,Low,Mobile App
CX02769,46-55,Europe,Add-on Services,43,3337.93,4,High,Email
CX02770,26-35,Latin America,Enterprise Plan,25,3631.25,4,Medium,Website
CX02771,36-45,Asia Pacific,Enterprise Plan,37,4099.71,2,High,In-Store
CX02772,18-25,Asia Pacific,Basic Plan,28,48879.02,4,Low,Website
CX02773,55+,Asia Pacific,Enterprise Plan,28,13945.15,9,High,Website
CX02774,55+,Latin America,Pro Plan,38,16391.51,8,Medium,Phone
CX02775,26-35,North America,Add-on Services,52,526.13,2,Low,Phone
CX02776,26-35,Latin America,Pro Plan,43,1237.99,9,High,Email
CX02777,18-25,Europe,Basic Plan,10,15720.31,3,High,Mobile App
CX02778,46-55,Latin America,Add-on Services,35,28543.21,7,Medium,Website
CX02779,55+,Latin America,Pro Plan,5,8666.2,7,Medium,Mobile App
CX02780,18-25,Europe,Pro Plan,29,32775.7,10,Low,Email
CX02781,36-45,Latin America,Add-on Services,23,12242.96,10,Low,In-Store
CX02782,55+,Asia Pacific,Pro Plan,8,30329.59,10,Medium,Phone
CX02783,36-45,Europe,Basic Plan,33,33769.62,9,High,Phone
CX02784,26-35,Europe,Basic Plan,10,2761.19,1,High,Website
CX02785,36-45,North America,Enterprise Plan,32,40473.93,4,Medium,Live Chat
CX02786,46-55,Asia Pacific,Add-on Services,1,35692.84,0,Low,Email
CX02787,55+,Latin America,Add-on Services,20,15804.75,10,Medium,Email
CX02788,46-55,Asia Pacific,Add-on Services,38,22781.88,4,Low,Email
CX02789,26-35,Latin America,Enterprise Plan,28,34686.0,0,Medium,Phone
CX02790,18-25,North America,Add-on Services,16,17973.66,3,Medium,Mobile App
CX02791,18-25,Latin America,Enterprise Plan,37,21617.92,2,Medium,Email
CX02792,18-25,North America,Enterprise Plan,9,28680.83,6,Low,Phone
CX02793,26-35,North America,Enterprise Plan,38,23564.61,0,Low,Phone
CX02794,36-45,North America,Pro Plan,34,8474.56,6,High,Mobile App
CX02795,46-55,Asia Pacific,Pro Plan,6,42739.61,9,Medium,Live Chat
CX02796,55+,Asia Pacific,Add-on Services,23,46168.86,6,High,Email
CX02797,26-35,Asia Pacific,Enterprise Plan,49,13455.4,4,High,Mobile App
CX02798,36-45,Asia Pacific,Basic Plan,51,44886.05,9,Low,Email
CX02799,55+,Europe,Pro Plan,54,35431.52,4,Medium,Live Chat
CX02800,46-55,Asia Pacific,Pro Plan,37,44105.42,6,Medium,Website
CX02801,55+,Europe,Pro Plan,15,2863.34,5,High,Email
CX02802,26-35,Latin America,Pro Plan,37,33615.89,8,High,Live Chat
CX02803,55+,Asia Pacific,Basic Plan,16,8305.82,0,High,Email
CX02804,26-35,North America,Pro Plan,8,43090.85,0,Medium,Phone
CX02805,36-45,Asia Pacific,Pro Plan,19,31699.71,6,Medium,Phone
CX02806,46-55,Europe,Pro Plan,3,12599.48,0,Medium,Phone
CX02807,55+,Latin America,Enterprise Plan,25,46480.57,2,High,Live Chat
CX02808,26-35,North America,Basic Plan,10,44913.32,5,Low,Mobile App
CX02809,18-25,Europe,Add-on Services,22,42994.35,5,High,In-Store
CX02810,55+,Latin America,Pro Plan,22,29326.34,10,High,Email
CX02811,18-25,Latin America,Basic Plan,60,28896.37,3,Low,Phone
CX02812,36-45,Asia Pacific,Pro Plan,17,34940.27,6,Medium,Mobile App
CX02813,18-25,North America,Pro Plan,60,27330.97,5,Low,Mobile App
CX02814,36-45,Europe,Pro Plan,54,20666.09,10,High,Mobile App
CX02815,18-25,Europe,Pro Plan,20,23147.21,2,Medium,Email
CX02816,26-35,North America,Basic Plan,20,11983.54,7,High,Live Chat
CX02817,46-55,Latin America,Basic Plan,3,27832.36,10,Medium,In-Store
CX02818,26-35,Asia Pacific,Add-on Services,49,29337.05,0,Low,In-Store
CX02819,18-25,Latin America,Add-on Services,57,14659.3,7,Medium,Mobile App
CX02820,18-25,Asia Pacific,Pro Plan,54,16267.58,2,Low,Live Chat
CX02821,36-45,North America,Pro Plan,11,40845.8,9,Medium,Email
CX02822,46-55,Asia Pacific,Pro Plan,29,37704.52,2,Low,Mobile App
CX02823,26-35,Europe,Pro Plan,1,7246.46,2,Medium,Email
CX02824,55+,North America,Pro Plan,14,43951.83,3,Low,Mobile App
CX02825,26-35,Asia Pacific,Add-on Services,30,22328.17,1,High,Email
CX02826,46-55,Asia Pacific,Basic Plan,29,42867.19,2,Medium,Live Chat
CX02827,55+,Asia Pacific,Enterprise Plan,16,44982.93,0,Low,Phone
CX02828,36-45,Europe,Basic Plan,6,47107.33,2,Low,In-Store
CX02829,55+,Asia Pacific,Add-on Services,11,12131.9,3,Medium,In-Store
CX02830,26-35,North America,Pro Plan,35,15152.25,1,High,In-Store
CX02831,18-25,North America,Add-on Services,46,8570.69,2,High,Mobile App
CX02832,36-45,North America,Enterprise Plan,4,22247.66,6,Medium,In-Store
CX02833,55+,Latin America,Basic Plan,54,45908.54,10,High,In-Store
CX02834,46-55,Asia Pacific,Enterprise Plan,27,5740.61,9,Low,Phone
CX02835,18-25,Latin America,Enterprise Plan,41,27310.39,8,Medium,Mobile App
CX02836,46-55,Europe,Enterprise Plan,33,43674.39,1,Low,Mobile App
CX02837,36-45,North America,Enterprise Plan,25,20013.04,8,Medium,In-Store
CX02838,36-45,Europe,Pro Plan,32,12830.64,3,Medium,Live Chat
CX02839,18-25,Europe,Basic Plan,9,4684.55,0,Low,Live Chat
CX02840,46-55,North America,Pro Plan,45,17659.45,8,Medium,In-Store
CX02841,55+,North America,Basic Plan,30,42825.36,7,Medium,In-Store
CX02842,18-25,Europe,Pro Plan,23,5626.67,9,High,Phone
CX02843,36-45,Europe,Enterprise Plan,48,44344.6,1,Medium,Website
CX02844,26-35,Europe,Pro Plan,58,24865.38,6,High,Phone
CX02845,26-35,Europe,Add-on Services,12,8595.71,5,Medium,Mobile App
CX02846,26-35,North America,Add-on Services,12,19155.77,5,High,Phone
CX02847,55+,Latin America,Pro Plan,59,10167.29,0,High,Live Chat
CX02848,26-35,Europe,Enterprise Plan,19,15451.08,0,Medium,Live Chat
CX02849,55+,Latin America,Enterprise Plan,1,13912.63,0,Low,Website
CX02850,36-45,Latin America,Enterprise Plan,5,30797.83,5,Low,In-Store
CX02851,46-55,Latin America,Enterprise Plan,40,35248.54,2,Medium,Email
CX02852,26-35,Europe,Enterprise Plan,27,12041.99,2,Medium,Email
CX02853,46-55,Asia Pacific,Pro Plan,11,45646.4,9,Low,Website
CX02854,46-55,North America,Add-on Services,23,27365.48,2,High,Mobile App
CX02855,18-25,Asia Pacific,Pro Plan,10,29830.19,1,Low,Phone
CX02856,46-55,Europe,Basic Plan,10,29774.91,5,High,In-Store
CX02857,55+,Latin America,Pro Plan,28,12596.01,10,High,Mobile App
CX02858,46-55,Europe,Enterprise Plan,43,38315.31,2,Low,Email
CX02859,46-55,North America,Enterprise Plan,43,13330.84,8,Low,In-Store
CX02860,55+,Asia Pacific,Basic Plan,13,10635.75,1,Low,In-Store
CX02861,55+,North America,Basic Plan,18,28907.88,3,High,Mobile App
CX02862,18-25,North America,Pro Plan,55,8016.08,2,Low,Phone
CX02863,36-45,North America,Enterprise Plan,35,8105.86,6,High,Email
CX02864,55+,Latin America,Add-on Services,20,44734.66,1,High,Website
CX02865,55+,Asia Pacific,Enterprise Plan,36,27093.07,6,Medium,Phone
CX02866,26-35,North America,Basic Plan,51,19719.22,9,High,Email
CX02867,46-55,Latin America,Pro Plan,54,16027.08,5,High,Email
CX02868,46-55,Asia Pacific,Add-on Services,48,15884.21,1,High,Email
CX02869,26-35,Europe,Enterprise Plan,43,9424.48,9,Low,In-Store
CX02870,46-55,Europe,Pro Plan,5,10068.74,0,Medium,In-Store
CX02871,18-25,North America,Enterprise Plan,11,30780.84,8,Low,Website
CX02872,36-45,Latin America,Basic Plan,6,23817.44,9,Medium,Mobile App
CX02873,46-55,Asia Pacific,Basic Plan,42,8463.74,3,Low,In-Store
CX02874,55+,North America,Basic Plan,15,43821.58,6,Medium,Website
CX02875,26-35,North America,Basic Plan,1,17717.86,3,High,Mobile App
CX02876,55+,Asia Pacific,Pro Plan,35,20103.47,1,Low,Phone
CX02877,18-25,Asia Pacific,Pro Plan,18,12591.45,8,Low,Live Chat
CX02878,18-25,Asia Pacific,Pro Plan,60,21187.53,9,Low,In-Store
CX02879,55+,North America,Basic Plan,29,20206.33,6,Low,Email
CX02880,46-55,Europe,Pro Plan,12,42269.9,3,High,Live Chat
CX02881,46-55,Europe,Pro Plan,53,24440.78,1,High,Phone
CX02882,18-25,Latin America,Pro Plan,26,23016.35,3,Medium,Live Chat
CX02883,36-45,North America,Basic Plan,5,9898.66,10,High,Mobile App
CX02884,26-35,Europe,Pro Plan,7,33814.83,8,High,Mobile App
CX02885,36-45,Europe,Add-on Services,48,30204.29,1,High,Email
CX02886,36-45,North America,Add-on Services,58,24372.78,6,Low,In-Store
CX02887,18-25,Latin America,Enterprise Plan,53,29309.06,0,High,Live Chat
CX02888,55+,North America,Enterprise Plan,16,38631.06,9,Low,Email
CX02889,55+,Latin America,Add-on Services,8,23301.89,8,High,Website
CX02890,36-45,Latin America,Pro Plan,35,34792.57,5,High,Email
CX02891,26-35,North America,Pro Plan,45,19844.07,5,High,Email
CX02892,55+,Latin America,Pro Plan,40,43558.94,9,Low,Mobile App
CX02893,36-45,Latin America,Pro Plan,20,31028.76,9,High,Mobile App
CX02894,36-45,Asia Pacific,Pro Plan,39,14005.02,6,High,In-Store
CX02895,18-25,Latin America,Enterprise Plan,57,7256.93,9,Low,Email
CX02896,36-45,Latin America,Pro Plan,49,31058.46,6,High,Phone
CX02897,18-25,Latin America,Add-on Services,32,1568.89,0,High,Live Chat
CX02898,46-55,Asia Pacific,Add-on Services,17,28177.92,10,High,Live Chat
CX02899,36-45,Latin America,Enterprise Plan,5,47703.61,3,High,Live Chat
CX02900,36-45,North America,Add-on Services,30,12505.33,7,High,In-Store
CX02901,36-45,Europe,Add-on Services,47,29285.49,8,Low,Email
CX02902,36-45,North America,Enterprise Plan,19,16143.84,9,Low,In-Store
CX02903,55+,Latin America,Basic Plan,21,48260.2,1,Low,Mobile App
CX02904,46-55,Europe,Add-on Services,3,20137.03,4,High,Live Chat
CX02905,18-25,North America,Pro Plan,18,26964.74,4,Medium,Live Chat
CX02906,18-25,Europe,Basic Plan,36,43924.36,9,High,Mobile App
CX02907,18-25,Asia Pacific,Add-on Services,20,33504.49,8,High,Mobile App
CX02908,55+,Latin America,Enterprise Plan,54,42803.22,1,High,Phone
CX02909,46-55,Europe,Basic Plan,10,46309.99,7,Medium,Website
CX02910,18-25,North America,Pro Plan,3,34143.02,6,High,Email
CX02911,18-25,Asia Pacific,Pro Plan,2,45602.44,5,Medium,Phone
CX02912,18-25,Asia Pacific,Pro Plan,53,22194.61,8,High,Phone
CX02913,46-55,Latin America,Basic Plan,33,38177.92,0,High,Website
CX02914,55+,Latin America,Pro Plan,27,43970.25,0,Low,Website
CX02915,26-35,Latin America,Enterprise Plan,57,34552.64,0,Low,Phone
CX02916,36-45,Asia Pacific,Enterprise Plan,9,30271.92,0,Medium,Email
CX02917,36-45,Asia Pacific,Add-on Services,36,45168.15,6,Medium,Mobile App
CX02918,36-45,North America,Add-on Services,10,39476.17,2,Low,Phone
CX02919,36-45,Latin America,Add-on Services,9,16113.61,6,Low,Mobile App
CX02920,26-35,North America,Basic Plan,22,12177.64,10,High,In-Store
CX02921,36-45,Latin America,Basic Plan,17,25195.75,7,Medium,Phone
CX02922,55+,Asia Pacific,Enterprise Plan,24,30065.74,9,Medium,Phone
CX02923,26-35,North America,Pro Plan,35,11648.6,0,Medium,Website
CX02924,26-35,Asia Pacific,Enterprise Plan,47,17711.06,1,Low,In-Store
CX02925,55+,North America,Basic Plan,48,12832.27,2,High,Mobile App
CX02926,18-25,North America,Add-on Services,16,46195.22,10,Low,In-Store
CX02927,46-55,Latin America,Pro Plan,28,38733.84,8,High,Live Chat
CX02928,26-35,Asia Pacific,Enterprise Plan,46,33917.78,8,Medium,Mobile App
CX02929,26-35,Asia Pacific,Pro Plan,44,42164.06,2,High,Phone
CX02930,18-25,Latin America,Basic Plan,33,16720.74,5,High,Website
CX02931,46-55,North America,Basic Plan,22,45853.73,8,High,Website
CX02932,36-45,Asia Pacific,Basic Plan,17,22687.72,4,Medium,Email
CX02933,26-35,Asia Pacific,Pro Plan,23,38732.67,4,Medium,Live Chat
CX02934,36-45,North America,Add-on Services,8,18142.15,4,High,Live Chat
CX02935,46-55,Europe,Enterprise Plan,19,42446.57,9,Low,Website
CX02936,36-45,Europe,Add-on Services,33,26948.62,3,Low,Website
CX02937,55+,Europe,Add-on Services,6,43755.42,1,High,Mobile App
CX02938,26-35,Europe,Add-on Services,60,2353.01,7,High,Live Chat
CX02939,26-35,North America,Enterprise Plan,51,9117.37,8,Medium,Mobile App
CX02940,18-25,Asia Pacific,Add-on Services,12,16140.5,1,Medium,Mobile App
CX02941,18-25,Latin America,Enterprise Plan,27,16672.38,10,Low,Phone
CX02942,26-35,Latin America,Basic Plan,7,25838.26,1,Medium,Email
CX02943,46-55,Europe,Enterprise Plan,18,43533.15,7,Low,In-Store
CX02944,46-55,Latin America,Add-on Services,60,8547.97,6,High,Website
CX02945,36-45,Europe,Pro Plan,53,20104.66,9,High,Live Chat
CX02946,36-45,Latin America,Add-on Services,17,48597.6,5,Low,Live Chat
CX02947,55+,North America,Basic Plan,8,2887.1,9,High,Phone
CX02948,46-55,Europe,Basic Plan,35,45343.08,10,High,Phone
CX02949,26-35,North America,Basic Plan,35,29925.32,10,High,Phone
CX02950,36-45,Europe,Enterprise Plan,25,14208.3,8,High,Phone
CX02951,55+,Latin America,Enterprise Plan,29,8949.48,5,Medium,Phone
CX02952,55+,Asia Pacific,Pro Plan,34,37223.91,9,Low,Mobile App
CX02953,26-35,North America,Add-on Services,48,29398.45,8,High,In-Store
CX02954,18-25,Europe,Enterprise Plan,34,27252.17,10,High,Email
CX02955,18-25,Latin America,Basic Plan,60,16744.23,9,High,Phone
CX02956,36-45,Asia Pacific,Basic Plan,51,13660.86,3,Medium,Email
CX02957,26-35,Latin America,Basic Plan,6,9520.15,3,High,Website
CX02958,26-35,Asia Pacific,Add-on Services,55,27050.61,1,High,Mobile App
CX02959,55+,Latin America,Basic Plan,18,47290.37,5,High,Website
CX02960,18-25,Europe,Basic Plan,29,23666.51,0,Medium,Phone
CX02961,26-35,Latin America,Add-on Services,38,10782.43,5,Low,In-Store
CX02962,36-45,North America,Add-on Services,48,1088.49,10,Medium,Mobile App
CX02963,26-35,Latin America,Basic Plan,48,37348.45,1,High,Mobile App
CX02964,55+,North America,Basic Plan,16,47947.03,8,Low,Live Chat
CX02965,46-55,Asia Pacific,Pro Plan,42,43373.91,5,Low,Mobile App
CX02966,46-55,North America,Basic Plan,45,26790.38,8,Low,Live Chat
CX02967,18-25,North America,Enterprise Plan,21,3519.33,2,Medium,Mobile App
CX02968,46-55,Europe,Add-on Services,5,45335.95,8,Medium,Mobile App
CX02969,46-55,Latin America,Pro Plan,59,22273.6,3,High,Phone
CX02970,55+,Latin America,Pro Plan,14,17984.88,9,Low,In-Store
CX02971,18-25,Asia Pacific,Enterprise Plan,56,48840.32,6,Low,Phone
CX02972,36-45,Latin America,Pro Plan,6,32707.75,6,Medium,Mobile App
CX02973,55+,Latin America,Pro Plan,23,17662.51,1,Low,Email
CX02974,36-45,Europe,Add-on Services,44,30865.49,10,Low,Live Chat
CX02975,26-35,Latin America,Add-on Services,12,23118.32,2,High,Live Chat
CX02976,46-55,Latin America,Add-on Services,1,17484.21,3,Medium,Mobile App
CX02977,55+,North America,Add-on Services,52,13116.93,1,High,In-Store
CX02978,46-55,North America,Basic Plan,58,5689.73,7,Medium,In-Store
CX02979,26-35,Asia Pacific,Enterprise Plan,27,41497.66,0,Medium,Website
CX02980,18-25,Europe,Basic Plan,9,24775.54,3,Low,Phone
CX02981,26-35,Latin America,Add-on Services,14,21399.92,8,Low,Phone
CX02982,36-45,Asia Pacific,Add-on Services,8,26678.99,9,Low,Live Chat
CX02983,36-45,Europe,Basic Plan,37,20882.19,0,Medium,Email
CX02984,46-55,Asia Pacific,Basic Plan,37,9098.17,8,High,Phone
CX02985,55+,Latin America,Enterprise Plan,56,16335.1,5,Low,In-Store
CX02986,26-35,Asia Pacific,Add-on Services,9,42369.99,1,Medium,Phone
CX02987,26-35,North America,Add-on Services,52,27863.39,8,Low,Website
CX02988,46-55,Asia Pacific,Basic Plan,13,15600.81,3,High,Live Chat
CX02989,55+,North America,Add-on Services,14,27644.65,7,High,In-Store
CX02990,36-45,Europe,Pro Plan,14,20532.8,7,Medium,Website
CX02991,36-45,North America,Pro Plan,46,917.22,0,High,Website
CX02992,36-45,Europe,Add-on Services,2,9721.34,2,Medium,Mobile App
CX02993,36-45,Asia Pacific,Pro Plan,3,46229.57,1,High,Mobile App
CX02994,26-35,North America,Basic Plan,47,32792.46,7,Medium,Mobile App
CX02995,18-25,Asia Pacific,Enterprise Plan,5,1474.17,7,High,Live Chat
CX02996,36-45,North America,Pro Plan,11,13900.77,3,High,In-Store
CX02997,18-25,North America,Add-on Services,46,30998.22,1,High,Mobile App
CX02998,26-35,Asia Pacific,Add-on Services,2,29575.39,8,Medium,Mobile App
CX02999,46-55,Asia Pacific,Add-on Services,14,9574.95,5,Low,Email
CX03000,36-45,Europe,Pro Plan,19,1192.44,10,High,Mobile App
CX03001,26-35,Latin America,Basic Plan,7,26911.69,9,Low,Website
CX03002,26-35,Asia Pacific,Add-on Services,34,21865.25,6,Low,Website
CX03003,46-55,North America,Pro Plan,35,20268.14,10,Low,Website
CX03004,26-35,North America,Basic Plan,39,17093.45,3,Medium,Email
CX03005,26-35,North America,Enterprise Plan,13,20758.87,8,High,Website
CX03006,18-25,Asia Pacific,Add-on Services,31,30443.3,0,Low,Website
CX03007,46-55,Europe,Pro Plan,22,47788.09,9,Low,Website
CX03008,46-55,Europe,Add-on Services,6,9880.57,0,High,Email
CX03009,26-35,Europe,Basic Plan,7,10607.6,6,High,Website
CX03010,55+,Latin America,Basic Plan,42,19797.45,2,Low,Website
CX03011,18-25,Asia Pacific,Enterprise Plan,56,46141.44,4,High,Email
CX03012,18-25,Latin America,Basic Plan,37,8775.6,1,Medium,Website
CX03013,46-55,Asia Pacific,Enterprise Plan,16,20649.58,2,Low,Phone
CX03014,36-45,Europe,Pro Plan,24,7639.12,10,Medium,Website
CX03015,26-35,Asia Pacific,Pro Plan,14,45612.79,4,Low,Mobile App
CX03016,18-25,Asia Pacific,Enterprise Plan,48,41253.0,7,Low,Email
CX03017,55+,North America,Pro Plan,44,9540.26,10,High,Phone
CX03018,36-45,North America,Pro Plan,60,6962.22,6,Low,In-Store
CX03019,46-55,Asia Pacific,Basic Plan,44,7129.86,5,High,Phone
CX03020,55+,Asia Pacific,Basic Plan,25,2334.24,1,Low,Live Chat
CX03021,18-25,Asia Pacific,Basic Plan,11,40368.45,8,Medium,In-Store
CX03022,36-45,Latin America,Enterprise Plan,31,28022.13,8,High,Email
CX03023,26-35,Europe,Add-on Services,25,49956.8,0,High,Live Chat
CX03024,36-45,Asia Pacific,Add-on Services,17,1669.96,3,Medium,In-Store
CX03025,55+,North America,Basic Plan,37,2110.19,4,High,Live Chat
CX03026,26-35,North America,Add-on Services,20,2658.8,6,High,In-Store
CX03027,55+,Europe,Add-on Services,39,48116.41,10,Low,Mobile App
CX03028,36-45,Europe,Enterprise Plan,35,13816.27,6,Medium,Email
CX03029,18-25,Europe,Basic Plan,15,28917.17,8,Medium,Phone
CX03030,36-45,Latin America,Pro Plan,10,35863.59,0,Low,Website
CX03031,26-35,Europe,Add-on Services,44,46970.62,2,Low,Phone
CX03032,36-45,North America,Pro Plan,49,11281.3,0,Low,Website
CX03033,55+,Latin America,Pro Plan,51,14938.7,6,Medium,Mobile App
CX03034,55+,North America,Basic Plan,1,26049.82,9,High,Website
CX03035,18-25,Asia Pacific,Basic Plan,26,40016.9,0,High,Website
CX03036,46-55,Europe,Pro Plan,9,34432.79,3,Medium,In-Store
CX03037,55+,Latin America,Basic Plan,25,940.87,5,Medium,Live Chat
CX03038,18-25,Latin America,Add-on Services,17,19731.14,0,Low,Website
CX03039,55+,Asia Pacific,Pro Plan,16,22010.82,1,High,Mobile App
CX03040,46-55,North America,Basic Plan,34,44177.83,5,Low,In-Store
CX03041,55+,Asia Pacific,Enterprise Plan,22,25311.8,9,Medium,Mobile App
CX03042,18-25,Europe,Enterprise Plan,52,42469.29,0,Low,Phone
CX03043,26-35,Asia Pacific,Pro Plan,18,20937.21,0,Medium,Phone
CX03044,46-55,Asia Pacific,Enterprise Plan,38,44583.25,4,Medium,Email
CX03045,46-55,Europe,Basic Plan,7,3398.73,2,Medium,In-Store
CX03046,18-25,Europe,Basic Plan,45,25596.28,2,High,Mobile App
CX03047,55+,Latin America,Enterprise Plan,1,7889.94,6,Low,Website
CX03048,55+,Asia Pacific,Basic Plan,32,13472.96,5,Low,Email
CX03049,26-35,Asia Pacific,Pro Plan,27,15922.87,3,Medium,Email
CX03050,18-25,North America,Enterprise Plan,6,8393.78,1,High,Mobile App
CX03051,55+,Asia Pacific,Basic Plan,36,6251.67,6,Low,In-Store
CX03052,26-35,Asia Pacific,Enterprise Plan,37,1386.0,10,Medium,Website
CX03053,18-25,North America,Add-on Services,39,9058.21,0,Medium,Email
CX03054,46-55,North America,Basic Plan,6,6825.45,3,High,Mobile App
CX03055,46-55,North America,Basic Plan,6,36308.61,2,Low,Mobile App
CX03056,55+,Latin America,Basic Plan,23,4933.78,0,High,Phone
CX03057,55+,Asia Pacific,Basic Plan,32,36903.71,6,Medium,Mobile App
CX03058,36-45,Asia Pacific,Add-on Services,47,2777.17,4,High,Mobile App
CX03059,26-35,Latin America,Add-on Services,15,42680.45,4,Medium,Website
CX03060,18-25,North America,Enterprise Plan,16,838.76,7,High,In-Store
CX03061,26-35,Asia Pacific,Add-on Services,55,7870.59,3,Medium,Live Chat
CX03062,46-55,North America,Add-on Services,27,26970.52,2,Medium,Website
CX03063,26-35,Latin America,Pro Plan,26,22926.63,0,High,Email
CX03064,46-55,Latin America,Enterprise Plan,60,35090.1,6,Low,Mobile App
CX03065,36-45,North America,Add-on Services,57,49890.59,8,Medium,Live Chat
CX03066,36-45,Asia Pacific,Add-on Services,30,41578.53,10,Low,Live Chat
CX03067,18-25,Europe,Enterprise Plan,1,2306.72,1,High,Phone
CX03068,55+,Latin America,Enterprise Plan,10,6714.93,5,Medium,Mobile App
CX03069,36-45,North America,Enterprise Plan,47,21254.17,6,High,Mobile App
CX03070,18-25,Europe,Basic Plan,22,39636.18,6,Medium,Live Chat
CX03071,36-45,Europe,Enterprise Plan,17,28954.19,2,Low,Email
CX03072,36-45,Asia Pacific,Basic Plan,50,6624.38,10,High,Live Chat
CX03073,46-55,Europe,Basic Plan,34,7764.21,3,Low,In-Store
CX03074,46-55,Europe,Enterprise Plan,15,17199.48,9,Medium,Live Chat
CX03075,55+,Europe,Basic Plan,34,26082.45,9,Medium,Live Chat
CX03076,18-25,Latin America,Add-on Services,17,43375.48,0,Medium,Website
CX03077,18-25,North America,Pro Plan,6,8469.39,5,Medium,Mobile App
CX03078,36-45,North America,Pro Plan,16,43227.9,1,High,Email
CX03079,18-25,Asia Pacific,Add-on Services,1,41277.88,3,Medium,Mobile App
CX03080,18-25,Latin America,Basic Plan,4,10530.47,0,High,Mobile App
CX03081,18-25,Latin America,Basic Plan,6,4928.54,4,Low,Website
CX03082,26-35,Asia Pacific,Add-on Services,53,6280.43,1,High,Email
CX03083,18-25,Latin America,Add-on Services,3,39143.38,1,High,Email
CX03084,26-35,Asia Pacific,Basic Plan,47,25612.67,1,High,In-Store
CX03085,36-45,Latin America,Enterprise Plan,56,18550.6,0,High,Website
CX03086,18-25,Europe,Add-on Services,22,11561.12,8,Low,In-Store
CX03087,18-25,North America,Add-on Services,60,8740.16,8,High,Email
CX03088,55+,North America,Add-on Services,9,39079.79,9,Low,In-Store
CX03089,26-35,Latin America,Basic Plan,27,5736.29,0,High,In-Store
CX03090,55+,North America,Add-on Services,54,8154.12,3,High,Live Chat
CX03091,55+,Latin America,Enterprise Plan,31,24775.3,1,High,Mobile App
CX03092,46-55,Asia Pacific,Pro Plan,3,22646.73,6,High,Website
CX03093,18-25,Europe,Enterprise Plan,36,1238.76,8,Medium,Phone
CX03094,46-55,North America,Basic Plan,11,32740.93,10,Medium,Mobile App
CX03095,26-35,Europe,Add-on Services,12,8532.33,1,Medium,Live Chat
CX03096,18-25,Latin America,Add-on Services,36,17944.37,7,Medium,Email
CX03097,46-55,North America,Add-on Services,52,22402.96,10,Medium,Website
CX03098,46-55,North America,Pro Plan,37,42560.37,5,High,In-Store
CX03099,26-35,North America,Enterprise Plan,4,36922.09,6,Medium,Mobile App
CX03100,46-55,North America,Basic Plan,31,46423.31,3,Low,Phone
CX03101,18-25,Asia Pacific,Pro Plan,19,42502.46,1,High,Live Chat
CX03102,26-35,Europe,Enterprise Plan,35,42836.33,8,Low,Mobile App
CX03103,18-25,North America,Enterprise Plan,59,5803.28,6,High,Website
CX03104,18-25,Asia Pacific,Pro Plan,3,7794.33,5,Low,Email
CX03105,46-55,Asia Pacific,Add-on Services,45,14894.68,3,Low,In-Store
CX03106,55+,Asia Pacific,Pro Plan,20,27722.56,1,Low,Phone
CX03107,18-25,North America,Enterprise Plan,59,25184.11,4,Low,Email
CX03108,55+,Latin America,Basic Plan,21,23886.7,8,Medium,Phone
CX03109,18-25,Europe,Basic Plan,58,22727.49,7,Medium,Website
CX03110,26-35,Europe,Enterprise Plan,49,28357.97,8,Low,Phone
CX03111,36-45,Asia Pacific,Pro Plan,25,42777.06,10,Low,In-Store
CX03112,55+,Latin America,Pro Plan,15,36850.42,0,Low,Phone
CX03113,36-45,Latin America,Enterprise Plan,50,14369.09,7,Medium,Mobile App
CX03114,18-25,Asia Pacific,Basic Plan,29,5536.41,7,Low,Website
CX03115,55+,Latin America,Basic Plan,24,19521.57,4,High,Email
CX03116,55+,Europe,Add-on Services,43,36271.67,3,Low,Email
CX03117,36-45,Asia Pacific,Pro Plan,34,1289.31,2,Medium,Phone
CX03118,18-25,Asia Pacific,Enterprise Plan,46,23221.43,2,Medium,Website
CX03119,26-35,Europe,Enterprise Plan,17,38643.6,6,High,Live Chat
CX03120,46-55,Europe,Add-on Services,12,27972.53,4,Low,Email
CX03121,46-55,Latin America,Enterprise Plan,9,1009.14,10,Medium,In-Store
CX03122,26-35,Europe,Add-on Services,5,43053.51,3,Medium,Mobile App
CX03123,55+,Latin America,Add-on Services,27,34735.61,5,High,Mobile App
CX03124,26-35,Latin America,Add-on Services,39,3079.85,10,High,Website
CX03125,36-45,Latin America,Pro Plan,12,3347.95,5,Medium,Mobile App
CX03126,36-45,North America,Enterprise Plan,51,1757.27,8,High,Mobile App
CX03127,46-55,Europe,Add-on Services,48,4648.5,5,High,Email
CX03128,46-55,Asia Pacific,Basic Plan,21,9996.68,10,High,Phone
CX03129,46-55,Latin America,Basic Plan,48,23947.65,9,Medium,Email
CX03130,36-45,Asia Pacific,Enterprise Plan,11,22098.54,1,High,In-Store
CX03131,18-25,Europe,Enterprise Plan,10,42331.37,7,Low,Email
CX03132,26-35,Latin America,Pro Plan,12,3452.0,2,Low,In-Store
CX03133,26-35,Latin America,Basic Plan,7,38198.05,7,Medium,In-Store
CX03134,46-55,Latin America,Basic Plan,32,5777.09,2,Low,Phone
CX03135,26-35,Asia Pacific,Basic Plan,19,13776.14,8,Medium,Live Chat
CX03136,55+,Europe,Basic Plan,24,9198.21,1,Medium,Live Chat
CX03137,18-25,Europe,Pro Plan,12,1964.6,2,High,Email
CX03138,55+,North America,Basic Plan,57,13673.98,10,Medium,Phone
CX03139,46-55,North America,Basic Plan,28,27545.18,1,Medium,Email
CX03140,18-25,Europe,Basic Plan,26,46230.62,7,Low,Phone
CX03141,18-25,North America,Enterprise Plan,38,10315.08,2,Medium,Email
CX03142,26-35,Asia Pacific,Enterprise Plan,25,29089.82,1,Medium,Mobile App
CX03143,55+,Asia Pacific,Add-on Services,28,48954.95,8,Low,Live Chat
CX03144,26-35,North America,Add-on Services,49,46516.59,4,Low,Mobile App
CX03145,36-45,Asia Pacific,Basic Plan,45,30379.35,9,Low,Mobile App
CX03146,46-55,Europe,Add-on Services,12,27275.45,1,Low,Live Chat
CX03147,18-25,Latin America,Pro Plan,23,32784.76,4,High,Email
CX03148,18-25,Europe,Add-on Services,46,21279.17,6,High,Phone
CX03149,26-35,Latin America,Pro Plan,36,32403.8,5,Low,Live Chat
CX03150,46-55,Asia Pacific,Enterprise Plan,2,22905.86,0,High,Live Chat
CX03151,46-55,Asia Pacific,Basic Plan,27,37535.09,5,Medium,Website
CX03152,26-35,North America,Basic Plan,43,35885.99,1,High,Mobile App
CX03153,55+,North America,Pro Plan,12,38696.54,5,Medium,Mobile App
CX03154,55+,North America,Enterprise Plan,17,27339.59,0,High,Mobile App
CX03155,26-35,Europe,Enterprise Plan,13,12739.68,2,Low,Mobile App
CX03156,26-35,Asia Pacific,Basic Plan,3,8121.23,5,High,Phone
CX03157,36-45,North America,Basic Plan,40,44294.44,3,Medium,Phone
CX03158,36-45,North America,Pro Plan,55,20538.6,8,High,Live Chat
CX03159,36-45,Europe,Pro Plan,49,38900.36,3,Low,Phone
CX03160,26-35,Latin America,Pro Plan,38,21624.36,0,High,Website
CX03161,36-45,Europe,Basic Plan,9,41666.84,4,Medium,Website
CX03162,26-35,North America,Add-on Services,50,17000.32,9,Medium,Phone
CX03163,55+,Europe,Basic Plan,8,7560.83,7,Medium,Mobile App
CX03164,18-25,Latin America,Add-on Services,20,29605.91,4,Low,Website
CX03165,18-25,Latin America,Pro Plan,39,38856.26,4,High,Website
CX03166,55+,Europe,Add-on Services,22,31295.64,1,High,Mobile App
CX03167,26-35,Latin America,Add-on Services,5,35298.04,1,Medium,Phone
CX03168,26-35,Latin America,Pro Plan,28,42821.06,4,Medium,Phone
CX03169,26-35,Latin America,Enterprise Plan,25,5592.84,2,High,Website
CX03170,55+,Latin America,Basic Plan,29,40528.25,3,Low,Website
CX03171,55+,Europe,Enterprise Plan,21,43790.72,4,Low,Mobile App
CX03172,26-35,North America,Basic Plan,23,34708.62,5,Medium,Website
CX03173,36-45,North America,Enterprise Plan,14,36129.87,2,Low,Live Chat
CX03174,18-25,Asia Pacific,Pro Plan,43,42145.15,8,Medium,Email
CX03175,55+,Latin America,Pro Plan,17,23573.82,2,Medium,In-Store
CX03176,36-45,Europe,Pro Plan,6,25335.06,3,High,Phone
CX03177,36-45,North America,Pro Plan,48,46419.71,0,Medium,Live Chat
CX03178,46-55,Latin America,Basic Plan,28,24889.11,6,High,Mobile App
CX03179,26-35,Europe,Pro Plan,38,29683.61,8,Medium,Phone
CX03180,18-25,Asia Pacific,Basic Plan,11,17344.52,8,High,Phone
CX03181,46-55,Asia Pacific,Basic Plan,57,26228.38,10,High,Phone
CX03182,55+,Europe,Pro Plan,50,16371.63,6,High,Email
CX03183,26-35,Latin America,Pro Plan,2,37112.98,4,Medium,Email
CX03184,26-35,Europe,Enterprise Plan,20,46236.9,10,Medium,In-Store
CX03185,36-45,North America,Add-on Services,11,27994.73,2,Low,Phone
CX03186,18-25,North America,Pro Plan,23,36602.14,10,High,Email
CX03187,26-35,Asia Pacific,Add-on Services,12,27847.3,3,High,Phone
CX03188,26-35,North America,Basic Plan,55,47315.32,2,Low,Phone
CX03189,18-25,Asia Pacific,Pro Plan,39,1066.51,0,High,In-Store
CX03190,46-55,Latin America,Pro Plan,54,34834.39,0,Low,Email
CX03191,46-55,North America,Enterprise Plan,59,41636.69,5,Low,Live Chat
CX03192,36-45,Latin America,Pro Plan,12,3804.29,4,High,Website
CX03193,18-25,Europe,Basic Plan,4,36997.53,1,High,Mobile App
CX03194,26-35,Asia Pacific,Pro Plan,35,31149.75,2,Low,Phone
CX03195,46-55,North America,Basic Plan,38,11498.54,0,High,Website
CX03196,46-55,North America,Pro Plan,30,24549.75,0,Medium,Email
CX03197,36-45,Latin America,Basic Plan,60,34411.82,6,Low,Email
CX03198,46-55,Europe,Add-on Services,19,11310.24,8,High,Phone
CX03199,18-25,North America,Enterprise Plan,15,23419.93,3,Medium,Email
CX03200,18-25,Latin America,Add-on Services,43,7757.35,3,High,Website
CX03201,26-35,Europe,Add-on Services,8,1115.32,9,Medium,Phone
CX03202,18-25,Latin America,Enterprise Plan,9,46965.22,1,Medium,Phone
CX03203,36-45,Asia Pacific,Basic Plan,59,37568.86,7,Low,Email
CX03204,46-55,Latin America,Enterprise Plan,31,47575.59,0,Medium,In-Store
CX03205,26-35,Asia Pacific,Enterprise Plan,12,31371.95,0,Medium,Email
CX03206,18-25,Latin America,Enterprise Plan,55,17338.95,8,High,Email
CX03207,18-25,North America,Add-on Services,40,30967.04,3,Low,Phone
CX03208,26-35,North America,Pro Plan,19,28237.91,7,Medium,Phone
CX03209,36-45,North America,Add-on Services,11,11341.7,5,Medium,Phone
CX03210,26-35,Latin America,Enterprise Plan,29,28728.49,0,Low,Phone
CX03211,36-45,Asia Pacific,Pro Plan,25,42182.3,2,Medium,Live Chat
CX03212,55+,North America,Enterprise Plan,45,23646.72,3,High,Email
CX03213,36-45,North America,Basic Plan,1,29983.2,3,High,Phone
CX03214,36-45,Latin America,Enterprise Plan,12,5022.83,4,Low,Phone
CX03215,55+,North America,Basic Plan,38,39160.12,7,High,Website
CX03216,36-45,Latin America,Basic Plan,20,24692.07,10,High,Email
CX03217,18-25,Asia Pacific,Pro Plan,30,25506.85,8,Medium,Phone
CX03218,26-35,Latin America,Basic Plan,26,36523.2,1,High,Email
CX03219,36-45,Latin America,Enterprise Plan,58,20997.65,7,Low,In-Store
CX03220,46-55,Europe,Add-on Services,36,46268.51,1,Medium,In-Store
CX03221,36-45,North America,Enterprise Plan,53,26117.7,9,High,Website
CX03222,18-25,Europe,Add-on Services,31,46262.89,2,High,Website
CX03223,18-25,Asia Pacific,Enterprise Plan,3,35026.46,10,High,Email
CX03224,18-25,Asia Pacific,Pro Plan,24,20888.92,6,Low,Phone
CX03225,18-25,Europe,Pro Plan,29,13716.95,6,High,Live Chat
CX03226,26-35,Europe,Basic Plan,26,24410.83,7,High,Mobile App
CX03227,18-25,Latin America,Add-on Services,45,39677.19,1,High,Mobile App
CX03228,26-35,Europe,Add-on Services,27,44448.7,7,High,In-Store
CX03229,36-45,North America,Basic Plan,50,25839.09,8,High,Live Chat
CX03230,46-55,Asia Pacific,Pro Plan,33,38116.41,10,High,Website
CX03231,46-55,Latin America,Pro Plan,37,21028.15,4,High,Mobile App
CX03232,55+,Latin America,Add-on Services,2,37223.6,5,High,Phone
CX03233,18-25,Asia Pacific,Pro Plan,9,41507.57,7,Low,Phone
CX03234,55+,Latin America,Basic Plan,35,43283.77,10,High,Email
CX03235,18-25,Latin America,Add-on Services,14,9747.54,0,Low,Email
CX03236,26-35,North America,Add-on Services,13,47203.52,9,High,Mobile App
CX03237,55+,North America,Pro Plan,32,6439.9,2,Medium,In-Store
CX03238,36-45,Europe,Pro Plan,30,4976.63,0,High,Email
CX03239,36-45,Asia Pacific,Pro Plan,26,29571.96,2,Low,Mobile App
CX03240,55+,Europe,Basic Plan,44,38668.59,5,Medium,In-Store
CX03241,55+,North America,Basic Plan,19,18260.23,9,High,Email
CX03242,46-55,North America,Add-on Services,39,9391.8,9,Medium,Live Chat
CX03243,46-55,Europe,Basic Plan,24,13293.95,9,High,Mobile App
CX03244,36-45,Europe,Enterprise Plan,43,39424.31,0,High,Mobile App
CX03245,18-25,Latin America,Basic Plan,27,23838.06,0,Medium,In-Store
CX03246,46-55,Asia Pacific,Pro Plan,44,6137.94,10,High,Live Chat
CX03247,18-25,North America,Add-on Services,42,42620.25,9,High,In-Store
CX03248,26-35,North America,Enterprise Plan,1,10385.8,7,Low,Website
CX03249,46-55,North America,Pro Plan,27,31725.13,0,Medium,Website
CX03250,26-35,North America,Basic Plan,34,32210.78,1,Medium,Mobile App
CX03251,46-55,Europe,Pro Plan,39,47320.52,8,Low,In-Store
CX03252,36-45,Asia Pacific,Enterprise Plan,49,47353.06,10,Low,Email
CX03253,26-35,Asia Pacific,Pro Plan,42,32518.87,10,Medium,Website
CX03254,18-25,Latin America,Basic Plan,28,46884.43,10,Low,In-Store
CX03255,55+,Latin America,Basic Plan,11,40090.55,6,Medium,Mobile App
CX03256,18-25,North America,Pro Plan,54,1328.78,9,Low,Email
CX03257,18-25,Europe,Add-on Services,13,33789.63,4,Medium,Phone
CX03258,26-35,Asia Pacific,Add-on Services,41,32722.56,10,Medium,Phone
CX03259,55+,Latin America,Basic Plan,6,9342.81,4,High,In-Store
CX03260,26-35,Asia Pacific,Pro Plan,43,43906.81,3,Medium,Live Chat
CX03261,18-25,North America,Pro Plan,15,23197.2,3,Low,Mobile App
CX03262,55+,Asia Pacific,Add-on Services,26,41234.44,0,Low,Live Chat
CX03263,46-55,Latin America,Basic Plan,9,45955.39,4,Low,Email
CX03264,36-45,Europe,Enterprise Plan,3,17920.56,3,High,Email
CX03265,36-45,North America,Add-on Services,51,18677.23,4,High,Website
CX03266,26-35,Latin America,Enterprise Plan,54,43920.46,8,High,Mobile App
CX03267,18-25,Asia Pacific,Add-on Services,32,12814.1,5,Medium,In-Store
CX03268,46-55,Latin America,Pro Plan,13,48056.15,3,Medium,Website
CX03269,46-55,Latin America,Add-on Services,39,38885.41,8,Medium,Phone
CX03270,55+,North America,Pro Plan,24,29283.1,9,Medium,In-Store
CX03271,26-35,Europe,Basic Plan,17,9706.77,8,Medium,Mobile App
CX03272,26-35,Latin America,Pro Plan,1,19499.67,6,Low,Email
CX03273,55+,Latin America,Pro Plan,13,44680.75,6,High,Live Chat
CX03274,55+,Europe,Pro Plan,14,16370.51,8,High,Email
CX03275,46-55,Latin America,Add-on Services,29,30740.29,5,Medium,Website
CX03276,36-45,North America,Pro Plan,17,26497.0,0,High,Phone
CX03277,55+,Europe,Basic Plan,21,10407.03,8,High,Mobile App
CX03278,55+,North America,Pro Plan,9,20421.32,0,Low,Website
CX03279,36-45,Asia Pacific,Basic Plan,42,48954.99,7,Medium,Mobile App
CX03280,55+,North America,Enterprise Plan,48,32777.13,3,Low,Phone
CX03281,55+,North America,Pro Plan,20,6351.33,3,High,Live Chat
CX03282,46-55,Asia Pacific,Pro Plan,58,31960.61,8,Medium,Mobile App
CX03283,18-25,Latin America,Enterprise Plan,54,33732.41,4,Low,In-Store
CX03284,26-35,Asia Pacific,Basic Plan,22,31243.69,10,Low,Website
CX03285,55+,Europe,Pro Plan,22,41666.72,0,High,Email
CX03286,46-55,Latin America,Basic Plan,40,47192.22,8,High,Email
CX03287,26-35,North America,Enterprise Plan,26,26930.43,0,Low,Email
CX03288,36-45,Europe,Basic Plan,29,30976.51,6,Low,Live Chat
CX03289,46-55,Asia Pacific,Add-on Services,10,38005.94,10,High,In-Store
CX03290,36-45,North America,Enterprise Plan,16,39872.43,4,Medium,Phone
CX03291,18-25,Europe,Enterprise Plan,15,48236.07,10,Low,Email
CX03292,55+,Asia Pacific,Add-on Services,7,1130.27,7,Medium,Email
CX03293,26-35,Europe,Basic Plan,32,49533.68,5,Low,Mobile App
CX03294,46-55,North America,Pro Plan,3,7757.33,5,High,In-Store
CX03295,55+,North America,Pro Plan,34,24471.82,3,Medium,Website
CX03296,26-35,Asia Pacific,Pro Plan,52,15049.2,4,Medium,Email
CX03297,36-45,North America,Enterprise Plan,32,21846.97,7,High,Live Chat
CX03298,46-55,Europe,Pro Plan,21,49329.03,0,High,Email
CX03299,46-55,Asia Pacific,Basic Plan,50,37974.25,1,Medium,In-Store
CX03300,18-25,Asia Pacific,Basic Plan,31,34906.29,10,Low,Live Chat
CX03301,55+,Asia Pacific,Basic Plan,18,17907.92,3,Medium,Website
CX03302,55+,North America,Enterprise Plan,33,572.05,5,High,In-Store
CX03303,18-25,North America,Enterprise Plan,58,41840.81,4,Medium,In-Store
CX03304,55+,Latin America,Enterprise Plan,16,30312.73,1,Medium,Website
CX03305,46-55,Latin America,Basic Plan,4,14610.29,9,Low,Website
CX03306,36-45,Asia Pacific,Enterprise Plan,8,27209.02,0,Low,Live Chat
CX03307,55+,Europe,Pro Plan,6,40311.46,0,High,Mobile App
CX03308,55+,Latin America,Add-on Services,50,8435.77,0,Low,Live Chat
CX03309,36-45,Latin America,Enterprise Plan,41,48619.04,0,High,Email
CX03310,55+,North America,Pro Plan,26,16423.95,9,High,Phone
CX03311,18-25,Latin America,Enterprise Plan,45,22147.8,9,Low,Mobile App
CX03312,26-35,Asia Pacific,Add-on Services,9,10404.33,3,High,Email
CX03313,36-45,Asia Pacific,Basic Plan,33,45440.21,0,Medium,Email
CX03314,18-25,Latin America,Basic Plan,39,8825.29,10,High,Website
CX03315,55+,North America,Enterprise Plan,56,11506.71,1,Low,In-Store
CX03316,26-35,Latin America,Add-on Services,7,5264.3,8,Medium,Live Chat
CX03317,36-45,North America,Enterprise Plan,11,40116.95,3,Low,In-Store
CX03318,18-25,North America,Add-on Services,3,15115.8,7,High,In-Store
CX03319,26-35,Europe,Basic Plan,21,11681.57,7,High,Website
CX03320,46-55,Latin America,Enterprise Plan,24,35702.82,4,Medium,In-Store
CX03321,18-25,Europe,Pro Plan,6,22467.76,1,Medium,Email
CX03322,18-25,Asia Pacific,Pro Plan,37,13978.82,7,Medium,Email
CX03323,26-35,Latin America,Pro Plan,16,16672.48,9,Medium,Website
CX03324,36-45,Europe,Basic Plan,9,37577.49,1,High,Live Chat
CX03325,36-45,North America,Pro Plan,24,24565.01,8,Medium,Website
CX03326,26-35,Latin America,Add-on Services,4,16866.88,0,Medium,Mobile App
CX03327,18-25,Latin America,Add-on Services,16,21981.65,0,Medium,Website
CX03328,26-35,North America,Add-on Services,18,41952.27,9,High,Live Chat
CX03329,18-25,North America,Pro Plan,38,2668.19,1,Low,Website
CX03330,26-35,North America,Pro Plan,24,7195.15,9,Medium,Phone
CX03331,26-35,Europe,Add-on Services,49,18865.86,7,High,Live Chat
CX03332,36-45,Europe,Basic Plan,37,32638.73,2,Medium,Website
CX03333,18-25,Latin America,Basic Plan,9,43220.49,7,Medium,Email
CX03334,36-45,Asia Pacific,Enterprise Plan,52,14031.04,10,High,Mobile App
CX03335,18-25,Asia Pacific,Enterprise Plan,48,28063.42,9,Medium,In-Store
CX03336,36-45,Asia Pacific,Pro Plan,33,4982.87,8,Low,In-Store
CX03337,55+,North America,Add-on Services,23,31647.9,8,Low,Phone
CX03338,36-45,Asia Pacific,Add-on Services,26,8266.56,2,High,In-Store
CX03339,36-45,Europe,Basic Plan,32,31018.29,0,Medium,In-Store
CX03340,46-55,Latin America,Basic Plan,16,48490.62,6,Low,Email
CX03341,26-35,Asia Pacific,Add-on Services,2,22658.42,4,Medium,In-Store
CX03342,26-35,Latin America,Add-on Services,2,6988.55,5,Low,Phone
CX03343,55+,Asia Pacific,Basic Plan,5,19035.71,3,High,Website
CX03344,18-25,Latin America,Pro Plan,44,36428.87,1,Medium,Email
CX03345,18-25,Asia Pacific,Add-on Services,4,17669.62,7,High,Website
CX03346,36-45,Europe,Pro Plan,17,15459.99,3,Low,Live Chat
CX03347,36-45,Asia Pacific,Add-on Services,37,13634.74,6,Medium,In-Store
CX03348,36-45,Europe,Basic Plan,44,40676.7,7,High,Website
CX03349,36-45,Latin America,Basic Plan,37,46712.0,1,High,Live Chat
CX03350,55+,Latin America,Add-on Services,48,46868.11,6,High,Mobile App
CX03351,46-55,Asia Pacific,Add-on Services,57,6591.24,3,Low,Phone
CX03352,55+,Latin America,Enterprise Plan,41,33692.36,7,Medium,Live Chat
CX03353,18-25,Asia Pacific,Add-on Services,4,38713.84,3,High,In-Store
CX03354,46-55,Latin America,Basic Plan,35,13635.28,0,High,Website
CX03355,55+,Europe,Pro Plan,2,30371.76,6,Medium,Mobile App
CX03356,26-35,Europe,Pro Plan,45,35470.18,7,Low,In-Store
CX03357,26-35,Europe,Add-on Services,19,13324.28,2,High,Mobile App
CX03358,36-45,Europe,Pro Plan,53,20041.76,7,Medium,Live Chat
CX03359,55+,Europe,Enterprise Plan,11,22245.15,3,High,In-Store
CX03360,26-35,Europe,Enterprise Plan,42,7464.22,2,Low,In-Store
CX03361,26-35,North America,Basic Plan,17,34592.62,0,Low,Email
CX03362,55+,Europe,Pro Plan,49,40019.62,8,Medium,Phone
CX03363,26-35,Europe,Enterprise Plan,32,33162.22,9,High,Live Chat
CX03364,26-35,North America,Add-on Services,22,41083.98,1,Medium,Phone
CX03365,36-45,Europe,Add-on Services,4,45784.52,7,Medium,Email
CX03366,55+,North America,Pro Plan,36,47990.22,1,Low,Website
CX03367,46-55,Asia Pacific,Pro Plan,14,33835.01,2,Medium,In-Store
CX03368,26-35,Europe,Add-on Services,29,23638.25,3,Low,Website
CX03369,46-55,North America,Add-on Services,26,46464.7,7,Low,Email
CX03370,18-25,Europe,Enterprise Plan,4,12282.99,0,Medium,Live Chat
CX03371,36-45,Europe,Enterprise Plan,9,31693.64,1,High,Website
CX03372,46-55,Asia Pacific,Basic Plan,9,44941.44,4,Low,In-Store
CX03373,46-55,Latin America,Enterprise Plan,33,8766.72,7,Medium,Mobile App
CX03374,36-45,North America,Add-on Services,54,8415.1,0,Low,In-Store
CX03375,46-55,Europe,Enterprise Plan,41,42424.0,6,Medium,Email
CX03376,18-25,Asia Pacific,Add-on Services,18,16095.53,7,High,Live Chat
CX03377,26-35,North America,Pro Plan,38,35099.65,9,High,Email
CX03378,55+,Asia Pacific,Basic Plan,17,30137.73,8,Medium,Website
CX03379,55+,Asia Pacific,Enterprise Plan,1,43405.38,9,High,In-Store
CX03380,26-35,Europe,Add-on Services,50,43683.47,4,Low,Mobile App
CX03381,26-35,Europe,Enterprise Plan,58,19359.8,2,Low,Mobile App
CX03382,55+,North America,Basic Plan,22,30987.93,8,Medium,Mobile App
CX03383,36-45,North America,Basic Plan,45,4125.09,10,Medium,Email
CX03384,26-35,Europe,Pro Plan,53,29783.13,8,High,Phone
CX03385,46-55,Asia Pacific,Pro Plan,53,44530.43,10,Low,Phone
CX03386,46-55,Latin America,Add-on Services,5,42438.61,8,High,Mobile App
CX03387,26-35,Europe,Add-on Services,34,32326.52,10,Medium,Website
CX03388,36-45,Asia Pacific,Basic Plan,25,26346.75,6,High,Website
CX03389,26-35,Asia Pacific,Enterprise Plan,26,15644.39,9,High,Live Chat
CX03390,36-45,Latin America,Basic Plan,49,34132.68,8,Medium,In-Store
CX03391,46-55,Asia Pacific,Add-on Services,13,44237.91,8,Low,Website
CX03392,55+,Latin America,Pro Plan,13,20051.09,1,Low,Live Chat
CX03393,18-25,Europe,Add-on Services,6,19517.46,2,Low,Website
CX03394,46-55,Asia Pacific,Enterprise Plan,58,16273.47,7,High,Live Chat
CX03395,46-55,Asia Pacific,Enterprise Plan,32,33442.73,8,Medium,Phone
CX03396,36-45,Asia Pacific,Add-on Services,23,5443.87,2,Medium,Email
CX03397,46-55,Asia Pacific,Basic Plan,1,3089.0,8,Medium,Phone
CX03398,55+,Latin America,Pro Plan,19,34323.02,5,Low,Email
CX03399,46-55,Asia Pacific,Enterprise Plan,21,5772.31,2,Medium,Phone
CX03400,36-45,North America,Add-on Services,60,15157.25,2,Low,Mobile App
CX03401,55+,Latin America,Add-on Services,2,25871.66,3,Medium,Email
CX03402,18-25,North America,Add-on Services,2,47937.41,6,Low,Website
CX03403,55+,Asia Pacific,Enterprise Plan,10,45857.19,8,High,Email
CX03404,18-25,Europe,Basic Plan,52,34837.48,0,High,Live Chat
CX03405,55+,Europe,Basic Plan,39,38954.52,4,High,Website
CX03406,26-35,Asia Pacific,Basic Plan,38,38622.82,10,Low,Live Chat
CX03407,46-55,Latin America,Add-on Services,9,42114.63,5,Low,Live Chat
CX03408,36-45,North America,Pro Plan,24,19767.41,4,High,Website
CX03409,36-45,Asia Pacific,Basic Plan,30,10629.88,6,High,Email
CX03410,36-45,North America,Enterprise Plan,32,32190.88,3,High,Phone
CX03411,18-25,Asia Pacific,Basic Plan,9,33064.12,6,Low,Mobile App
CX03412,55+,Asia Pacific,Enterprise Plan,10,32708.34,0,Low,Website
CX03413,36-45,Europe,Enterprise Plan,34,14378.15,0,Medium,Mobile App
CX03414,36-45,Europe,Basic Plan,15,5270.27,7,High,Email
CX03415,46-55,Asia Pacific,Add-on Services,30,18447.42,5,Low,In-Store
CX03416,36-45,North America,Add-on Services,48,13731.59,10,High,In-Store
CX03417,26-35,Europe,Basic Plan,33,26338.12,2,High,Phone
CX03418,55+,Latin America,Enterprise Plan,7,28742.3,2,Low,In-Store
CX03419,26-35,Europe,Add-on Services,2,36973.02,5,High,Live Chat
CX03420,46-55,Asia Pacific,Pro Plan,30,21289.51,7,Medium,Live Chat
CX03421,26-35,North America,Add-on Services,13,35139.8,6,Medium,Mobile App
CX03422,55+,Europe,Basic Plan,24,5067.5,8,Low,Email
CX03423,55+,Europe,Enterprise Plan,50,7760.73,6,Medium,Phone
CX03424,55+,Asia Pacific,Add-on Services,40,27663.59,0,Medium,Mobile App
CX03425,26-35,Europe,Add-on Services,47,7648.38,10,Medium,Website
CX03426,46-55,North America,Pro Plan,57,8977.51,7,High,Live Chat
CX03427,18-25,North America,Add-on Services,21,41284.14,8,High,In-Store
CX03428,46-55,North America,Enterprise Plan,52,23567.76,7,High,Phone
CX03429,36-45,North America,Add-on Services,27,25071.78,5,Low,Live Chat
CX03430,55+,North America,Basic Plan,54,22895.43,3,Medium,Live Chat
CX03431,18-25,Asia Pacific,Basic Plan,21,24958.57,0,High,Live Chat
CX03432,36-45,Asia Pacific,Add-on Services,11,20546.86,8,Low,Live Chat
CX03433,36-45,Latin America,Add-on Services,14,26493.62,2,Low,In-Store
CX03434,46-55,Latin America,Basic Plan,10,12270.87,6,High,Website
CX03435,26-35,North America,Basic Plan,41,42561.37,1,High,Live Chat
CX03436,18-25,Europe,Add-on Services,55,32955.33,1,High,Mobile App
CX03437,18-25,Latin America,Basic Plan,59,20388.6,9,Low,Website
CX03438,18-25,Latin America,Pro Plan,15,24311.86,2,High,Live Chat
CX03439,26-35,Latin America,Pro Plan,15,14107.6,8,High,Email
CX03440,36-45,Latin America,Basic Plan,16,35835.48,0,Medium,Email
CX03441,36-45,Latin America,Add-on Services,56,26168.94,3,Low,Phone
CX03442,36-45,Latin America,Basic Plan,52,24598.5,3,High,Website
CX03443,26-35,Europe,Basic Plan,21,16798.85,10,Low,In-Store
CX03444,36-45,Latin America,Basic Plan,23,6785.43,1,High,Email
CX03445,55+,Europe,Enterprise Plan,46,41197.32,4,Low,Phone
CX03446,36-45,Europe,Basic Plan,5,15912.48,4,Medium,Website
CX03447,18-25,Europe,Pro Plan,42,39767.3,0,Low,Email
CX03448,55+,Latin America,Basic Plan,21,31575.37,6,High,Live Chat
CX03449,18-25,North America,Add-on Services,57,43699.22,9,Medium,Live Chat
CX03450,18-25,Europe,Pro Plan,41,48689.38,10,Medium,Phone
CX03451,46-55,Asia Pacific,Enterprise Plan,27,48828.17,9,Medium,Website
CX03452,26-35,Latin America,Add-on Services,20,40812.97,1,Medium,Mobile App
CX03453,26-35,Asia Pacific,Add-on Services,14,38039.93,8,High,Mobile App
CX03454,18-25,Asia Pacific,Add-on Services,24,22923.8,2,High,In-Store
CX03455,26-35,Latin America,Pro Plan,7,25697.68,8,High,Mobile App
CX03456,18-25,Europe,Basic Plan,22,28180.92,10,Medium,In-Store
CX03457,26-35,Europe,Pro Plan,12,15354.25,6,High,Phone
CX03458,18-25,Asia Pacific,Enterprise Plan,35,12748.23,6,Medium,Website
CX03459,46-55,Europe,Enterprise Plan,19,39838.1,7,High,Phone
CX03460,46-55,Europe,Basic Plan,23,37279.02,9,Medium,Live Chat
CX03461,36-45,North America,Add-on Services,18,37165.82,9,Low,Email
CX03462,18-25,Latin America,Basic Plan,22,1149.83,2,Low,Website
CX03463,55+,North America,Add-on Services,37,27814.66,10,Medium,Website
CX03464,26-35,Asia Pacific,Enterprise Plan,43,24235.88,0,High,Live Chat
CX03465,36-45,Europe,Add-on Services,52,22762.55,0,High,Mobile App
CX03466,55+,Europe,Add-on Services,19,33389.68,3,Low,Website
CX03467,26-35,Latin America,Enterprise Plan,60,37580.51,9,High,In-Store
CX03468,55+,Latin America,Pro Plan,8,28112.6,3,Medium,Email
CX03469,46-55,Latin America,Basic Plan,39,37439.62,6,Medium,Email
CX03470,18-25,North America,Pro Plan,21,37456.97,3,Medium,Mobile App
CX03471,18-25,Europe,Pro Plan,9,34162.44,3,Medium,Live Chat
CX03472,55+,North America,Basic Plan,58,49434.1,7,Medium,Live Chat
CX03473,26-35,Latin America,Add-on Services,23,31051.25,0,Low,Email
CX03474,46-55,North America,Enterprise Plan,10,31965.4,4,Medium,Website
CX03475,36-45,Asia Pacific,Basic Plan,40,8628.13,3,Medium,Website
CX03476,46-55,Asia Pacific,Add-on Services,59,18344.58,4,Low,Email
CX03477,18-25,North America,Add-on Services,16,24736.0,2,Medium,Mobile App
CX03478,18-25,Asia Pacific,Add-on Services,58,30810.86,5,Medium,Live Chat
CX03479,26-35,Europe,Add-on Services,44,22214.25,4,Low,Phone
CX03480,55+,North America,Basic Plan,14,46401.05,8,Medium,Website
CX03481,26-35,Asia Pacific,Enterprise Plan,5,36566.06,3,Medium,Phone
CX03482,36-45,Latin America,Add-on Services,10,9438.11,8,Low,Live Chat
CX03483,18-25,Asia Pacific,Add-on Services,49,12439.42,3,Low,Phone
CX03484,36-45,Asia Pacific,Add-on Services,47,37077.39,1,Medium,In-Store
CX03485,46-55,Asia Pacific,Pro Plan,10,18201.11,1,Medium,In-Store
CX03486,55+,Latin America,Add-on Services,38,41283.03,3,Low,Mobile App
CX03487,18-25,Asia Pacific,Basic Plan,38,16450.42,3,Medium,Email
CX03488,46-55,Latin America,Basic Plan,33,10118.8,8,Medium,Live Chat
CX03489,18-25,North America,Basic Plan,47,34987.16,7,Low,Website
CX03490,36-45,Europe,Basic Plan,21,5058.91,1,Medium,Mobile App
CX03491,46-55,Latin America,Add-on Services,11,31749.71,0,Medium,Live Chat
CX03492,18-25,Latin America,Basic Plan,3,30949.4,6,High,Live Chat
CX03493,36-45,Latin America,Enterprise Plan,9,16868.09,7,Low,Email
CX03494,55+,North America,Pro Plan,56,21676.78,9,High,Mobile App
CX03495,26-35,North America,Enterprise Plan,17,9370.69,3,Low,Email
CX03496,18-25,North America,Pro Plan,13,3184.38,8,Medium,Phone
CX03497,36-45,North America,Enterprise Plan,59,41631.65,2,Medium,In-Store
CX03498,18-25,North America,Enterprise Plan,51,8093.43,6,Medium,Email
CX03499,18-25,North America,Enterprise Plan,5,13176.68,9,High,Mobile App
CX03500,18-25,North America,Add-on Services,28,44695.4,3,High,Live Chat
CX03501,26-35,Europe,Pro Plan,55,7263.19,0,Low,Phone
CX03502,26-35,Europe,Pro Plan,43,9216.99,5,Medium,Mobile App
CX03503,18-25,North America,Basic Plan,55,4238.52,3,Medium,Live Chat
CX03504,36-45,Europe,Pro Plan,37,5500.92,3,High,Mobile App
CX03505,36-45,Europe,Add-on Services,8,39932.05,2,Low,In-Store
CX03506,55+,Asia Pacific,Enterprise Plan,54,43065.96,10,Medium,Phone
CX03507,26-35,Europe,Enterprise Plan,12,25279.57,4,Medium,Live Chat
CX03508,46-55,Latin America,Basic Plan,12,13553.59,8,Medium,Email
CX03509,26-35,Asia Pacific,Pro Plan,48,3198.18,9,Medium,Mobile App
CX03510,46-55,Latin America,Add-on Services,41,45293.08,3,Medium,In-Store
CX03511,55+,Asia Pacific,Pro Plan,40,23858.94,3,Medium,Email
CX03512,18-25,Asia Pacific,Pro Plan,25,49100.9,6,Medium,Phone
CX03513,55+,North America,Enterprise Plan,32,38319.51,6,Low,Phone
CX03514,26-35,North America,Add-on Services,27,15357.24,4,Medium,Phone
CX03515,26-35,Europe,Add-on Services,55,29289.44,5,Low,Phone
CX03516,46-55,Asia Pacific,Add-on Services,28,36124.12,10,Low,Phone
CX03517,26-35,Latin America,Pro Plan,49,31872.62,9,High,Phone
CX03518,26-35,Europe,Enterprise Plan,13,43932.77,6,Medium,Live Chat
CX03519,26-35,Asia Pacific,Basic Plan,22,24003.64,2,High,Email
CX03520,46-55,Europe,Pro Plan,21,13936.95,10,Medium,Email
CX03521,55+,Asia Pacific,Add-on Services,16,33603.42,0,Medium,Website
CX03522,46-55,Europe,Enterprise Plan,37,23784.25,10,Low,Live Chat
CX03523,55+,North America,Add-on Services,7,18046.99,3,High,Live Chat
CX03524,18-25,North America,Add-on Services,58,39189.77,10,Low,In-Store
CX03525,46-55,North America,Basic Plan,16,1644.51,3,Medium,Mobile App
CX03526,46-55,North America,Add-on Services,45,8719.29,0,Low,Phone
CX03527,55+,Latin America,Add-on Services,36,45239.88,0,High,Mobile App
CX03528,46-55,Asia Pacific,Pro Plan,8,7024.84,1,Medium,Email
CX03529,26-35,Asia Pacific,Add-on Services,26,9605.2,10,Medium,Mobile App
CX03530,55+,Europe,Add-on Services,54,35275.3,5,Medium,Mobile App
CX03531,26-35,North America,Add-on Services,9,37528.53,9,High,In-Store
CX03532,36-45,North America,Pro Plan,26,41122.64,4,High,In-Store
CX03533,18-25,North America,Pro Plan,42,20973.77,6,High,Phone
CX03534,55+,Latin America,Basic Plan,40,20794.9,10,Low,Email
CX03535,55+,Europe,Pro Plan,22,11423.35,1,Low,Website
CX03536,46-55,North America,Pro Plan,23,39370.73,9,Low,Website
CX03537,46-55,Europe,Enterprise Plan,47,29462.51,1,Low,Mobile App
CX03538,26-35,Asia Pacific,Enterprise Plan,14,24073.78,10,Medium,Email
CX03539,26-35,Asia Pacific,Basic Plan,19,2756.73,9,High,In-Store
CX03540,36-45,North America,Basic Plan,5,43316.27,7,High,Mobile App
CX03541,18-25,North America,Enterprise Plan,59,27447.99,1,Medium,Website
CX03542,36-45,North America,Basic Plan,4,42496.83,10,Low,Website
CX03543,26-35,Latin America,Add-on Services,60,6393.96,8,Low,In-Store
CX03544,18-25,North America,Pro Plan,19,7646.78,3,Medium,Live Chat
CX03545,36-45,Asia Pacific,Enterprise Plan,57,8218.85,0,Low,Phone
CX03546,26-35,North America,Add-on Services,4,34920.27,9,High,Website
CX03547,46-55,North America,Pro Plan,59,27405.49,0,Low,Phone
CX03548,46-55,North America,Basic Plan,51,25027.86,3,Low,In-Store
CX03549,18-25,Asia Pacific,Basic Plan,9,15521.03,7,High,Website
CX03550,26-35,North America,Enterprise Plan,6,6401.94,8,Medium,In-Store
CX03551,36-45,Asia Pacific,Pro Plan,59,24486.65,1,High,Mobile App
CX03552,46-55,Latin America,Enterprise Plan,32,19337.94,6,Low,Live Chat
CX03553,18-25,Europe,Basic Plan,3,45939.55,7,Medium,Live Chat
CX03554,18-25,Latin America,Basic Plan,51,29090.97,4,Low,Mobile App
CX03555,26-35,North America,Enterprise Plan,19,43910.44,1,High,Mobile App
CX03556,18-25,Asia Pacific,Pro Plan,22,3044.26,9,High,Email
CX03557,26-35,Latin America,Basic Plan,27,27619.44,5,Medium,Mobile App
CX03558,36-45,Europe,Add-on Services,48,15938.45,1,Low,Mobile App
CX03559,36-45,Asia Pacific,Add-on Services,47,40531.94,7,High,Live Chat
CX03560,55+,Asia Pacific,Enterprise Plan,28,19826.12,4,High,Live Chat
CX03561,55+,Europe,Basic Plan,2,18777.59,9,High,In-Store
CX03562,36-45,Latin America,Add-on Services,23,46984.46,6,Low,Phone
CX03563,36-45,Asia Pacific,Pro Plan,55,49530.89,7,High,In-Store
CX03564,18-25,Latin America,Pro Plan,25,20508.26,10,Medium,Email
CX03565,36-45,North America,Enterprise Plan,25,43761.26,7,Low,In-Store
CX03566,18-25,North America,Enterprise Plan,55,49947.28,4,Low,Mobile App
CX03567,18-25,Latin America,Add-on Services,56,9411.61,0,High,Live Chat
CX03568,46-55,North America,Basic Plan,1,48436.52,6,Medium,Live Chat
CX03569,55+,North America,Enterprise Plan,52,38104.97,7,Low,Live Chat
CX03570,26-35,North America,Add-on Services,27,8840.78,8,High,Website
CX03571,18-25,Asia Pacific,Pro Plan,9,11853.74,8,Low,Mobile App
CX03572,26-35,Europe,Enterprise Plan,1,27034.48,7,Medium,Mobile App
CX03573,55+,Europe,Enterprise Plan,39,29757.24,4,Low,Website
CX03574,36-45,North America,Basic Plan,47,37689.81,4,Medium,Live Chat
CX03575,18-25,Europe,Enterprise Plan,57,39196.89,1,Low,Phone
CX03576,18-25,Asia Pacific,Pro Plan,21,48375.51,7,Low,Mobile App
CX03577,55+,Europe,Basic Plan,51,46509.31,4,Low,In-Store
CX03578,36-45,Latin America,Basic Plan,39,38078.96,8,Low,Website
CX03579,26-35,North America,Basic Plan,2,44800.27,1,High,Phone
CX03580,36-45,Europe,Enterprise Plan,5,30856.59,2,High,Website
CX03581,36-45,Asia Pacific,Add-on Services,36,20794.53,7,Medium,In-Store
CX03582,26-35,North America,Pro Plan,6,32257.19,10,High,Live Chat
CX03583,26-35,North America,Add-on Services,15,37922.43,7,High,In-Store
CX03584,18-25,Europe,Add-on Services,36,29466.55,1,High,Mobile App
CX03585,18-25,Europe,Add-on Services,17,46592.57,3,High,Email
CX03586,55+,North America,Enterprise Plan,53,16930.72,5,Medium,Email
CX03587,36-45,Asia Pacific,Basic Plan,35,38098.24,2,High,In-Store
CX03588,18-25,Latin America,Add-on Services,37,32062.82,4,Medium,Mobile App
CX03589,55+,Latin America,Basic Plan,25,3800.54,0,Medium,Phone
CX03590,46-55,Latin America,Pro Plan,15,22891.18,4,Medium,Email
CX03591,18-25,North America,Add-on Services,21,7623.13,6,Low,Mobile App
CX03592,46-55,North America,Enterprise Plan,38,44996.46,0,Low,Phone
CX03593,26-35,North America,Enterprise Plan,13,24206.08,6,High,Live Chat
CX03594,26-35,Latin America,Enterprise Plan,18,15414.05,7,Low,Phone
CX03595,18-25,Asia Pacific,Pro Plan,16,37325.36,4,Low,Mobile App
CX03596,36-45,North America,Basic Plan,18,4460.82,2,Medium,Website
CX03597,36-45,Asia Pacific,Pro Plan,56,20216.85,1,Medium,Live Chat
CX03598,36-45,Asia Pacific,Add-on Services,19,42369.3,9,Low,Email
CX03599,26-35,Latin America,Add-on Services,1,8526.5,2,Medium,Email
CX03600,18-25,Europe,Pro Plan,15,33029.37,9,Medium,In-Store
CX03601,55+,Asia Pacific,Enterprise Plan,12,46580.41,1,Medium,In-Store
CX03602,55+,Europe,Add-on Services,15,2781.46,0,Low,Live Chat
CX03603,46-55,Latin America,Pro Plan,58,44146.44,9,High,Website
CX03604,46-55,Europe,Basic Plan,32,15126.79,2,High,Mobile App
CX03605,26-35,North America,Enterprise Plan,6,20659.91,8,Low,Website
CX03606,36-45,Europe,Pro Plan,58,20602.95,9,Low,Email
CX03607,18-25,Latin America,Pro Plan,9,41060.63,0,Low,Website
CX03608,26-35,Europe,Basic Plan,20,26816.12,5,Low,Mobile App
CX03609,26-35,North America,Add-on Services,7,33735.51,0,Low,Live Chat
CX03610,26-35,Europe,Pro Plan,24,31140.26,7,High,Email
CX03611,18-25,North America,Basic Plan,4,32483.32,2,High,Live Chat
CX03612,36-45,Latin America,Basic Plan,25,7738.13,5,Medium,In-Store
CX03613,36-45,Latin America,Basic Plan,33,37128.12,5,High,Phone
CX03614,18-25,Latin America,Pro Plan,15,523.29,5,High,Mobile App
CX03615,26-35,Europe,Basic Plan,25,32719.03,7,Medium,Live Chat
CX03616,18-25,Asia Pacific,Enterprise Plan,25,14836.45,4,Low,Email
CX03617,18-25,North America,Enterprise Plan,49,17960.82,10,High,In-Store
CX03618,18-25,North America,Add-on Services,32,21681.46,6,High,Email
CX03619,36-45,North America,Enterprise Plan,12,33112.25,10,Medium,Website
CX03620,26-35,North America,Pro Plan,36,4783.76,10,Medium,Email
CX03621,55+,North America,Add-on Services,43,4171.87,9,Low,Mobile App
CX03622,26-35,Europe,Basic Plan,44,6136.92,7,High,Live Chat
CX03623,46-55,North America,Add-on Services,41,41382.33,10,Medium,Mobile App
CX03624,36-45,Europe,Pro Plan,10,10321.91,7,Low,Live Chat
CX03625,36-45,Europe,Basic Plan,56,7333.94,10,High,In-Store
CX03626,36-45,Asia Pacific,Add-on Services,15,45624.93,1,Low,Phone
CX03627,26-35,Asia Pacific,Pro Plan,2,2482.1,3,Medium,Phone
CX03628,26-35,Europe,Pro Plan,45,35015.93,3,Low,Phone
CX03629,46-55,Asia Pacific,Add-on Services,25,30823.99,2,Medium,Live Chat
CX03630,36-45,North America,Add-on Services,43,27910.34,10,Medium,Email
CX03631,36-45,North America,Enterprise Plan,58,10910.31,8,Low,Website
CX03632,18-25,North America,Enterprise Plan,43,43604.51,6,Medium,Mobile App
CX03633,46-55,Latin America,Enterprise Plan,12,21838.59,3,Medium,Website
CX03634,26-35,Latin America,Pro Plan,18,16138.17,5,Low,Mobile App
CX03635,46-55,Asia Pacific,Add-on Services,21,46552.44,6,High,Email
CX03636,46-55,Asia Pacific,Add-on Services,33,15028.51,6,Low,Mobile App
CX03637,36-45,Asia Pacific,Enterprise Plan,54,6455.53,4,Medium,In-Store
CX03638,26-35,Asia Pacific,Basic Plan,27,29140.43,9,Medium,Phone
CX03639,46-55,Asia Pacific,Basic Plan,10,41011.96,0,Medium,Mobile App
CX03640,46-55,Latin America,Add-on Services,12,30065.21,3,High,Phone
CX03641,18-25,Latin America,Pro Plan,17,34398.33,4,Low,Website
CX03642,26-35,North America,Enterprise Plan,28,43499.49,10,Medium,Website
CX03643,26-35,Europe,Pro Plan,19,44702.49,7,High,In-Store
CX03644,18-25,Asia Pacific,Enterprise Plan,32,36290.46,7,Low,Phone
CX03645,18-25,Asia Pacific,Basic Plan,30,1699.25,3,High,Live Chat
CX03646,55+,Europe,Basic Plan,19,22912.79,10,Low,Mobile App
CX03647,26-35,Latin America,Pro Plan,45,3276.96,9,High,In-Store
CX03648,36-45,Asia Pacific,Basic Plan,46,46165.18,7,Medium,In-Store
CX03649,46-55,North America,Add-on Services,13,20646.31,3,High,Mobile App
CX03650,55+,Latin America,Pro Plan,1,6084.78,2,Low,Website
CX03651,18-25,Asia Pacific,Enterprise Plan,9,19691.06,4,High,Mobile App
CX03652,26-35,Europe,Add-on Services,55,22842.26,9,Medium,Website
CX03653,55+,Europe,Add-on Services,32,36327.19,10,Low,In-Store
CX03654,26-35,Latin America,Basic Plan,55,17110.62,10,Medium,Live Chat
CX03655,36-45,Latin America,Pro Plan,2,28333.42,5,Medium,Phone
CX03656,55+,North America,Basic Plan,56,9795.96,4,High,Phone
CX03657,18-25,Europe,Enterprise Plan,4,41331.07,0,Low,Website
CX03658,36-45,Asia Pacific,Add-on Services,8,24022.08,8,High,In-Store
CX03659,18-25,North America,Pro Plan,34,36820.55,9,High,In-Store
CX03660,18-25,Asia Pacific,Enterprise Plan,41,3872.82,4,Low,Phone
CX03661,26-35,North America,Enterprise Plan,26,19555.62,8,Medium,Website
CX03662,26-35,Asia Pacific,Pro Plan,34,31898.12,1,Medium,Live Chat
CX03663,26-35,Latin America,Enterprise Plan,30,16326.08,8,Low,Mobile App
CX03664,18-25,North America,Basic Plan,60,20464.14,5,Medium,Phone
CX03665,46-55,North America,Add-on Services,54,40874.27,8,Medium,Website
CX03666,18-25,North America,Pro Plan,57,23398.19,10,Low,Email
CX03667,55+,Europe,Add-on Services,45,5590.12,1,Low,Phone
CX03668,55+,Latin America,Add-on Services,52,26109.28,6,Low,Website
CX03669,55+,Latin America,Add-on Services,29,18134.27,8,Low,In-Store
CX03670,26-35,Europe,Add-on Services,5,24086.27,0,High,Phone
CX03671,18-25,Asia Pacific,Pro Plan,24,9884.77,5,High,Live Chat
CX03672,18-25,Asia Pacific,Add-on Services,21,22266.72,2,High,Phone
CX03673,26-35,Asia Pacific,Pro Plan,16,29135.87,9,High,Mobile App
CX03674,36-45,Europe,Add-on Services,26,33143.18,1,Medium,In-Store
CX03675,46-55,Asia Pacific,Basic Plan,5,34225.31,8,Medium,Email
CX03676,46-55,Latin America,Pro Plan,1,40831.97,3,Low,Mobile App
CX03677,55+,Asia Pacific,Pro Plan,11,45097.03,7,Low,Email
CX03678,46-55,Latin America,Pro Plan,17,16174.46,10,Medium,In-Store
CX03679,18-25,Europe,Enterprise Plan,9,43802.0,5,Medium,Email
CX03680,18-25,Europe,Basic Plan,52,27446.24,3,Low,Live Chat
CX03681,55+,Latin America,Pro Plan,57,36241.99,0,High,Email
CX03682,26-35,Europe,Add-on Services,51,24018.23,7,High,Website
CX03683,18-25,Asia Pacific,Pro Plan,21,6849.45,7,High,Live Chat
CX03684,46-55,Europe,Basic Plan,50,30325.69,0,Medium,Website
CX03685,26-35,North America,Basic Plan,53,7507.02,4,Low,Mobile App
CX03686,36-45,Asia Pacific,Add-on Services,14,44478.17,0,Medium,In-Store
CX03687,46-55,Latin America,Add-on Services,7,37990.87,6,Low,In-Store
CX03688,55+,Latin America,Basic Plan,25,18555.85,9,Medium,Phone
CX03689,46-55,Latin America,Add-on Services,27,15151.78,9,High,In-Store
CX03690,46-55,Europe,Pro Plan,19,39059.44,0,Low,Live Chat
CX03691,36-45,Europe,Pro Plan,60,41293.94,4,Low,In-Store
CX03692,46-55,Asia Pacific,Pro Plan,50,23215.21,3,High,Mobile App
CX03693,26-35,North America,Basic Plan,49,13289.45,9,High,Website
CX03694,46-55,North America,Enterprise Plan,45,14583.44,10,Low,Email
CX03695,18-25,North America,Enterprise Plan,32,39535.25,9,Low,Website
CX03696,36-45,North America,Basic Plan,3,3927.52,2,Medium,Website
CX03697,18-25,North America,Pro Plan,26,17758.13,9,High,Mobile App
CX03698,36-45,Latin America,Enterprise Plan,39,23057.86,8,Low,Mobile App
CX03699,36-45,Asia Pacific,Pro Plan,23,24853.83,1,High,Mobile App
CX03700,18-25,Asia Pacific,Add-on Services,31,28721.65,4,Medium,Mobile App
CX03701,55+,Latin America,Add-on Services,55,14539.74,3,Low,Website
CX03702,26-35,North America,Add-on Services,45,7366.1,10,Medium,Email
CX03703,36-45,Europe,Pro Plan,20,19945.85,5,Medium,Live Chat
CX03704,26-35,Latin America,Pro Plan,19,629.38,0,High,In-Store
CX03705,26-35,North America,Add-on Services,43,2956.66,4,High,In-Store
CX03706,46-55,North America,Enterprise Plan,6,29666.8,8,Medium,Phone
CX03707,26-35,Europe,Add-on Services,57,6169.81,10,Low,In-Store
CX03708,18-25,Europe,Pro Plan,21,44980.72,10,Low,Email
CX03709,55+,Europe,Basic Plan,6,45400.19,0,High,Website
CX03710,55+,North America,Pro Plan,5,27875.7,8,Low,In-Store
CX03711,18-25,Asia Pacific,Basic Plan,12,26573.0,3,Medium,In-Store
CX03712,36-45,North America,Enterprise Plan,35,44098.67,9,Low,Live Chat
CX03713,18-25,Europe,Basic Plan,60,13494.35,3,High,Email
CX03714,46-55,Latin America,Basic Plan,16,38630.56,6,Low,Live Chat
CX03715,18-25,North America,Pro Plan,9,33881.77,6,High,Website
CX03716,36-45,Asia Pacific,Add-on Services,58,35021.67,4,Medium,Website
CX03717,36-45,Europe,Basic Plan,54,43226.63,1,Low,Phone
CX03718,55+,Europe,Pro Plan,1,43169.89,6,Medium,Mobile App
CX03719,55+,Latin America,Enterprise Plan,9,5185.89,9,Low,In-Store
CX03720,36-45,Europe,Add-on Services,39,12022.64,6,High,Phone
CX03721,18-25,North America,Add-on Services,52,24548.18,7,High,Website
CX03722,55+,Latin America,Add-on Services,26,43551.78,2,High,Live Chat
CX03723,55+,Europe,Add-on Services,60,12191.28,8,High,In-Store
CX03724,36-45,North America,Basic Plan,47,32909.65,10,Low,Email
CX03725,46-55,Europe,Pro Plan,12,21543.15,6,Medium,Live Chat
CX03726,55+,North America,Pro Plan,29,32357.28,1,Medium,Phone
CX03727,26-35,Europe,Basic Plan,30,14925.98,9,Low,Phone
CX03728,55+,North America,Pro Plan,21,17399.22,7,Medium,Email
CX03729,26-35,Latin America,Enterprise Plan,39,41879.32,6,Medium,Website
CX03730,55+,Europe,Enterprise Plan,48,26843.95,5,Low,Website
CX03731,36-45,North America,Add-on Services,7,44651.11,6,Medium,Email
CX03732,55+,Europe,Basic Plan,53,7384.22,5,Medium,Phone
CX03733,18-25,Latin America,Basic Plan,42,6150.46,4,High,Email
CX03734,18-25,North America,Enterprise Plan,50,2657.55,9,Low,Phone
CX03735,36-45,Europe,Add-on Services,36,41845.9,7,Medium,In-Store
CX03736,46-55,North America,Pro Plan,42,1324.69,2,High,Mobile App
CX03737,18-25,North America,Basic Plan,47,43920.83,5,High,Website
CX03738,18-25,Latin America,Basic Plan,32,14124.23,9,Low,Email
CX03739,55+,Asia Pacific,Pro Plan,12,8521.52,3,Medium,Live Chat
CX03740,26-35,North America,Basic Plan,25,8823.34,0,Low,Email
CX03741,26-35,North America,Pro Plan,52,13453.12,2,Medium,In-Store
CX03742,46-55,Europe,Enterprise Plan,45,40344.04,7,Medium,Mobile App
CX03743,46-55,Asia Pacific,Basic Plan,45,40544.14,7,High,Website
CX03744,36-45,Asia Pacific,Add-on Services,43,48071.04,5,Medium,In-Store
CX03745,46-55,Asia Pacific,Basic Plan,47,19331.26,7,Low,Phone
CX03746,36-45,Asia Pacific,Enterprise Plan,15,13092.1,1,Medium,Email
CX03747,46-55,Latin America,Enterprise Plan,60,43762.92,3,High,In-Store
CX03748,36-45,Europe,Enterprise Plan,36,37199.76,3,High,Phone
CX03749,55+,Latin America,Pro Plan,55,21116.3,7,Low,Email
CX03750,46-55,Asia Pacific,Enterprise Plan,16,8135.74,10,Medium,Email
CX03751,36-45,Latin America,Basic Plan,60,25640.68,9,Medium,Mobile App
CX03752,26-35,Latin America,Pro Plan,43,41541.48,4,Medium,Mobile App
CX03753,46-55,Asia Pacific,Basic Plan,23,1677.07,4,Medium,Website
CX03754,36-45,North America,Pro Plan,35,13822.43,7,Low,In-Store
CX03755,18-25,North America,Add-on Services,13,14378.02,9,Low,Live Chat
CX03756,18-25,Latin America,Add-on Services,15,45776.58,7,Low,Live Chat
CX03757,36-45,Asia Pacific,Enterprise Plan,43,31629.85,10,Low,Mobile App
CX03758,55+,North America,Basic Plan,27,7316.51,8,Medium,Website
CX03759,36-45,North America,Pro Plan,45,35011.5,0,Medium,Phone
CX03760,18-25,Europe,Basic Plan,20,10881.03,3,Low,Mobile App
CX03761,46-55,Asia Pacific,Pro Plan,53,11577.95,7,High,Phone
CX03762,26-35,North America,Basic Plan,8,7540.69,10,Medium,Live Chat
CX03763,18-25,Asia Pacific,Pro Plan,26,18219.5,7,Medium,Mobile App
CX03764,55+,Latin America,Add-on Services,58,9567.34,10,Medium,Website
CX03765,18-25,Asia Pacific,Add-on Services,15,26662.22,8,High,In-Store
CX03766,36-45,Asia Pacific,Enterprise Plan,22,47750.72,4,High,Email
CX03767,18-25,North America,Pro Plan,21,5141.47,7,High,Phone
CX03768,36-45,Asia Pacific,Enterprise Plan,49,34371.02,7,High,Website
CX03769,46-55,Europe,Add-on Services,12,27418.91,1,Medium,Email
CX03770,26-35,Europe,Add-on Services,17,19570.93,2,Low,In-Store
CX03771,36-45,Latin America,Enterprise Plan,28,36097.52,2,Medium,Phone
CX03772,18-25,Europe,Add-on Services,2,25927.93,8,Low,Live Chat
CX03773,46-55,Latin America,Pro Plan,1,29663.19,0,Medium,Live Chat
CX03774,26-35,North America,Add-on Services,16,1498.79,3,High,Live Chat
CX03775,36-45,North America,Add-on Services,48,24956.56,0,Medium,Phone
CX03776,18-25,Asia Pacific,Pro Plan,59,41134.0,10,High,In-Store
CX03777,46-55,Latin America,Pro Plan,44,40289.54,2,Low,Phone
CX03778,26-35,North America,Enterprise Plan,33,17535.74,1,High,Phone
CX03779,26-35,North America,Pro Plan,24,30586.43,3,Medium,Phone
CX03780,36-45,North America,Pro Plan,36,9197.36,3,Low,Mobile App
CX03781,36-45,Europe,Add-on Services,24,38471.88,7,Medium,Email
CX03782,26-35,North America,Basic Plan,46,16896.15,9,Low,In-Store
CX03783,36-45,Asia Pacific,Pro Plan,58,4711.5,3,High,Phone
CX03784,26-35,Latin America,Enterprise Plan,15,45809.9,1,Low,In-Store
CX03785,26-35,Latin America,Add-on Services,8,34071.08,1,Medium,Website
CX03786,46-55,Europe,Basic Plan,44,46838.32,9,Low,Email
CX03787,36-45,North America,Add-on Services,14,42933.04,8,Low,Email
CX03788,26-35,North America,Basic Plan,47,25419.28,3,High,Mobile App
CX03789,26-35,North America,Pro Plan,26,28576.41,1,Medium,Email
CX03790,26-35,Latin America,Add-on Services,50,24460.3,0,Medium,Mobile App
CX03791,55+,Latin America,Add-on Services,1,22382.51,4,Medium,Live Chat
CX03792,55+,North America,Enterprise Plan,56,10226.59,4,Medium,Phone
CX03793,18-25,North America,Pro Plan,1,6981.14,10,Medium,In-Store
CX03794,55+,Europe,Add-on Services,36,30839.43,3,High,Phone
CX03795,36-45,North America,Pro Plan,39,16152.31,6,Medium,Email
CX03796,18-25,Europe,Basic Plan,18,921.19,3,Medium,Email
CX03797,46-55,Asia Pacific,Enterprise Plan,41,3905.97,2,Low,Email
CX03798,55+,North America,Basic Plan,5,44488.96,8,High,Mobile App
CX03799,46-55,Europe,Basic Plan,4,43631.7,5,Low,Mobile App
CX03800,26-35,Asia Pacific,Add-on Services,4,5477.23,4,Low,Mobile App
CX03801,18-25,North America,Pro Plan,35,33047.93,2,Medium,Mobile App
CX03802,26-35,North America,Pro Plan,44,36694.6,10,Medium,Live Chat
CX03803,18-25,Latin America,Pro Plan,27,42134.26,3,High,Live Chat
CX03804,18-25,Latin America,Pro Plan,48,19328.59,0,Medium,In-Store
CX03805,55+,Asia Pacific,Add-on Services,28,24366.07,0,Low,Website
CX03806,36-45,Europe,Basic Plan,17,35088.09,1,Low,Email
CX03807,18-25,Latin America,Basic Plan,28,12451.49,8,Medium,Website
CX03808,55+,Asia Pacific,Basic Plan,12,11226.23,0,High,Phone
CX03809,18-25,North America,Basic Plan,40,13609.15,10,Medium,Phone
CX03810,36-45,Asia Pacific,Add-on Services,39,23894.24,9,Medium,Phone
CX03811,36-45,Latin America,Basic Plan,39,9710.19,6,Medium,Website
CX03812,26-35,Latin America,Add-on Services,47,34375.59,1,High,In-Store
CX03813,55+,Latin America,Pro Plan,55,21570.02,9,Medium,Email
CX03814,18-25,Europe,Add-on Services,49,41544.47,7,High,Mobile App
CX03815,18-25,Asia Pacific,Enterprise Plan,32,10769.92,1,Low,Live Chat
CX03816,55+,Latin America,Enterprise Plan,53,49641.27,2,High,Mobile App
CX03817,26-35,Asia Pacific,Add-on Services,5,15445.33,6,Medium,Mobile App
CX03818,46-55,Latin America,Pro Plan,47,11311.41,4,High,Website
CX03819,18-25,Latin America,Add-on Services,50,5289.73,4,Low,In-Store
CX03820,18-25,Asia Pacific,Pro Plan,19,25812.26,1,High,Email
CX03821,55+,Latin America,Pro Plan,57,46192.55,4,Medium,Website
CX03822,36-45,Latin America,Enterprise Plan,25,27163.07,9,Medium,Live Chat
CX03823,55+,Latin America,Basic Plan,14,19181.52,8,Low,Website
CX03824,18-25,Asia Pacific,Pro Plan,32,34304.12,10,Low,Email
CX03825,26-35,North America,Enterprise Plan,37,48788.71,2,High,Live Chat
CX03826,18-25,Europe,Add-on Services,60,3353.73,5,High,Mobile App
CX03827,36-45,North America,Basic Plan,59,13579.01,6,High,In-Store
CX03828,26-35,North America,Basic Plan,35,22857.3,2,High,Mobile App
CX03829,36-45,Latin America,Basic Plan,34,10032.69,1,High,Website
CX03830,46-55,Latin America,Basic Plan,55,41455.48,5,High,Email
CX03831,55+,Asia Pacific,Add-on Services,58,14600.54,9,Medium,Live Chat
CX03832,55+,North America,Enterprise Plan,11,46527.99,2,Low,Email
CX03833,18-25,North America,Enterprise Plan,35,42756.53,5,Medium,Phone
CX03834,55+,North America,Basic Plan,58,48411.08,6,Low,Email
CX03835,26-35,Asia Pacific,Add-on Services,56,12541.07,6,Low,Website
CX03836,26-35,Latin America,Enterprise Plan,54,17943.76,2,High,Email
CX03837,18-25,Latin America,Enterprise Plan,39,20820.78,7,High,Live Chat
CX03838,18-25,North America,Pro Plan,34,42720.81,9,High,Live Chat
CX03839,55+,North America,Add-on Services,34,48912.47,2,High,Website
CX03840,18-25,Europe,Basic Plan,32,4304.56,7,Medium,Mobile App
CX03841,26-35,North America,Add-on Services,15,40222.55,3,Medium,Website
CX03842,26-35,North America,Add-on Services,40,43118.65,5,Medium,Live Chat
CX03843,18-25,North America,Enterprise Plan,45,30301.54,0,Low,Email
CX03844,26-35,Asia Pacific,Enterprise Plan,24,26036.48,5,High,Mobile App
CX03845,36-45,Latin America,Pro Plan,44,30086.25,9,High,Website
CX03846,26-35,Latin America,Enterprise Plan,47,11282.45,10,Low,Mobile App
CX03847,36-45,Asia Pacific,Basic Plan,29,40531.74,1,High,In-Store
CX03848,26-35,Asia Pacific,Basic Plan,41,37083.17,4,Medium,Email
CX03849,26-35,North America,Pro Plan,46,9799.55,0,Low,In-Store
CX03850,55+,Latin America,Pro Plan,37,30112.59,5,Medium,Website
CX03851,26-35,Asia Pacific,Enterprise Plan,15,5143.89,6,Low,Website
CX03852,55+,Europe,Basic Plan,58,38704.72,7,High,Email
CX03853,55+,Asia Pacific,Basic Plan,42,29563.59,10,Medium,Phone
CX03854,55+,Latin America,Pro Plan,41,14239.47,0,High,In-Store
CX03855,55+,Europe,Basic Plan,30,24431.03,3,Medium,In-Store
CX03856,18-25,Latin America,Add-on Services,33,3686.41,3,Low,Live Chat
CX03857,46-55,Europe,Add-on Services,29,1924.75,2,Low,Email
CX03858,26-35,Asia Pacific,Basic Plan,46,46034.14,4,Low,In-Store
CX03859,26-35,Europe,Enterprise Plan,7,34573.1,8,High,Mobile App
CX03860,18-25,Latin America,Pro Plan,12,36809.22,6,Medium,Phone
CX03861,18-25,North America,Basic Plan,42,39649.68,4,Medium,Mobile App
CX03862,36-45,Asia Pacific,Pro Plan,43,49269.86,0,Low,In-Store
CX03863,36-45,Europe,Enterprise Plan,1,35036.48,4,Medium,Email
CX03864,36-45,North America,Basic Plan,43,36924.01,6,High,Website
CX03865,36-45,Latin America,Enterprise Plan,1,30828.09,9,Medium,Website
CX03866,36-45,Latin America,Enterprise Plan,13,31239.36,9,High,Website
CX03867,26-35,Latin America,Basic Plan,21,15896.78,10,Low,Phone
CX03868,36-45,North America,Basic Plan,33,45510.27,2,Medium,Website
CX03869,18-25,North America,Pro Plan,21,19474.88,9,Medium,Mobile App
CX03870,55+,Europe,Basic Plan,41,47862.11,3,Medium,Email
CX03871,46-55,Latin America,Add-on Services,39,9076.82,2,High,Phone
CX03872,26-35,Europe,Add-on Services,6,28649.72,1,Low,In-Store
CX03873,55+,Europe,Basic Plan,54,31245.02,3,Medium,Mobile App
CX03874,36-45,Europe,Enterprise Plan,1,19238.06,10,Low,Live Chat
CX03875,26-35,Asia Pacific,Add-on Services,13,10477.8,4,High,Live Chat
CX03876,55+,Europe,Pro Plan,17,10830.0,5,Low,In-Store
CX03877,55+,Latin America,Add-on Services,58,30808.56,0,High,Email
CX03878,36-45,Asia Pacific,Pro Plan,19,12829.92,8,Low,Email
CX03879,55+,Europe,Enterprise Plan,22,1530.77,4,Low,Phone
CX03880,18-25,Asia Pacific,Pro Plan,49,42701.96,10,High,Live Chat
CX03881,36-45,Asia Pacific,Add-on Services,54,31761.99,0,Low,Live Chat
CX03882,46-55,Latin America,Enterprise Plan,21,10871.7,9,Low,Email
CX03883,46-55,Asia Pacific,Basic Plan,17,23166.39,8,High,Mobile App
CX03884,18-25,North America,Enterprise Plan,18,7250.52,8,Medium,Mobile App
CX03885,36-45,Asia Pacific,Add-on Services,43,19175.92,6,Medium,Email
CX03886,55+,Asia Pacific,Add-on Services,2,20724.86,1,Medium,In-Store
CX03887,18-25,Latin America,Basic Plan,6,42390.83,9,Medium,Website
CX03888,18-25,North America,Pro Plan,52,26418.17,7,Low,Phone
CX03889,46-55,Latin America,Enterprise Plan,27,21890.69,5,Low,In-Store
CX03890,36-45,North America,Add-on Services,2,34468.14,6,Medium,In-Store
CX03891,36-45,Asia Pacific,Pro Plan,14,14562.29,3,Medium,Live Chat
CX03892,46-55,Asia Pacific,Basic Plan,57,48832.04,4,Medium,Website
CX03893,36-45,Latin America,Add-on Services,55,35516.77,3,Medium,Phone
CX03894,36-45,North America,Pro Plan,53,35740.69,4,Low,Live Chat
CX03895,46-55,North America,Add-on Services,54,35298.89,9,Low,Phone
CX03896,46-55,North America,Enterprise Plan,3,42301.98,5,Low,In-Store
CX03897,26-35,Asia Pacific,Add-on Services,28,37356.12,6,Medium,Live Chat
CX03898,18-25,Latin America,Pro Plan,34,32517.84,9,Low,In-Store
CX03899,46-55,North America,Add-on Services,13,16492.28,5,Low,Website
CX03900,18-25,North America,Basic Plan,55,38324.3,7,High,Live Chat
CX03901,46-55,Asia Pacific,Basic Plan,52,30714.3,3,Low,Phone
CX03902,55+,Asia Pacific,Pro Plan,59,43477.23,7,Medium,Phone
CX03903,55+,Latin America,Add-on Services,4,44630.91,6,Medium,Email
CX03904,26-35,North America,Pro Plan,48,21411.87,4,Medium,In-Store
CX03905,36-45,Europe,Enterprise Plan,26,25679.17,9,Medium,In-Store
CX03906,26-35,Europe,Basic Plan,35,4061.0,2,Low,Mobile App
CX03907,36-45,Latin America,Add-on Services,6,24100.5,0,Medium,Mobile App
CX03908,18-25,Latin America,Enterprise Plan,18,43386.15,7,Medium,Email
CX03909,26-35,Latin America,Pro Plan,25,12627.65,6,Medium,Live Chat
CX03910,36-45,North America,Add-on Services,53,25046.95,7,Medium,Live Chat
CX03911,36-45,Asia Pacific,Pro Plan,19,42045.88,5,Low,Live Chat
CX03912,36-45,Europe,Add-on Services,48,23254.94,4,Low,Mobile App
CX03913,46-55,Latin America,Add-on Services,27,28099.85,4,Low,Phone
CX03914,26-35,North America,Add-on Services,27,23628.67,1,Medium,Live Chat
CX03915,46-55,Asia Pacific,Pro Plan,20,4869.21,5,Medium,Mobile App
CX03916,26-35,North America,Basic Plan,51,2099.75,0,High,Phone
CX03917,18-25,Latin America,Enterprise Plan,26,18174.88,8,Low,Mobile App
CX03918,36-45,Asia Pacific,Enterprise Plan,16,26504.02,5,High,In-Store
CX03919,46-55,Asia Pacific,Pro Plan,22,47714.64,3,High,Mobile App
CX03920,46-55,Latin America,Basic Plan,41,34335.15,10,Low,Website
CX03921,36-45,Latin America,Basic Plan,55,49977.22,1,Low,Website
CX03922,26-35,Asia Pacific,Enterprise Plan,53,21360.05,1,High,In-Store
CX03923,55+,Latin America,Enterprise Plan,6,4794.8,1,High,Phone
CX03924,55+,Europe,Add-on Services,51,46492.88,6,Medium,Website
CX03925,36-45,Asia Pacific,Add-on Services,29,21539.99,1,High,In-Store
CX03926,46-55,Latin America,Basic Plan,18,36167.09,9,Medium,Email
CX03927,46-55,Europe,Basic Plan,48,18956.77,2,Medium,Email
CX03928,36-45,Asia Pacific,Basic Plan,34,32274.24,1,Medium,In-Store
CX03929,26-35,Europe,Pro Plan,1,36634.75,9,High,Mobile App
CX03930,46-55,Latin America,Enterprise Plan,55,1358.78,4,Medium,In-Store
CX03931,26-35,Latin America,Pro Plan,59,8200.52,4,Low,Phone
CX03932,18-25,Europe,Basic Plan,35,19733.21,0,Medium,Email
CX03933,36-45,Latin America,Pro Plan,14,27812.28,1,Medium,Email
CX03934,55+,Asia Pacific,Pro Plan,17,23032.75,4,Low,Website
CX03935,26-35,Asia Pacific,Enterprise Plan,19,5604.02,10,Low,In-Store
CX03936,26-35,Latin America,Pro Plan,54,18188.76,1,High,In-Store
CX03937,46-55,Latin America,Enterprise Plan,60,43419.67,7,Medium,Phone
CX03938,18-25,Europe,Basic Plan,14,45974.33,1,High,In-Store
CX03939,26-35,North America,Pro Plan,23,25948.78,3,Medium,Email
CX03940,36-45,North America,Enterprise Plan,14,47567.88,8,High,Phone
CX03941,26-35,North America,Add-on Services,36,30314.71,5,High,Live Chat
CX03942,18-25,Asia Pacific,Basic Plan,59,8955.05,8,Medium,Phone
CX03943,36-45,North America,Add-on Services,30,17585.51,9,Low,Mobile App
CX03944,55+,Europe,Basic Plan,38,11406.79,8,High,Website
CX03945,55+,North America,Basic Plan,13,48045.61,1,Medium,Email
CX03946,26-35,Asia Pacific,Pro Plan,46,30531.66,2,Medium,Mobile App
CX03947,18-25,Asia Pacific,Add-on Services,48,42138.61,0,High,In-Store
CX03948,18-25,Europe,Basic Plan,33,16062.54,7,Low,Phone
CX03949,18-25,North America,Enterprise Plan,47,20378.08,3,Low,Website
CX03950,36-45,Asia Pacific,Enterprise Plan,13,42524.26,1,Medium,Mobile App
CX03951,18-25,Europe,Basic Plan,52,15711.94,0,Medium,Email
CX03952,55+,North America,Basic Plan,58,2848.91,6,Medium,Live Chat
CX03953,55+,Asia Pacific,Enterprise Plan,21,23102.62,6,Low,In-Store
CX03954,36-45,Asia Pacific,Enterprise Plan,8,39262.73,2,High,Live Chat
CX03955,18-25,Europe,Add-on Services,40,42955.51,9,Medium,Phone
CX03956,26-35,North America,Add-on Services,20,34379.58,9,High,Website
CX03957,18-25,Latin America,Basic Plan,59,34891.34,6,High,Email
CX03958,55+,North America,Basic Plan,4,44810.99,8,High,Mobile App
CX03959,26-35,Asia Pacific,Pro Plan,52,37132.64,6,High,Mobile App
CX03960,46-55,Europe,Pro Plan,44,4644.07,7,Medium,In-Store
CX03961,46-55,Europe,Add-on Services,54,31105.02,6,Low,Website
CX03962,55+,Europe,Enterprise Plan,32,28860.29,1,High,Website
CX03963,18-25,Asia Pacific,Pro Plan,9,33271.41,10,High,In-Store
CX03964,36-45,Latin America,Pro Plan,49,7067.13,10,Medium,Website
CX03965,26-35,Europe,Pro Plan,2,2808.01,10,High,Email
CX03966,36-45,Asia Pacific,Add-on Services,48,6876.49,3,High,Email
CX03967,18-25,Europe,Enterprise Plan,6,15114.46,2,High,Website
CX03968,36-45,North America,Pro Plan,59,31771.73,8,Medium,Website
CX03969,46-55,North America,Enterprise Plan,36,1919.66,2,Medium,Website
CX03970,46-55,Asia Pacific,Enterprise Plan,57,24116.75,7,Medium,In-Store
CX03971,55+,Asia Pacific,Basic Plan,46,29188.8,4,Low,In-Store
CX03972,55+,Asia Pacific,Add-on Services,26,48165.37,4,Low,Website
CX03973,18-25,Latin America,Enterprise Plan,41,42129.38,6,Low,Mobile App
CX03974,55+,Latin America,Add-on Services,47,44063.64,5,Medium,In-Store
CX03975,55+,Europe,Basic Plan,14,19772.96,0,Medium,In-Store
CX03976,26-35,Europe,Basic Plan,57,4865.12,1,High,Mobile App
CX03977,55+,Latin America,Basic Plan,60,14332.39,9,Medium,In-Store
CX03978,46-55,North America,Basic Plan,14,25692.52,3,Medium,Website
CX03979,36-45,Asia Pacific,Pro Plan,36,8840.18,9,Medium,Phone
CX03980,18-25,North America,Enterprise Plan,30,40539.51,0,Medium,Mobile App
CX03981,36-45,Latin America,Pro Plan,36,12348.74,5,Low,In-Store
CX03982,46-55,Latin America,Pro Plan,41,3286.62,9,Medium,In-Store
CX03983,26-35,Europe,Add-on Services,32,887.41,8,Medium,Live Chat
CX03984,55+,Latin America,Add-on Services,54,40083.91,6,High,In-Store
CX03985,26-35,Europe,Enterprise Plan,50,33344.87,10,High,In-Store
CX03986,26-35,Europe,Pro Plan,46,27057.81,0,Low,Live Chat
CX03987,26-35,Europe,Pro Plan,24,10878.59,6,High,Live Chat
CX03988,36-45,Latin America,Enterprise Plan,44,47135.03,6,Medium,Email
CX03989,46-55,North America,Add-on Services,18,16535.41,8,Low,Email
CX03990,36-45,Asia Pacific,Enterprise Plan,54,28954.65,5,Low,Website
CX03991,26-35,Asia Pacific,Pro Plan,6,46912.6,5,Medium,In-Store
CX03992,36-45,Europe,Add-on Services,18,27103.73,7,Medium,Website
CX03993,18-25,Asia Pacific,Add-on Services,44,44422.47,2,Medium,Email
CX03994,36-45,North America,Basic Plan,51,31046.25,7,Medium,Phone
CX03995,36-45,Europe,Enterprise Plan,40,20609.83,5,Low,Phone
CX03996,46-55,Asia Pacific,Basic Plan,40,20463.48,8,High,Email
CX03997,26-35,North America,Basic Plan,37,47792.96,5,High,Live Chat
CX03998,26-35,North America,Basic Plan,26,39322.03,0,Low,In-Store
CX03999,36-45,Latin America,Pro Plan,12,46137.26,2,Low,Live Chat
CX04000,36-45,Europe,Enterprise Plan,50,33309.52,2,Medium,Email
CX04001,46-55,North America,Enterprise Plan,28,32917.89,0,Low,In-Store
CX04002,55+,North America,Enterprise Plan,1,39784.88,3,Medium,Live Chat
CX04003,18-25,North America,Enterprise Plan,56,11349.09,3,Medium,Live Chat
CX04004,46-55,Latin America,Add-on Services,7,46462.92,5,Medium,Phone
CX04005,46-55,North America,Enterprise Plan,16,29495.64,6,Low,Live Chat
CX04006,46-55,Latin America,Enterprise Plan,60,37513.06,6,High,In-Store
CX04007,26-35,Latin America,Pro Plan,4,31641.76,3,Medium,In-Store
CX04008,36-45,North America,Basic Plan,39,34698.26,8,Medium,Email
CX04009,46-55,Europe,Enterprise Plan,48,2607.4,1,Medium,Phone
CX04010,26-35,Europe,Basic Plan,44,25107.81,5,Medium,Live Chat
CX04011,26-35,North America,Pro Plan,25,9528.45,4,Low,Live Chat
CX04012,36-45,Latin America,Add-on Services,42,25843.93,4,High,Email
CX04013,18-25,Latin America,Basic Plan,54,24284.63,5,Low,In-Store
CX04014,55+,North America,Basic Plan,30,24422.09,5,Low,Mobile App
CX04015,55+,Asia Pacific,Enterprise Plan,7,39776.54,9,Low,Phone
CX04016,26-35,North America,Add-on Services,59,14141.84,8,Low,Live Chat
CX04017,26-35,Asia Pacific,Add-on Services,18,22278.75,6,Medium,Email
CX04018,36-45,North America,Add-on Services,2,18401.41,4,High,Live Chat
CX04019,36-45,Europe,Enterprise Plan,15,49207.53,6,High,Email
CX04020,46-55,North America,Enterprise Plan,56,20821.1,9,Low,Mobile App
CX04021,18-25,Asia Pacific,Basic Plan,32,20543.31,3,Medium,Website
CX04022,36-45,Europe,Enterprise Plan,38,23458.74,1,Low,In-Store
CX04023,18-25,North America,Basic Plan,22,32350.73,7,Medium,Mobile App
CX04024,36-45,Asia Pacific,Pro Plan,43,4051.95,10,Medium,In-Store
CX04025,55+,Latin America,Pro Plan,12,17943.68,5,Medium,Live Chat
CX04026,36-45,Latin America,Enterprise Plan,7,11550.91,4,High,In-Store
CX04027,46-55,Asia Pacific,Basic Plan,26,26931.38,10,Medium,Email
CX04028,26-35,Asia Pacific,Pro Plan,16,43104.82,8,Medium,Phone
CX04029,36-45,North America,Enterprise Plan,32,37468.45,4,Medium,Phone
CX04030,55+,North America,Add-on Services,26,2693.41,8,Medium,In-Store
CX04031,18-25,Europe,Add-on Services,11,12297.64,10,High,Phone
CX04032,46-55,North America,Enterprise Plan,2,23518.19,4,Medium,Live Chat
CX04033,46-55,North America,Enterprise Plan,47,48964.09,10,High,Email
CX04034,26-35,Asia Pacific,Basic Plan,36,17790.32,5,High,Phone
CX04035,18-25,Europe,Add-on Services,19,18956.73,6,Low,Website
CX04036,46-55,North America,Pro Plan,39,41319.96,1,Low,Website
CX04037,46-55,Asia Pacific,Basic Plan,43,42396.0,1,Medium,In-Store
CX04038,18-25,Latin America,Add-on Services,37,39633.59,4,High,Website
CX04039,46-55,Latin America,Pro Plan,34,15973.75,10,Low,Email
CX04040,26-35,North America,Enterprise Plan,38,40615.9,3,High,Live Chat
CX04041,55+,Latin America,Add-on Services,26,34004.37,5,Low,Email
CX04042,46-55,Europe,Enterprise Plan,57,33853.43,5,High,Live Chat
CX04043,55+,Latin America,Basic Plan,32,3360.75,2,Low,Live Chat
CX04044,55+,Europe,Enterprise Plan,50,4726.05,3,Low,Phone
CX04045,18-25,Europe,Basic Plan,5,13969.2,0,High,Email
CX04046,36-45,Europe,Add-on Services,41,15832.92,9,Low,Email
CX04047,46-55,Europe,Enterprise Plan,31,35757.24,9,Medium,Email
CX04048,18-25,Asia Pacific,Basic Plan,13,35327.89,10,Low,In-Store
CX04049,18-25,Latin America,Pro Plan,52,18528.16,10,Medium,Phone
CX04050,55+,Europe,Add-on Services,53,1746.9,2,Medium,Mobile App
CX04051,46-55,Europe,Add-on Services,52,29769.22,4,High,Website
CX04052,26-35,Latin America,Add-on Services,38,5632.47,2,High,Mobile App
CX04053,26-35,Europe,Basic Plan,17,31517.84,2,Medium,Mobile App
CX04054,46-55,North America,Basic Plan,38,24716.98,10,High,Live Chat
CX04055,26-35,Asia Pacific,Enterprise Plan,26,48848.91,5,Medium,Phone
CX04056,36-45,Latin America,Enterprise Plan,45,11131.12,5,High,Phone
CX04057,36-45,Asia Pacific,Basic Plan,8,26278.21,8,High,In-Store
CX04058,36-45,North America,Pro Plan,25,46107.64,3,High,Website
CX04059,36-45,Europe,Basic Plan,14,27854.54,10,High,Live Chat
CX04060,18-25,Europe,Add-on Services,54,47585.37,6,High,Phone
CX04061,18-25,Asia Pacific,Add-on Services,6,13378.45,10,Low,Mobile App
CX04062,18-25,North America,Enterprise Plan,43,26350.26,3,Low,Phone
CX04063,36-45,North America,Basic Plan,8,9636.91,2,High,Mobile App
CX04064,46-55,North America,Pro Plan,1,25653.83,6,Medium,Email
CX04065,46-55,North America,Basic Plan,27,33239.31,7,Medium,Website
CX04066,55+,Europe,Add-on Services,25,7646.87,9,Medium,Website
CX04067,46-55,Latin America,Add-on Services,45,41997.71,10,Medium,Mobile App
CX04068,18-25,Latin America,Pro Plan,3,14455.98,8,High,Email
CX04069,55+,North America,Enterprise Plan,7,25299.69,9,Low,Website
CX04070,26-35,Europe,Add-on Services,55,15219.96,5,Medium,Phone
CX04071,55+,Latin America,Add-on Services,20,5904.82,9,Low,Email
CX04072,18-25,Asia Pacific,Pro Plan,39,34245.67,6,Medium,Live Chat
CX04073,18-25,Latin America,Basic Plan,15,15269.21,5,High,Website
CX04074,55+,Latin America,Basic Plan,8,27839.41,5,High,Live Chat
CX04075,18-25,Europe,Add-on Services,35,7538.97,6,Medium,Website
CX04076,46-55,Asia Pacific,Pro Plan,8,48055.91,3,Low,Live Chat
CX04077,26-35,Latin America,Pro Plan,50,43794.15,2,Medium,Website
CX04078,26-35,Europe,Basic Plan,28,28783.65,0,High,In-Store
CX04079,55+,Latin America,Enterprise Plan,51,14179.05,0,Low,Live Chat
CX04080,26-35,Europe,Enterprise Plan,35,11924.13,8,Medium,Mobile App
CX04081,55+,North America,Basic Plan,27,18423.34,3,Medium,Website
CX04082,46-55,Asia Pacific,Enterprise Plan,59,13059.2,9,Low,In-Store
CX04083,36-45,North America,Basic Plan,57,8564.76,1,Medium,Website
CX04084,18-25,Europe,Pro Plan,13,4795.64,5,Medium,Live Chat
CX04085,55+,Latin America,Basic Plan,60,11417.08,9,Medium,Website
CX04086,46-55,Latin America,Basic Plan,55,24553.66,0,Low,Website
CX04087,36-45,Latin America,Add-on Services,59,3320.7,9,Medium,Website
CX04088,26-35,Asia Pacific,Add-on Services,1,16833.0,6,Medium,Live Chat
CX04089,26-35,Asia Pacific,Pro Plan,16,22686.79,8,Medium,Website
CX04090,55+,Latin America,Add-on Services,30,23507.02,10,Medium,Website
CX04091,18-25,Latin America,Enterprise Plan,15,15853.12,10,High,Live Chat
CX04092,46-55,Europe,Basic Plan,41,38246.65,3,Low,Mobile App
CX04093,26-35,Europe,Enterprise Plan,38,39666.63,7,Medium,Email
CX04094,36-45,Asia Pacific,Basic Plan,50,515.95,8,Medium,Live Chat
CX04095,18-25,Asia Pacific,Add-on Services,47,40198.64,1,High,Website
CX04096,36-45,Latin America,Basic Plan,55,17374.81,4,Low,Email
CX04097,18-25,Latin America,Enterprise Plan,53,29196.21,4,Medium,Email
CX04098,18-25,North America,Basic Plan,4,24463.78,9,Medium,Email
CX04099,36-45,Latin America,Enterprise Plan,19,33843.74,5,Medium,Phone
CX04100,46-55,Europe,Add-on Services,10,8737.76,10,High,Mobile App
CX04101,36-45,Asia Pacific,Enterprise Plan,44,1724.09,3,High,Website
CX04102,55+,Asia Pacific,Add-on Services,34,42984.44,6,Low,Email
CX04103,46-55,Europe,Add-on Services,5,11314.95,2,Medium,Live Chat
CX04104,46-55,North America,Add-on Services,57,22315.01,7,Medium,Live Chat
CX04105,36-45,Latin America,Basic Plan,49,32885.6,9,High,Email
CX04106,26-35,Latin America,Pro Plan,32,23687.57,2,High,Email
CX04107,18-25,North America,Basic Plan,29,38084.82,5,Low,Mobile App
CX04108,55+,Latin America,Pro Plan,12,33204.1,0,Medium,Live Chat
CX04109,26-35,Asia Pacific,Pro Plan,11,11975.5,10,Low,Website
CX04110,26-35,Europe,Pro Plan,17,14356.19,0,Medium,In-Store
CX04111,18-25,Latin America,Enterprise Plan,46,11715.01,0,Medium,Live Chat
CX04112,36-45,Europe,Pro Plan,22,22163.48,6,Medium,Mobile App
CX04113,55+,Asia Pacific,Basic Plan,9,25539.49,3,Medium,In-Store
CX04114,18-25,North America,Add-on Services,56,47040.19,4,High,Live Chat
CX04115,36-45,Asia Pacific,Add-on Services,50,47380.55,3,Low,Website
CX04116,55+,North America,Enterprise Plan,11,18424.44,4,Low,Live Chat
CX04117,18-25,Asia Pacific,Pro Plan,29,20804.76,4,Low,Phone
CX04118,36-45,North America,Add-on Services,36,43052.17,6,High,Live Chat
CX04119,46-55,Latin America,Basic Plan,44,9431.1,3,High,Live Chat
CX04120,26-35,Europe,Basic Plan,16,44441.83,7,Low,Website
CX04121,55+,Asia Pacific,Add-on Services,27,46163.93,9,High,In-Store
CX04122,26-35,Latin America,Add-on Services,11,46024.44,8,Medium,Mobile App
CX04123,18-25,Asia Pacific,Pro Plan,52,15830.9,5,Medium,Mobile App
CX04124,55+,North America,Add-on Services,59,33493.38,6,Medium,Phone
CX04125,18-25,Latin America,Basic Plan,16,10137.56,2,High,Live Chat
CX04126,55+,North America,Add-on Services,1,1459.61,1,High,Website
CX04127,26-35,Latin America,Enterprise Plan,22,34396.35,2,Low,Mobile App
CX04128,26-35,North America,Basic Plan,47,44428.63,5,Medium,Phone
CX04129,36-45,North America,Add-on Services,18,26726.45,9,Low,In-Store
CX04130,18-25,North America,Enterprise Plan,26,21045.09,7,Medium,In-Store
CX04131,18-25,North America,Enterprise Plan,11,20584.81,10,High,Email
CX04132,36-45,Asia Pacific,Pro Plan,53,3014.64,6,Low,Email
CX04133,55+,Asia Pacific,Enterprise Plan,48,27371.22,3,Low,Website
CX04134,55+,Asia Pacific,Add-on Services,10,45153.3,8,Low,Email
CX04135,55+,North America,Add-on Services,4,39883.24,4,Medium,Email
CX04136,55+,Europe,Pro Plan,9,20366.13,1,Medium,In-Store
CX04137,55+,Asia Pacific,Basic Plan,40,31896.26,0,Low,Phone
CX04138,18-25,North America,Add-on Services,32,30660.57,7,High,Mobile App
CX04139,18-25,Europe,Enterprise Plan,5,28787.14,0,Low,Live Chat
CX04140,26-35,Asia Pacific,Pro Plan,16,11728.81,2,High,Email
CX04141,18-25,Asia Pacific,Pro Plan,49,24092.55,5,High,Mobile App
CX04142,55+,North America,Enterprise Plan,35,48250.99,10,Medium,Phone
CX04143,18-25,North America,Add-on Services,54,10945.12,9,High,Email
CX04144,18-25,Asia Pacific,Pro Plan,2,45249.87,7,Medium,Email
CX04145,36-45,North America,Enterprise Plan,59,9584.17,8,Medium,Mobile App
CX04146,55+,Latin America,Pro Plan,25,6949.16,9,Low,Live Chat
CX04147,55+,Europe,Basic Plan,12,15368.77,9,Medium,In-Store
CX04148,46-55,Europe,Add-on Services,46,39575.48,7,Low,Phone
CX04149,36-45,Europe,Enterprise Plan,13,31668.4,5,Medium,Live Chat
CX04150,46-55,Latin America,Pro Plan,39,48737.07,6,Medium,Email
CX04151,18-25,Asia Pacific,Add-on Services,49,35694.7,4,Low,Live Chat
CX04152,18-25,Europe,Basic Plan,49,40401.0,4,High,In-Store
CX04153,18-25,Asia Pacific,Pro Plan,19,23809.57,6,Low,In-Store
CX04154,18-25,North America,Enterprise Plan,1,30269.67,6,High,Phone
CX04155,46-55,Europe,Add-on Services,27,6808.52,2,Medium,Email
CX04156,26-35,Europe,Enterprise Plan,17,29898.02,0,Low,Email
CX04157,55+,Europe,Basic Plan,39,38143.5,4,High,Website
CX04158,18-25,Asia Pacific,Pro Plan,30,12465.48,1,Medium,Mobile App
CX04159,26-35,Latin America,Enterprise Plan,59,3758.76,7,Medium,Email
CX04160,55+,North America,Basic Plan,41,3755.88,4,Low,Live Chat
CX04161,26-35,Europe,Enterprise Plan,40,26610.66,4,Medium,Phone
CX04162,26-35,Europe,Pro Plan,54,39799.8,10,Medium,Live Chat
CX04163,46-55,Latin America,Add-on Services,51,24094.98,1,Medium,Mobile App
CX04164,55+,North America,Pro Plan,11,21848.17,2,High,Phone
CX04165,46-55,Europe,Add-on Services,21,1024.59,3,Low,Live Chat
CX04166,55+,North America,Basic Plan,46,48583.79,0,Medium,Phone
CX04167,46-55,Latin America,Basic Plan,56,42115.2,4,Medium,Mobile App
CX04168,46-55,Latin America,Pro Plan,54,37008.51,5,Medium,Phone
CX04169,18-25,Asia Pacific,Pro Plan,42,12804.92,6,High,Email
CX04170,55+,Europe,Basic Plan,48,21926.96,5,Medium,Live Chat
CX04171,26-35,Europe,Enterprise Plan,15,34353.54,6,High,Website
CX04172,36-45,Asia Pacific,Pro Plan,48,39004.71,9,Low,In-Store
CX04173,36-45,Europe,Add-on Services,36,34848.7,5,Medium,Mobile App
CX04174,26-35,North America,Pro Plan,16,1474.84,7,Low,Phone
CX04175,36-45,Europe,Pro Plan,4,9449.03,3,Medium,Phone
CX04176,18-25,Europe,Pro Plan,19,38028.57,4,Low,In-Store
CX04177,55+,Asia Pacific,Pro Plan,46,41037.12,2,Low,Mobile App
CX04178,26-35,Asia Pacific,Basic Plan,21,45834.8,6,Low,Mobile App
CX04179,26-35,Europe,Enterprise Plan,7,41033.25,7,High,Website
CX04180,36-45,Asia Pacific,Enterprise Plan,35,43030.37,0,High,Phone
CX04181,18-25,Asia Pacific,Pro Plan,10,44820.37,10,High,Phone
CX04182,36-45,Latin America,Enterprise Plan,5,4395.46,9,Low,Phone
CX04183,36-45,North America,Pro Plan,21,12012.23,0,Medium,Live Chat
CX04184,18-25,North America,Pro Plan,53,48874.06,5,Low,Phone
CX04185,26-35,Asia Pacific,Enterprise Plan,60,38223.54,1,High,In-Store
CX04186,46-55,North America,Enterprise Plan,45,25112.01,5,Medium,Email
CX04187,18-25,Latin America,Add-on Services,52,11915.4,8,High,In-Store
CX04188,26-35,Asia Pacific,Add-on Services,16,1363.75,6,Low,In-Store
CX04189,46-55,Europe,Basic Plan,43,33645.93,8,High,Phone
CX04190,46-55,Europe,Enterprise Plan,9,958.28,0,Medium,Email
CX04191,18-25,Asia Pacific,Basic Plan,19,8115.22,5,High,Live Chat
CX04192,46-55,Asia Pacific,Add-on Services,39,22546.93,1,Medium,Mobile App
CX04193,26-35,Latin America,Basic Plan,59,46696.94,0,High,Live Chat
CX04194,18-25,North America,Basic Plan,6,45864.8,6,High,Website
CX04195,18-25,Europe,Pro Plan,32,41637.37,8,High,Live Chat
CX04196,18-25,Europe,Basic Plan,18,40062.81,6,High,Website
CX04197,46-55,Europe,Basic Plan,27,48360.83,7,High,Live Chat
CX04198,36-45,North America,Enterprise Plan,60,21312.97,9,Low,Phone
CX04199,18-25,Latin America,Enterprise Plan,26,38057.9,8,Low,Email
CX04200,46-55,Europe,Basic Plan,1,24218.79,2,High,Email
CX04201,26-35,North America,Basic Plan,44,33603.84,4,Medium,Mobile App
CX04202,26-35,Latin America,Pro Plan,23,21288.76,0,Medium,Live Chat
CX04203,26-35,North America,Pro Plan,4,38548.0,9,Medium,Live Chat
CX04204,55+,Asia Pacific,Basic Plan,42,13137.51,4,High,Live Chat
CX04205,26-35,Latin America,Add-on Services,58,4431.82,6,Medium,Phone
CX04206,55+,North America,Add-on Services,25,26579.33,6,Medium,Phone
CX04207,18-25,Asia Pacific,Add-on Services,58,5498.32,6,Medium,Phone
CX04208,46-55,North America,Enterprise Plan,43,30577.2,5,Medium,Mobile App
CX04209,36-45,Europe,Basic Plan,33,2916.32,10,High,Email
CX04210,26-35,Europe,Basic Plan,47,2102.43,5,High,Phone
CX04211,46-55,Asia Pacific,Pro Plan,16,38641.25,7,Medium,Mobile App
CX04212,18-25,Europe,Basic Plan,25,25008.89,8,Medium,Website
CX04213,55+,Europe,Add-on Services,7,18873.24,8,Medium,In-Store
CX04214,26-35,North America,Basic Plan,10,13499.75,0,Low,Phone
CX04215,36-45,Asia Pacific,Enterprise Plan,2,33080.12,5,Medium,Live Chat
CX04216,18-25,North America,Pro Plan,37,42408.48,6,High,Email
CX04217,26-35,Latin America,Pro Plan,20,19186.57,6,Low,Website
CX04218,26-35,Asia Pacific,Pro Plan,34,11378.07,10,Low,Website
CX04219,18-25,North America,Enterprise Plan,15,15987.13,9,Medium,Live Chat
CX04220,26-35,North America,Add-on Services,45,48696.08,4,Low,Email
CX04221,55+,Latin America,Enterprise Plan,18,20958.96,6,Low,Live Chat
CX04222,55+,Latin America,Pro Plan,23,5438.92,9,Medium,Mobile App
CX04223,26-35,Asia Pacific,Pro Plan,29,39010.46,10,Medium,Website
CX04224,18-25,Europe,Pro Plan,16,2349.07,3,Medium,Website
CX04225,36-45,Latin America,Add-on Services,29,42729.22,1,Low,Phone
CX04226,18-25,Asia Pacific,Basic Plan,53,13488.53,8,High,Mobile App
CX04227,55+,North America,Enterprise Plan,5,20934.48,6,Low,In-Store
CX04228,55+,North America,Pro Plan,14,29166.18,7,High,Live Chat
CX04229,36-45,Asia Pacific,Add-on Services,41,30903.46,9,High,Email
CX04230,26-35,Latin America,Basic Plan,21,7456.49,6,High,Phone
CX04231,55+,Asia Pacific,Enterprise Plan,20,8186.99,2,Low,Phone
CX04232,55+,Europe,Enterprise Plan,35,27438.88,6,Low,In-Store
CX04233,18-25,Europe,Add-on Services,16,23370.17,4,Medium,Website
CX04234,26-35,North America,Basic Plan,59,26884.17,2,Medium,In-Store
CX04235,46-55,North America,Enterprise Plan,51,6515.32,3,High,Live Chat
CX04236,46-55,North America,Add-on Services,6,1713.11,7,Low,Live Chat
CX04237,55+,North America,Basic Plan,53,29217.98,9,Low,In-Store
CX04238,36-45,Latin America,Pro Plan,57,15536.8,7,Medium,Live Chat
CX04239,55+,Europe,Enterprise Plan,5,48456.71,3,Medium,Website
CX04240,36-45,North America,Pro Plan,49,3953.15,1,Low,Live Chat
CX04241,18-25,Asia Pacific,Basic Plan,22,46120.68,3,Low,Phone
CX04242,18-25,Latin America,Basic Plan,20,15935.05,0,High,Phone
CX04243,46-55,North America,Enterprise Plan,51,2864.44,6,Medium,Website
CX04244,36-45,Latin America,Pro Plan,5,1578.16,1,Medium,Phone
CX04245,46-55,Asia Pacific,Enterprise Plan,31,6694.59,2,Medium,Phone
CX04246,46-55,Asia Pacific,Basic Plan,30,36419.37,0,Low,Mobile App
CX04247,46-55,Asia Pacific,Enterprise Plan,40,31555.69,9,High,Email
CX04248,18-25,Europe,Pro Plan,39,5773.86,3,Medium,In-Store
CX04249,55+,Asia Pacific,Basic Plan,12,40883.11,6,Medium,Website
CX04250,18-25,Latin America,Basic Plan,15,8807.57,7,Medium,Mobile App
CX04251,18-25,North America,Enterprise Plan,32,46310.25,6,Low,Website
CX04252,18-25,North America,Basic Plan,35,30326.75,10,Medium,Phone
CX04253,46-55,North America,Pro Plan,21,11680.04,0,Medium,Phone
CX04254,18-25,North America,Enterprise Plan,29,14884.36,8,Medium,Email
CX04255,55+,Asia Pacific,Add-on Services,50,31961.09,9,High,Live Chat
CX04256,36-45,Asia Pacific,Basic Plan,30,1099.79,10,Low,Email
CX04257,18-25,North America,Basic Plan,59,44655.66,7,Low,Website
CX04258,46-55,Latin America,Pro Plan,42,24283.34,9,Medium,Live Chat
CX04259,26-35,Europe,Basic Plan,29,26626.35,1,Low,Email
CX04260,18-25,Latin America,Basic Plan,3,14262.58,0,Low,Website
CX04261,36-45,Asia Pacific,Enterprise Plan,6,47268.25,5,Medium,Live Chat
CX04262,46-55,Latin America,Enterprise Plan,15,12001.92,10,High,Live Chat
CX04263,36-45,Latin America,Enterprise Plan,24,47036.1,3,High,Website
CX04264,46-55,North America,Pro Plan,47,12089.85,3,Low,Website
CX04265,36-45,Europe,Add-on Services,41,20508.81,5,Low,In-Store
CX04266,46-55,North America,Add-on Services,42,41657.85,3,Low,Email
CX04267,26-35,Asia Pacific,Add-on Services,45,45695.41,4,High,Email
CX04268,26-35,Europe,Enterprise Plan,55,26539.58,5,High,Mobile App
CX04269,55+,Europe,Add-on Services,43,40697.47,8,Medium,In-Store
CX04270,18-25,Asia Pacific,Basic Plan,60,47968.46,4,High,Mobile App
CX04271,18-25,Latin America,Add-on Services,29,46892.67,6,Low,Phone
CX04272,36-45,North America,Add-on Services,56,11835.28,5,Medium,Live Chat
CX04273,26-35,North America,Basic Plan,25,7244.25,0,Medium,In-Store
CX04274,55+,Europe,Enterprise Plan,49,13517.19,4,Medium,Mobile App
CX04275,55+,Latin America,Basic Plan,7,46964.24,10,High,In-Store
CX04276,36-45,Asia Pacific,Add-on Services,1,42424.27,3,High,In-Store
CX04277,26-35,Asia Pacific,Pro Plan,31,34932.71,1,High,Live Chat
CX04278,46-55,Latin America,Pro Plan,24,16446.63,9,High,Website
CX04279,36-45,North America,Pro Plan,25,49253.15,0,Low,In-Store
CX04280,18-25,North America,Basic Plan,6,40989.82,6,Low,Email
CX04281,18-25,Latin America,Pro Plan,36,13267.19,4,High,Live Chat
CX04282,55+,North America,Pro Plan,6,42843.08,0,Low,In-Store
CX04283,55+,Europe,Pro Plan,34,42757.87,10,Medium,Live Chat
CX04284,55+,North America,Add-on Services,31,6828.91,10,Low,Website
CX04285,18-25,Asia Pacific,Enterprise Plan,34,6681.01,10,Medium,In-Store
CX04286,26-35,Latin America,Enterprise Plan,21,36369.65,1,High,Mobile App
CX04287,26-35,North America,Pro Plan,57,7415.6,6,Low,Website
CX04288,55+,Latin America,Enterprise Plan,8,24294.27,1,High,In-Store
CX04289,26-35,North America,Pro Plan,13,20966.27,1,High,In-Store
CX04290,46-55,Europe,Add-on Services,33,9869.07,10,High,Live Chat
CX04291,18-25,Latin America,Add-on Services,28,14058.8,3,Low,Mobile App
CX04292,55+,North America,Pro Plan,43,9394.4,5,Low,Live Chat
CX04293,26-35,Latin America,Add-on Services,59,5534.1,6,High,Mobile App
CX04294,46-55,Asia Pacific,Enterprise Plan,55,43073.75,2,Medium,Mobile App
CX04295,55+,Latin America,Enterprise Plan,17,15413.6,8,Medium,Mobile App
CX04296,46-55,Latin America,Basic Plan,56,48613.74,1,Low,Phone
CX04297,26-35,Europe,Basic Plan,28,13246.45,9,High,Live Chat
CX04298,18-25,Asia Pacific,Add-on Services,31,4716.06,5,Medium,In-Store
CX04299,36-45,North America,Add-on Services,45,44494.51,7,High,Email
CX04300,55+,North America,Pro Plan,60,18138.37,1,High,Mobile App
CX04301,18-25,Asia Pacific,Add-on Services,16,23664.12,1,Medium,Mobile App
CX04302,46-55,Latin America,Basic Plan,14,7714.83,5,High,Phone
CX04303,18-25,North America,Pro Plan,40,16314.01,10,High,Live Chat
CX04304,55+,Latin America,Add-on Services,50,11755.24,7,High,Mobile App
CX04305,55+,Asia Pacific,Add-on Services,55,29154.02,5,Low,Live Chat
CX04306,26-35,Asia Pacific,Add-on Services,18,34268.39,1,Low,Email
CX04307,26-35,Latin America,Add-on Services,1,11311.69,8,Medium,Mobile App
CX04308,36-45,Latin America,Add-on Services,56,21838.89,1,Low,Phone
CX04309,55+,Asia Pacific,Pro Plan,14,10795.72,0,High,Website
CX04310,36-45,Latin America,Pro Plan,3,37284.21,8,High,Mobile App
CX04311,55+,Europe,Enterprise Plan,41,28151.66,8,Medium,Mobile App
CX04312,26-35,North America,Basic Plan,57,23849.31,8,High,Mobile App
CX04313,18-25,Europe,Add-on Services,15,35955.32,5,Medium,Live Chat
CX04314,36-45,Europe,Pro Plan,1,23860.84,0,Low,Live Chat
CX04315,46-55,North America,Enterprise Plan,9,27466.11,4,High,Website
CX04316,46-55,Europe,Add-on Services,40,35060.26,3,High,Email
CX04317,36-45,North America,Pro Plan,40,36702.76,5,Medium,Phone
CX04318,18-25,North America,Basic Plan,24,44307.59,0,High,Website
CX04319,55+,Asia Pacific,Enterprise Plan,46,6880.45,6,Low,Mobile App
CX04320,18-25,North America,Pro Plan,27,1031.4,7,Low,Mobile App
CX04321,26-35,Asia Pacific,Basic Plan,10,37418.2,8,Low,Website
CX04322,26-35,Asia Pacific,Pro Plan,57,41054.11,4,Low,Email
CX04323,36-45,Europe,Basic Plan,28,38492.24,2,High,Website
CX04324,55+,North America,Add-on Services,46,20121.57,1,Medium,Email
CX04325,55+,Latin America,Add-on Services,47,33965.03,0,Low,Mobile App
CX04326,18-25,Asia Pacific,Enterprise Plan,18,45539.14,1,Low,Email
CX04327,18-25,Latin America,Add-on Services,17,29224.1,0,Low,In-Store
CX04328,55+,Asia Pacific,Enterprise Plan,51,36851.85,8,Low,Website
CX04329,36-45,North America,Add-on Services,27,15316.52,9,Medium,In-Store
CX04330,26-35,North America,Pro Plan,19,5246.69,5,Low,Phone
CX04331,18-25,Latin America,Add-on Services,7,36674.99,3,Low,Phone
CX04332,26-35,Asia Pacific,Enterprise Plan,11,35057.48,2,Low,In-Store
CX04333,55+,North America,Enterprise Plan,33,41953.94,3,Medium,In-Store
CX04334,46-55,Asia Pacific,Pro Plan,23,46101.08,0,High,In-Store
CX04335,36-45,Latin America,Add-on Services,12,46951.77,10,Low,Live Chat
CX04336,36-45,North America,Basic Plan,6,6232.67,5,Low,Phone
CX04337,36-45,Latin America,Pro Plan,30,22543.41,8,High,Live Chat
CX04338,26-35,Latin America,Basic Plan,15,4581.57,7,Medium,Live Chat
CX04339,55+,North America,Pro Plan,2,13108.99,5,High,Live Chat
CX04340,18-25,Latin America,Basic Plan,54,27406.65,1,Medium,Mobile App
CX04341,26-35,Europe,Enterprise Plan,45,16759.6,4,High,In-Store
CX04342,36-45,Europe,Basic Plan,21,36954.39,5,High,Email
CX04343,46-55,Asia Pacific,Add-on Services,32,30179.43,1,Low,In-Store
CX04344,26-35,Latin America,Pro Plan,2,35577.74,5,Medium,Email
CX04345,26-35,Latin America,Enterprise Plan,21,38469.19,10,Low,Website
CX04346,46-55,North America,Enterprise Plan,34,28736.79,0,Low,Phone
CX04347,26-35,Europe,Basic Plan,50,10652.75,6,High,Live Chat
CX04348,55+,Latin America,Basic Plan,1,45812.96,3,Medium,Email
CX04349,46-55,North America,Pro Plan,43,25625.57,9,High,Live Chat
CX04350,55+,Europe,Basic Plan,44,49425.27,7,Medium,Email
CX04351,18-25,North America,Pro Plan,47,41936.53,9,High,Email
CX04352,55+,Europe,Add-on Services,7,31853.36,5,High,Email
CX04353,18-25,Europe,Pro Plan,34,33999.57,8,High,In-Store
CX04354,36-45,Europe,Enterprise Plan,47,32314.07,8,High,Live Chat
CX04355,46-55,North America,Enterprise Plan,50,12125.18,9,Medium,Email
CX04356,26-35,North America,Basic Plan,42,701.61,3,Medium,Live Chat
CX04357,36-45,Asia Pacific,Enterprise Plan,21,23396.46,10,High,Phone
CX04358,36-45,Asia Pacific,Basic Plan,55,48169.03,7,Medium,Live Chat
CX04359,26-35,Latin America,Pro Plan,25,32192.35,5,Medium,In-Store
CX04360,26-35,Asia Pacific,Add-on Services,54,18055.5,9,Low,In-Store
CX04361,46-55,North America,Enterprise Plan,16,17373.69,10,High,Mobile App
CX04362,55+,Asia Pacific,Basic Plan,30,40712.56,9,Medium,Phone
CX04363,55+,Asia Pacific,Add-on Services,33,37938.23,10,Medium,Phone
CX04364,46-55,North America,Add-on Services,31,26549.26,3,Medium,In-Store
CX04365,18-25,Latin America,Pro Plan,4,49805.9,10,High,Website
CX04366,46-55,Latin America,Add-on Services,7,44067.99,10,High,Mobile App
CX04367,36-45,North America,Basic Plan,32,25639.12,3,Medium,Live Chat
CX04368,26-35,Europe,Pro Plan,13,35917.08,8,Medium,Phone
CX04369,18-25,Europe,Pro Plan,27,29291.32,9,Medium,Mobile App
CX04370,55+,Asia Pacific,Basic Plan,47,9770.71,1,Low,In-Store
CX04371,46-55,Asia Pacific,Pro Plan,11,23200.74,5,High,In-Store
CX04372,36-45,North America,Enterprise Plan,40,22799.27,4,High,In-Store
CX04373,18-25,Europe,Pro Plan,9,12660.52,7,Medium,Website
CX04374,36-45,Latin America,Enterprise Plan,57,2152.3,3,High,Phone
CX04375,36-45,Asia Pacific,Enterprise Plan,45,22848.49,0,Low,Website
CX04376,18-25,Latin America,Basic Plan,31,12948.08,3,Medium,Phone
CX04377,36-45,Asia Pacific,Enterprise Plan,52,23770.31,6,Low,Mobile App
CX04378,18-25,Europe,Basic Plan,41,7800.01,10,High,Website
CX04379,46-55,Asia Pacific,Basic Plan,29,36879.67,1,Low,Mobile App
CX04380,26-35,Europe,Basic Plan,24,19617.06,4,Medium,Live Chat
CX04381,36-45,Europe,Basic Plan,60,13205.16,5,Medium,Phone
CX04382,55+,Asia Pacific,Basic Plan,9,48491.5,3,High,Phone
CX04383,46-55,North America,Add-on Services,32,24620.78,8,High,In-Store
CX04384,36-45,Europe,Pro Plan,42,7276.47,6,Low,Live Chat
CX04385,55+,North America,Enterprise Plan,44,41262.29,0,Low,Live Chat
CX04386,26-35,Europe,Add-on Services,37,19162.97,10,Low,Email
CX04387,55+,North America,Pro Plan,44,9596.2,0,High,Email
CX04388,36-45,Asia Pacific,Basic Plan,26,5657.08,9,Low,Email
CX04389,46-55,North America,Basic Plan,22,34071.65,2,Low,Website
CX04390,26-35,Europe,Enterprise Plan,20,30774.27,7,Medium,Live Chat
CX04391,46-55,Europe,Basic Plan,25,9524.92,1,High,In-Store
CX04392,26-35,Europe,Pro Plan,38,36867.24,1,High,Live Chat
CX04393,26-35,Latin America,Pro Plan,8,621.0,5,Low,Website
CX04394,46-55,North America,Pro Plan,12,46022.39,0,Low,Live Chat
CX04395,26-35,Europe,Pro Plan,42,23433.4,4,Low,Email
CX04396,18-25,Asia Pacific,Enterprise Plan,40,28203.16,7,High,Live Chat
CX04397,55+,Latin America,Pro Plan,58,27601.35,2,Low,Email
CX04398,26-35,Europe,Pro Plan,45,33181.57,0,Low,Mobile App
CX04399,46-55,North America,Enterprise Plan,17,21089.88,6,Medium,Live Chat
CX04400,55+,Asia Pacific,Pro Plan,48,44111.44,7,Medium,Website
CX04401,55+,Latin America,Basic Plan,42,21616.05,4,Medium,Mobile App
CX04402,36-45,Asia Pacific,Pro Plan,24,23321.08,7,High,Email
CX04403,36-45,Latin America,Add-on Services,36,45353.94,4,Low,Email
CX04404,18-25,Asia Pacific,Add-on Services,21,24188.29,7,Low,Email
CX04405,18-25,Europe,Add-on Services,59,8081.08,4,Low,Email
CX04406,55+,North America,Pro Plan,33,39934.12,2,Medium,In-Store
CX04407,18-25,Latin America,Enterprise Plan,8,22158.57,0,Medium,Mobile App
CX04408,46-55,North America,Add-on Services,3,17067.1,6,High,Live Chat
CX04409,18-25,Europe,Basic Plan,45,42046.83,10,Medium,Email
CX04410,36-45,Latin America,Enterprise Plan,41,3673.15,7,High,Live Chat
CX04411,26-35,North America,Pro Plan,49,38206.72,4,Low,Live Chat
CX04412,36-45,Europe,Enterprise Plan,44,34440.81,1,Medium,Website
CX04413,18-25,North America,Enterprise Plan,36,1476.17,7,Low,In-Store
CX04414,18-25,Latin America,Basic Plan,45,25964.6,10,Medium,Email
CX04415,18-25,Asia Pacific,Pro Plan,3,24237.15,10,Low,In-Store
CX04416,18-25,Latin America,Enterprise Plan,4,14606.57,3,Medium,Live Chat
CX04417,55+,Asia Pacific,Add-on Services,39,19275.7,2,High,Phone
CX04418,46-55,North America,Basic Plan,21,48735.06,1,Low,Live Chat
CX04419,18-25,North America,Add-on Services,4,40854.48,7,High,In-Store
CX04420,36-45,North America,Pro Plan,1,18925.09,2,Medium,In-Store
CX04421,36-45,Latin America,Pro Plan,44,38248.76,10,Low,In-Store
CX04422,55+,Europe,Basic Plan,6,1091.78,10,Low,Live Chat
CX04423,46-55,Asia Pacific,Add-on Services,18,32596.9,10,High,In-Store
CX04424,36-45,Europe,Add-on Services,21,29952.65,7,High,Phone
CX04425,36-45,Europe,Enterprise Plan,10,19487.1,10,High,Live Chat
CX04426,36-45,Europe,Basic Plan,19,4627.34,4,Low,Phone
CX04427,26-35,Latin America,Enterprise Plan,3,47087.31,10,Medium,Website
CX04428,26-35,Europe,Add-on Services,60,39158.35,9,Low,Email
CX04429,46-55,Latin America,Add-on Services,25,26911.87,10,Medium,Website
CX04430,55+,Asia Pacific,Enterprise Plan,32,38457.68,7,Medium,Live Chat
CX04431,18-25,Asia Pacific,Enterprise Plan,40,36317.57,8,High,Website
CX04432,36-45,Asia Pacific,Basic Plan,33,3386.45,5,High,Email
CX04433,26-35,Asia Pacific,Basic Plan,44,18096.5,4,Medium,Phone
CX04434,18-25,Latin America,Pro Plan,12,13292.63,3,Medium,Mobile App
CX04435,46-55,North America,Basic Plan,58,6269.72,0,High,Live Chat
CX04436,36-45,North America,Enterprise Plan,27,34032.69,8,High,Live Chat
CX04437,36-45,Europe,Pro Plan,5,12516.76,9,Medium,Website
CX04438,55+,Europe,Basic Plan,53,33124.44,3,High,Phone
CX04439,55+,North America,Basic Plan,57,8231.73,10,Medium,Phone
CX04440,26-35,Asia Pacific,Add-on Services,43,46655.16,0,Medium,Phone
CX04441,36-45,Europe,Add-on Services,59,39688.4,1,High,Live Chat
CX04442,26-35,North America,Enterprise Plan,31,48601.27,4,High,In-Store
CX04443,55+,Asia Pacific,Add-on Services,20,19636.52,4,Low,Live Chat
CX04444,26-35,Latin America,Basic Plan,31,36192.38,4,High,Email
CX04445,26-35,North America,Enterprise Plan,28,4386.87,2,Medium,Phone
CX04446,55+,North America,Enterprise Plan,23,40130.18,9,Low,Email
CX04447,46-55,Latin America,Add-on Services,38,49660.96,8,Medium,Email
CX04448,36-45,Asia Pacific,Enterprise Plan,22,25879.69,7,Medium,Website
CX04449,26-35,Asia Pacific,Basic Plan,8,45944.33,2,High,Live Chat
CX04450,26-35,Latin America,Basic Plan,45,16750.52,9,Medium,Mobile App
CX04451,46-55,Asia Pacific,Basic Plan,45,29280.63,4,Medium,Mobile App
CX04452,55+,North America,Basic Plan,10,42094.66,8,Medium,Phone
CX04453,46-55,Europe,Add-on Services,47,39522.03,5,Medium,Website
CX04454,18-25,Asia Pacific,Add-on Services,36,40264.21,2,High,Mobile App
CX04455,26-35,North America,Add-on Services,2,33032.93,5,High,Phone
CX04456,55+,North America,Enterprise Plan,15,5555.84,0,Low,In-Store
CX04457,26-35,Latin America,Enterprise Plan,16,12779.75,3,Medium,In-Store
CX04458,26-35,Latin America,Basic Plan,35,20985.89,10,Low,Phone
CX04459,36-45,Latin America,Enterprise Plan,27,9808.62,1,Low,Mobile App
CX04460,18-25,Europe,Basic Plan,32,27454.27,2,High,Email
CX04461,55+,North America,Add-on Services,27,4339.93,4,Medium,Live Chat
CX04462,55+,Asia Pacific,Add-on Services,25,11966.52,6,Medium,In-Store
CX04463,36-45,North America,Basic Plan,11,31609.7,8,High,Live Chat
CX04464,26-35,Asia Pacific,Pro Plan,5,46938.01,10,High,In-Store
CX04465,55+,Latin America,Add-on Services,38,2554.43,5,High,Phone
CX04466,46-55,Asia Pacific,Pro Plan,35,25324.33,2,High,Live Chat
CX04467,36-45,Latin America,Basic Plan,22,8128.71,3,Low,In-Store
CX04468,26-35,Europe,Add-on Services,6,39737.13,2,Low,In-Store
CX04469,26-35,North America,Pro Plan,56,21913.24,6,High,Email
CX04470,36-45,Europe,Add-on Services,60,43698.6,7,High,Email
CX04471,26-35,Latin America,Enterprise Plan,12,23824.31,8,Medium,In-Store
CX04472,46-55,North America,Pro Plan,10,811.46,7,Medium,Live Chat
CX04473,26-35,Asia Pacific,Add-on Services,6,47851.11,0,Medium,Mobile App
CX04474,55+,Europe,Pro Plan,18,32067.48,5,High,In-Store
CX04475,36-45,Latin America,Pro Plan,22,44590.02,2,Low,In-Store
CX04476,26-35,Latin America,Add-on Services,42,35834.93,0,Low,Phone
CX04477,36-45,Europe,Enterprise Plan,34,18144.42,9,Medium,Mobile App
CX04478,18-25,Europe,Add-on Services,15,37400.47,10,Low,Mobile App
CX04479,55+,Asia Pacific,Add-on Services,60,45624.19,4,High,Mobile App
CX04480,36-45,North America,Pro Plan,22,17438.06,4,Medium,Live Chat
CX04481,55+,Europe,Add-on Services,58,45817.39,7,High,Website
CX04482,36-45,North America,Basic Plan,27,24095.47,8,High,Website
CX04483,36-45,Latin America,Enterprise Plan,26,43537.53,7,Low,Live Chat
CX04484,46-55,Asia Pacific,Add-on Services,39,1002.88,4,High,In-Store
CX04485,36-45,Latin America,Add-on Services,48,11799.07,2,High,Mobile App
CX04486,55+,North America,Pro Plan,19,27445.97,5,Medium,Live Chat
CX04487,46-55,Latin America,Basic Plan,1,33132.16,6,Low,Mobile App
CX04488,55+,Asia Pacific,Enterprise Plan,38,42095.11,10,Medium,Mobile App
CX04489,46-55,Asia Pacific,Basic Plan,32,20922.73,10,High,Live Chat
CX04490,36-45,Europe,Basic Plan,6,6874.29,0,Low,Mobile App
CX04491,55+,North America,Basic Plan,16,36206.36,8,Medium,Website
CX04492,46-55,Europe,Pro Plan,16,18114.76,8,High,Website
CX04493,36-45,North America,Basic Plan,35,33846.1,1,Medium,Mobile App
CX04494,26-35,Latin America,Enterprise Plan,54,40501.76,5,Medium,Email
CX04495,18-25,Europe,Add-on Services,32,8702.19,7,Low,Phone
CX04496,46-55,Asia Pacific,Add-on Services,43,31239.25,7,High,Live Chat
CX04497,36-45,Asia Pacific,Add-on Services,22,28633.13,9,High,Phone
CX04498,36-45,North America,Enterprise Plan,21,44879.27,3,High,In-Store
CX04499,46-55,Europe,Basic Plan,29,6179.28,8,Medium,Phone
CX04500,18-25,Europe,Enterprise Plan,11,34639.1,2,High,In-Store
CX04501,36-45,Europe,Basic Plan,30,44763.89,8,High,Live Chat
CX04502,26-35,North America,Add-on Services,42,16010.09,1,High,In-Store
CX04503,26-35,North America,Enterprise Plan,54,45430.04,7,Medium,In-Store
CX04504,36-45,Asia Pacific,Pro Plan,4,40289.64,0,High,Mobile App
CX04505,46-55,Latin America,Enterprise Plan,30,10522.82,8,High,Live Chat
CX04506,26-35,Asia Pacific,Basic Plan,13,41215.45,5,High,Mobile App
CX04507,26-35,North America,Pro Plan,48,49604.81,4,Low,In-Store
CX04508,26-35,Europe,Add-on Services,15,14833.29,0,High,Phone
CX04509,18-25,Europe,Basic Plan,53,27808.03,0,Medium,In-Store
CX04510,26-35,Asia Pacific,Add-on Services,37,16190.73,9,Low,In-Store
CX04511,18-25,Asia Pacific,Add-on Services,39,45698.36,1,Low,In-Store
CX04512,26-35,Europe,Enterprise Plan,20,20628.5,1,High,Live Chat
CX04513,18-25,North America,Pro Plan,52,15478.93,3,Medium,Live Chat
CX04514,36-45,Latin America,Basic Plan,13,11109.78,10,High,Email
CX04515,26-35,Latin America,Add-on Services,35,21092.53,2,Medium,Mobile App
CX04516,36-45,Europe,Basic Plan,50,6266.61,0,Low,Live Chat
CX04517,18-25,Europe,Basic Plan,15,2451.96,4,High,Phone
CX04518,55+,North America,Pro Plan,40,26519.3,9,Low,Live Chat
CX04519,55+,North America,Add-on Services,44,20902.34,5,Low,Mobile App
CX04520,18-25,North America,Basic Plan,33,8126.95,10,Low,Mobile App
CX04521,36-45,Latin America,Pro Plan,7,22392.3,2,Low,Email
CX04522,46-55,Latin America,Basic Plan,20,48703.06,1,Medium,Website
CX04523,18-25,Europe,Basic Plan,40,6200.0,8,Medium,Phone
CX04524,18-25,Asia Pacific,Basic Plan,8,12339.3,3,Low,Website
CX04525,26-35,Asia Pacific,Enterprise Plan,38,18710.05,0,Medium,Website
CX04526,36-45,Latin America,Add-on Services,23,3372.55,7,Medium,Phone
CX04527,26-35,Asia Pacific,Add-on Services,10,11691.64,6,High,Mobile App
CX04528,18-25,Latin America,Basic Plan,54,10194.39,7,High,Live Chat
CX04529,18-25,North America,Basic Plan,21,38641.89,7,Low,Mobile App
CX04530,55+,Latin America,Pro Plan,4,21514.01,7,Low,Website
CX04531,36-45,Asia Pacific,Add-on Services,59,30061.2,6,Medium,In-Store
CX04532,55+,Europe,Pro Plan,50,12767.02,7,Low,Website
CX04533,46-55,North America,Enterprise Plan,34,41030.21,0,High,Email
CX04534,18-25,Asia Pacific,Basic Plan,36,21332.38,3,Low,Mobile App
CX04535,36-45,Europe,Basic Plan,52,37755.49,5,High,Email
CX04536,36-45,Asia Pacific,Pro Plan,40,43825.94,2,Low,Email
CX04537,36-45,North America,Add-on Services,12,7535.96,5,High,In-Store
CX04538,26-35,Asia Pacific,Enterprise Plan,48,14080.21,5,Low,Mobile App
CX04539,55+,North America,Add-on Services,51,1684.35,3,Medium,Live Chat
CX04540,26-35,Europe,Add-on Services,32,27361.72,3,High,In-Store
CX04541,46-55,Europe,Add-on Services,57,28348.32,10,Low,Mobile App
CX04542,26-35,North America,Basic Plan,17,34895.42,6,Medium,Email
CX04543,36-45,Asia Pacific,Add-on Services,27,44980.01,4,High,Email
CX04544,46-55,Asia Pacific,Basic Plan,26,11928.97,1,Low,Website
CX04545,46-55,Europe,Basic Plan,30,16979.36,2,High,Email
CX04546,46-55,Latin America,Basic Plan,8,13377.33,8,Medium,Website
CX04547,55+,North America,Basic Plan,48,38924.52,4,Low,Phone
CX04548,46-55,Europe,Basic Plan,46,15924.49,3,High,Email
CX04549,18-25,North America,Add-on Services,35,19369.85,1,Medium,Email
CX04550,18-25,Europe,Add-on Services,5,4921.64,9,Low,Email
CX04551,18-25,Asia Pacific,Enterprise Plan,22,35609.22,4,Medium,Phone
CX04552,36-45,Europe,Add-on Services,33,48503.94,6,High,Phone
CX04553,26-35,Latin America,Add-on Services,6,49437.61,0,Low,Phone
CX04554,36-45,Asia Pacific,Enterprise Plan,22,42456.18,5,High,Email
CX04555,46-55,North America,Basic Plan,15,49627.57,1,Low,Live Chat
CX04556,46-55,Europe,Pro Plan,32,38884.1,3,High,Email
CX04557,55+,Latin America,Enterprise Plan,44,6722.53,1,High,In-Store
CX04558,46-55,Europe,Add-on Services,52,26753.66,8,Medium,In-Store
CX04559,18-25,Asia Pacific,Add-on Services,2,49002.09,9,Low,Phone
CX04560,18-25,North America,Add-on Services,44,45976.72,5,Low,Live Chat
CX04561,18-25,North America,Pro Plan,27,40274.65,4,Low,Mobile App
CX04562,36-45,Asia Pacific,Enterprise Plan,13,43644.45,7,Medium,Website
CX04563,18-25,Latin America,Pro Plan,52,24607.2,9,Medium,In-Store
CX04564,55+,Asia Pacific,Basic Plan,20,40659.4,9,Medium,Phone
CX04565,36-45,Latin America,Add-on Services,37,16800.5,2,Low,In-Store
CX04566,46-55,Asia Pacific,Add-on Services,9,23995.21,2,High,Website
CX04567,18-25,North America,Add-on Services,60,37253.05,1,High,Email
CX04568,26-35,Asia Pacific,Enterprise Plan,30,29207.94,4,High,Phone
CX04569,55+,Europe,Pro Plan,21,33870.82,6,High,Mobile App
CX04570,55+,Europe,Pro Plan,28,14285.65,8,High,Email
CX04571,18-25,North America,Basic Plan,6,22525.32,7,High,Website
CX04572,26-35,Asia Pacific,Enterprise Plan,29,20549.27,1,High,In-Store
CX04573,26-35,North America,Enterprise Plan,56,49954.14,9,Medium,Live Chat
CX04574,36-45,North America,Enterprise Plan,12,31462.91,10,Low,Phone
CX04575,36-45,Europe,Pro Plan,41,11056.74,2,High,Live Chat
CX04576,46-55,Asia Pacific,Add-on Services,43,24851.16,8,Low,In-Store
CX04577,26-35,North America,Pro Plan,27,44320.39,6,Medium,In-Store
CX04578,46-55,Latin America,Basic Plan,53,4597.99,8,High,Mobile App
CX04579,18-25,Latin America,Basic Plan,44,44560.26,9,Medium,Website
CX04580,18-25,Latin America,Basic Plan,8,49447.85,1,Low,Phone
CX04581,46-55,Asia Pacific,Enterprise Plan,25,35771.92,1,Low,Live Chat
CX04582,55+,Europe,Basic Plan,49,29039.84,5,Medium,Mobile App
CX04583,36-45,Latin America,Pro Plan,47,40759.99,10,High,Live Chat
CX04584,36-45,Europe,Pro Plan,32,49999.45,10,Medium,Phone
CX04585,55+,Latin America,Add-on Services,1,3297.05,8,High,Website
CX04586,26-35,Asia Pacific,Pro Plan,12,17049.55,1,Low,Website
CX04587,55+,North America,Pro Plan,49,8716.86,7,High,Live Chat
CX04588,18-25,Latin America,Add-on Services,27,36536.64,2,High,Email
CX04589,36-45,Europe,Pro Plan,54,28769.0,5,Medium,Website
CX04590,46-55,Asia Pacific,Add-on Services,49,41351.07,8,Low,Website
CX04591,18-25,North America,Pro Plan,44,49654.7,7,Low,In-Store
CX04592,55+,North America,Add-on Services,3,40631.76,7,High,Website
CX04593,55+,Latin America,Add-on Services,49,40475.36,9,Low,Mobile App
CX04594,18-25,Latin America,Basic Plan,37,48213.17,8,Low,Phone
CX04595,55+,Asia Pacific,Pro Plan,44,34914.6,6,Medium,In-Store
CX04596,36-45,Latin America,Add-on Services,60,34363.68,9,Medium,Phone
CX04597,18-25,Latin America,Enterprise Plan,44,43242.36,5,Medium,Phone
CX04598,46-55,Europe,Add-on Services,31,20060.78,10,Medium,Website
CX04599,55+,Europe,Basic Plan,29,49897.82,4,Medium,Email
CX04600,55+,Asia Pacific,Basic Plan,55,46012.16,0,Low,Phone
CX04601,36-45,Europe,Pro Plan,4,9702.18,2,Medium,Live Chat
CX04602,26-35,North America,Pro Plan,9,42335.26,6,High,Phone
CX04603,36-45,Europe,Enterprise Plan,29,11522.69,0,High,In-Store
CX04604,18-25,Latin America,Enterprise Plan,50,38149.59,6,Low,Phone
CX04605,18-25,Latin America,Enterprise Plan,10,32541.16,4,Medium,Email
CX04606,46-55,Asia Pacific,Basic Plan,9,17458.6,8,Low,Email
CX04607,55+,North America,Basic Plan,47,40028.4,3,Medium,In-Store
CX04608,46-55,Europe,Pro Plan,9,24882.06,3,Low,Phone
CX04609,26-35,Europe,Enterprise Plan,45,20312.22,8,Low,Email
CX04610,26-35,Europe,Add-on Services,44,9247.34,5,High,Mobile App
CX04611,18-25,North America,Pro Plan,52,11856.68,7,High,In-Store
CX04612,18-25,North America,Enterprise Plan,10,32921.51,4,Low,Mobile App
CX04613,46-55,North America,Enterprise Plan,13,9958.83,3,High,Website
CX04614,55+,Europe,Enterprise Plan,24,20231.87,1,Low,Phone
CX04615,46-55,North America,Enterprise Plan,30,11346.47,1,High,Live Chat
CX04616,36-45,North America,Add-on Services,27,28782.66,6,High,Website
CX04617,46-55,Asia Pacific,Enterprise Plan,55,35448.02,4,Medium,In-Store
CX04618,26-35,North America,Enterprise Plan,32,33451.55,8,Low,Email
CX04619,55+,Europe,Add-on Services,19,1990.81,3,High,Mobile App
CX04620,46-55,Europe,Add-on Services,34,26701.31,9,Low,Phone
CX04621,26-35,Europe,Basic Plan,15,30359.9,9,High,Email
CX04622,55+,Europe,Pro Plan,6,34822.59,0,Low,Mobile App
CX04623,18-25,Asia Pacific,Add-on Services,23,39994.46,1,High,In-Store
CX04624,18-25,Europe,Enterprise Plan,1,20108.07,6,High,In-Store
CX04625,55+,Latin America,Basic Plan,26,32488.5,3,Medium,Email
CX04626,46-55,Latin America,Basic Plan,56,15243.23,9,High,In-Store
CX04627,55+,Latin America,Pro Plan,10,28195.94,5,High,Live Chat
CX04628,18-25,North America,Pro Plan,34,17079.98,4,Low,Email
CX04629,46-55,Europe,Pro Plan,7,16600.09,9,Medium,Mobile App
CX04630,46-55,Asia Pacific,Pro Plan,37,33994.89,6,Low,Live Chat
CX04631,55+,Asia Pacific,Enterprise Plan,59,30025.49,0,Low,Live Chat
CX04632,55+,Asia Pacific,Enterprise Plan,51,37332.9,6,Medium,Email
CX04633,36-45,Europe,Basic Plan,31,3381.29,7,Low,Website
CX04634,18-25,Europe,Basic Plan,2,33278.24,7,Low,Email
CX04635,46-55,Europe,Pro Plan,23,36923.6,10,Medium,Mobile App
CX04636,26-35,Europe,Pro Plan,19,45947.15,7,Medium,Live Chat
CX04637,26-35,North America,Add-on Services,43,19876.13,1,High,Website
CX04638,18-25,North America,Enterprise Plan,36,26210.17,6,High,In-Store
CX04639,18-25,Latin America,Pro Plan,55,37421.29,6,Medium,Phone
CX04640,46-55,Europe,Add-on Services,33,18191.49,5,High,Phone
CX04641,18-25,Latin America,Add-on Services,51,3384.84,9,High,Website
CX04642,55+,Europe,Add-on Services,7,45963.63,4,High,In-Store
CX04643,36-45,North America,Basic Plan,19,17828.44,7,Low,In-Store
CX04644,36-45,Latin America,Add-on Services,37,41851.88,4,Medium,Mobile App
CX04645,26-35,Latin America,Basic Plan,48,38664.15,5,Low,Live Chat
CX04646,55+,North America,Enterprise Plan,25,22118.79,1,High,Mobile App
CX04647,46-55,Asia Pacific,Add-on Services,29,4983.26,8,High,Live Chat
CX04648,26-35,Latin America,Enterprise Plan,16,40856.77,5,Low,Live Chat
CX04649,46-55,Asia Pacific,Pro Plan,33,2508.55,2,High,Phone
CX04650,18-25,Europe,Pro Plan,3,25819.45,9,High,Live Chat
CX04651,46-55,Asia Pacific,Add-on Services,52,30608.86,10,Low,Phone
CX04652,26-35,Asia Pacific,Pro Plan,23,12931.2,6,High,Phone
CX04653,26-35,North America,Pro Plan,53,5555.09,5,Medium,Website
CX04654,26-35,Latin America,Basic Plan,1,26295.09,0,Low,Phone
CX04655,36-45,Latin America,Enterprise Plan,25,21644.75,4,High,Website
CX04656,26-35,Latin America,Add-on Services,17,22344.16,7,Medium,In-Store
CX04657,55+,North America,Basic Plan,28,4512.66,2,Low,Phone
CX04658,18-25,Europe,Add-on Services,45,15993.98,5,High,Email
CX04659,55+,North America,Basic Plan,3,39497.53,4,Low,Phone
CX04660,55+,Europe,Pro Plan,14,18953.94,8,Medium,In-Store
CX04661,46-55,North America,Basic Plan,53,11559.51,5,Medium,In-Store
CX04662,18-25,North America,Pro Plan,38,17267.43,7,Low,Live Chat
CX04663,18-25,North America,Basic Plan,5,9625.79,4,Medium,Email
CX04664,18-25,North America,Enterprise Plan,36,3212.55,10,Low,Live Chat
CX04665,36-45,North America,Pro Plan,59,20358.01,5,Low,Phone
CX04666,36-45,North America,Basic Plan,43,40742.46,9,Low,Live Chat
CX04667,46-55,Latin America,Basic Plan,33,21938.42,10,Medium,Website
CX04668,46-55,North America,Basic Plan,42,15903.85,2,High,Mobile App
CX04669,26-35,Asia Pacific,Basic Plan,32,45961.25,1,High,Email
CX04670,18-25,Europe,Pro Plan,14,40732.63,1,Low,Phone
CX04671,55+,Asia Pacific,Pro Plan,9,2583.52,4,Low,In-Store
CX04672,18-25,Europe,Add-on Services,56,33973.01,7,Medium,Phone
CX04673,55+,Asia Pacific,Add-on Services,10,35959.23,4,High,Website
CX04674,46-55,Latin America,Basic Plan,5,34680.04,2,Medium,In-Store
CX04675,26-35,North America,Pro Plan,59,3447.51,6,High,Phone
CX04676,18-25,Latin America,Enterprise Plan,32,33851.82,2,Low,Website
CX04677,55+,Latin America,Basic Plan,54,32339.4,8,Low,Website
CX04678,26-35,Europe,Pro Plan,13,3434.72,5,Medium,Live Chat
CX04679,55+,Latin America,Pro Plan,4,21744.96,2,Low,Website
CX04680,36-45,Asia Pacific,Add-on Services,36,33076.22,8,High,Live Chat
CX04681,18-25,North America,Add-on Services,41,5833.0,6,High,Website
CX04682,36-45,Asia Pacific,Basic Plan,23,8582.23,1,Low,Website
CX04683,26-35,Latin America,Basic Plan,34,6561.23,4,Low,In-Store
CX04684,55+,North America,Enterprise Plan,17,37483.99,6,Low,Live Chat
CX04685,18-25,Latin America,Basic Plan,17,2387.98,8,Low,Phone
CX04686,46-55,Asia Pacific,Enterprise Plan,18,28518.94,5,Low,Email
CX04687,18-25,Asia Pacific,Basic Plan,27,41470.94,7,Medium,Phone
CX04688,46-55,Latin America,Pro Plan,44,31102.76,8,Medium,Live Chat
CX04689,18-25,Latin America,Enterprise Plan,10,30615.24,4,Low,Phone
CX04690,26-35,North America,Enterprise Plan,40,18274.79,10,Medium,Email
CX04691,26-35,Asia Pacific,Pro Plan,44,38174.24,8,Medium,Email
CX04692,46-55,Latin America,Basic Plan,57,30228.23,5,Low,Website
CX04693,18-25,Latin America,Enterprise Plan,32,7379.71,10,Medium,Website
CX04694,46-55,Asia Pacific,Add-on Services,57,26178.26,9,Low,Mobile App
CX04695,46-55,Europe,Add-on Services,25,4697.72,6,Medium,Mobile App
CX04696,55+,Latin America,Add-on Services,1,38515.69,4,High,Live Chat
CX04697,26-35,Asia Pacific,Add-on Services,57,27645.39,10,High,Email
CX04698,46-55,North America,Basic Plan,26,18794.1,2,Medium,In-Store
CX04699,46-55,Asia Pacific,Basic Plan,11,3613.82,5,Medium,Mobile App
CX04700,26-35,North America,Pro Plan,21,7823.98,2,Low,Phone
CX04701,26-35,Asia Pacific,Add-on Services,54,2175.4,8,Medium,In-Store
CX04702,55+,Asia Pacific,Add-on Services,57,3594.68,2,Low,Phone
CX04703,18-25,Asia Pacific,Pro Plan,1,31483.9,3,Medium,Mobile App
CX04704,18-25,Europe,Basic Plan,33,13973.66,6,Low,Phone
CX04705,55+,Europe,Enterprise Plan,43,7895.98,2,Low,In-Store
CX04706,18-25,North America,Basic Plan,57,7770.76,9,Medium,Phone
CX04707,26-35,North America,Enterprise Plan,59,35068.29,1,Medium,Website
CX04708,55+,Latin America,Pro Plan,17,34886.01,3,High,In-Store
CX04709,46-55,Latin America,Pro Plan,45,43756.61,0,Low,Website
CX04710,18-25,Latin America,Pro Plan,15,5090.11,7,High,Live Chat
CX04711,55+,North America,Basic Plan,42,1266.88,0,High,Live Chat
CX04712,46-55,Europe,Enterprise Plan,11,48684.49,5,Medium,Live Chat
CX04713,55+,Latin America,Pro Plan,44,16958.56,8,Medium,Email
CX04714,36-45,Asia Pacific,Pro Plan,27,11053.74,4,High,Live Chat
CX04715,55+,Europe,Pro Plan,48,37981.17,7,High,Mobile App
CX04716,36-45,Asia Pacific,Enterprise Plan,48,9691.13,10,Medium,Mobile App
CX04717,36-45,North America,Basic Plan,58,23564.08,8,High,Live Chat
CX04718,26-35,North America,Enterprise Plan,3,49252.79,4,Medium,Phone
CX04719,26-35,Europe,Add-on Services,11,852.21,4,Medium,Email
CX04720,46-55,Latin America,Add-on Services,59,19253.75,0,High,Mobile App
CX04721,55+,Latin America,Enterprise Plan,21,35485.08,8,Medium,Website
CX04722,26-35,North America,Add-on Services,21,10776.56,10,Low,In-Store
CX04723,46-55,Asia Pacific,Pro Plan,7,18885.18,2,Medium,Mobile App
CX04724,18-25,North America,Add-on Services,54,15128.95,1,Medium,Phone
CX04725,26-35,North America,Basic Plan,1,40360.84,1,Medium,Phone
CX04726,36-45,Europe,Add-on Services,60,15641.61,7,Medium,Phone
CX04727,26-35,Europe,Basic Plan,39,39886.98,7,Low,Website
CX04728,36-45,Europe,Pro Plan,53,12530.43,4,High,Email
CX04729,26-35,Latin America,Add-on Services,2,5065.63,0,High,Mobile App
CX04730,36-45,Europe,Enterprise Plan,20,30187.9,7,Medium,In-Store
CX04731,55+,Asia Pacific,Add-on Services,41,3906.55,8,High,Live Chat
CX04732,18-25,Latin America,Add-on Services,4,47427.49,2,Low,Phone
CX04733,55+,Europe,Add-on Services,39,13128.79,7,Medium,Mobile App
CX04734,55+,Europe,Add-on Services,58,14779.07,0,Low,Mobile App
CX04735,18-25,Europe,Pro Plan,12,11841.03,9,Medium,Phone
CX04736,55+,North America,Add-on Services,1,14846.97,3,High,Website
CX04737,36-45,Europe,Add-on Services,36,23434.52,7,Medium,In-Store
CX04738,46-55,Asia Pacific,Basic Plan,30,1390.94,6,Medium,Email
CX04739,36-45,Latin America,Basic Plan,1,33774.41,7,Medium,In-Store
CX04740,26-35,Europe,Pro Plan,8,43340.08,2,High,In-Store
CX04741,55+,Europe,Basic Plan,38,41535.18,3,High,Email
CX04742,55+,Europe,Add-on Services,36,39611.74,7,Low,Email
CX04743,36-45,Europe,Pro Plan,13,42599.13,4,High,Phone
CX04744,55+,Latin America,Pro Plan,43,38144.26,6,Medium,In-Store
CX04745,46-55,North America,Enterprise Plan,35,17939.57,3,Low,Mobile App
CX04746,26-35,Asia Pacific,Enterprise Plan,14,49924.82,8,High,Phone
CX04747,55+,North America,Basic Plan,34,33062.28,6,Medium,Website
CX04748,26-35,Asia Pacific,Pro Plan,8,1939.92,6,High,Mobile App
CX04749,46-55,North America,Add-on Services,49,35522.27,4,High,In-Store
CX04750,26-35,Latin America,Enterprise Plan,41,47509.68,1,Low,In-Store
CX04751,46-55,Asia Pacific,Enterprise Plan,60,18390.77,8,High,In-Store
CX04752,36-45,Asia Pacific,Pro Plan,5,31321.91,7,High,Mobile App
CX04753,18-25,Europe,Add-on Services,13,45524.7,6,Medium,Live Chat
CX04754,46-55,Europe,Add-on Services,26,23330.19,8,Medium,Email
CX04755,46-55,Asia Pacific,Pro Plan,24,39521.49,6,Low,Mobile App
CX04756,36-45,North America,Add-on Services,17,49921.78,1,High,Phone
CX04757,26-35,North America,Enterprise Plan,12,21901.47,7,Low,Mobile App
CX04758,26-35,North America,Add-on Services,55,20599.09,5,Low,Website
CX04759,18-25,North America,Basic Plan,15,30684.58,5,Medium,Live Chat
CX04760,18-25,Asia Pacific,Enterprise Plan,12,37594.5,6,Medium,Email
CX04761,55+,Europe,Basic Plan,17,49644.73,9,Low,Website
CX04762,18-25,Latin America,Basic Plan,52,46721.57,4,Medium,In-Store
CX04763,55+,North America,Enterprise Plan,54,31627.61,10,High,Live Chat
CX04764,18-25,Asia Pacific,Add-on Services,15,26750.62,0,Medium,Email
CX04765,55+,Latin America,Add-on Services,43,11942.74,7,Low,Website
CX04766,55+,Latin America,Basic Plan,3,40147.69,3,Medium,Mobile App
CX04767,46-55,Asia Pacific,Pro Plan,44,9085.83,5,High,Email
CX04768,55+,Latin America,Pro Plan,58,13714.39,5,High,Email
CX04769,18-25,Asia Pacific,Enterprise Plan,59,34260.19,9,Low,Mobile App
CX04770,46-55,Latin America,Basic Plan,8,6223.76,5,Medium,In-Store
CX04771,55+,North America,Add-on Services,44,25207.31,10,Low,In-Store
CX04772,46-55,North America,Add-on Services,33,17346.42,8,High,In-Store
CX04773,55+,Latin America,Basic Plan,3,46430.92,8,Medium,In-Store
CX04774,55+,Latin America,Pro Plan,23,25297.25,7,High,Phone
CX04775,26-35,Europe,Add-on Services,18,13941.32,7,Low,Mobile App
CX04776,46-55,Europe,Pro Plan,32,20082.86,7,High,Email
CX04777,36-45,Latin America,Enterprise Plan,48,17071.55,7,High,In-Store
CX04778,46-55,Latin America,Enterprise Plan,53,29376.69,4,Medium,In-Store
CX04779,18-25,Asia Pacific,Enterprise Plan,54,31603.68,3,Medium,Email
CX04780,36-45,Asia Pacific,Basic Plan,46,32107.04,4,Low,Phone
CX04781,26-35,Latin America,Add-on Services,11,30225.53,0,High,In-Store
CX04782,36-45,Latin America,Enterprise Plan,57,11736.04,9,Medium,Phone
CX04783,18-25,Europe,Add-on Services,52,40829.71,4,High,Website
CX04784,46-55,North America,Enterprise Plan,15,26838.74,3,High,Live Chat
CX04785,36-45,Latin America,Pro Plan,12,36219.97,1,Low,Email
CX04786,55+,Latin America,Enterprise Plan,48,26480.65,4,Low,Email
CX04787,26-35,Latin America,Pro Plan,4,48395.72,4,Low,Phone
CX04788,18-25,Latin America,Pro Plan,12,40634.49,4,Low,Phone
CX04789,18-25,North America,Pro Plan,27,18367.73,3,High,Email
CX04790,55+,Latin America,Pro Plan,13,44597.21,6,Medium,Phone
CX04791,46-55,Asia Pacific,Add-on Services,56,21878.24,0,Low,Mobile App
CX04792,26-35,Latin America,Pro Plan,53,39297.62,9,Medium,Phone
CX04793,18-25,Asia Pacific,Pro Plan,51,3157.44,9,Medium,Website
CX04794,18-25,North America,Basic Plan,12,31600.12,6,Low,Email
CX04795,55+,North America,Enterprise Plan,8,19891.14,8,Medium,Live Chat
CX04796,46-55,Latin America,Add-on Services,13,26159.3,3,Low,Email
CX04797,18-25,Asia Pacific,Enterprise Plan,14,44527.6,7,High,Phone
CX04798,36-45,Latin America,Pro Plan,55,17398.98,5,High,In-Store
CX04799,26-35,Latin America,Basic Plan,12,38146.05,0,High,Email
CX04800,55+,Latin America,Enterprise Plan,28,37932.76,0,Medium,Website
CX04801,55+,North America,Pro Plan,39,9525.5,6,Low,Mobile App
CX04802,55+,North America,Pro Plan,13,24853.22,4,Medium,Live Chat
CX04803,55+,Asia Pacific,Basic Plan,45,36952.76,3,Low,Email
CX04804,46-55,Latin America,Basic Plan,22,45874.99,8,Low,Email
CX04805,55+,North America,Basic Plan,41,40230.91,6,High,Phone
CX04806,18-25,North America,Add-on Services,18,2521.05,0,Medium,Live Chat
CX04807,26-35,Asia Pacific,Add-on Services,34,36672.18,8,Low,Website
CX04808,26-35,Asia Pacific,Enterprise Plan,30,11046.8,5,High,Phone
CX04809,18-25,Asia Pacific,Enterprise Plan,40,6900.16,2,High,Website
CX04810,55+,North America,Pro Plan,8,43410.13,8,High,Mobile App
CX04811,46-55,Asia Pacific,Pro Plan,48,47437.05,6,Medium,In-Store
CX04812,55+,Asia Pacific,Enterprise Plan,17,49695.44,0,High,Live Chat
CX04813,55+,Asia Pacific,Pro Plan,2,10395.2,2,High,Website
CX04814,46-55,Asia Pacific,Add-on Services,1,42314.71,5,Low,Email
CX04815,55+,North America,Basic Plan,48,18399.35,3,High,Website
CX04816,26-35,Latin America,Add-on Services,13,11337.77,9,Low,Mobile App
CX04817,36-45,Latin America,Enterprise Plan,17,48468.13,3,Low,Email
CX04818,55+,North America,Enterprise Plan,18,40352.16,0,Low,In-Store
CX04819,46-55,Europe,Pro Plan,2,6315.01,10,High,Phone
CX04820,26-35,North America,Enterprise Plan,1,1588.59,2,Low,Website
CX04821,55+,Europe,Basic Plan,49,49837.16,6,High,Mobile App
CX04822,18-25,Asia Pacific,Basic Plan,51,34809.35,9,Low,Website
CX04823,36-45,Asia Pacific,Enterprise Plan,46,22690.23,8,Medium,Email
CX04824,46-55,Latin America,Pro Plan,38,40661.75,2,Medium,In-Store
CX04825,36-45,Asia Pacific,Pro Plan,34,41578.43,5,Low,Live Chat
CX04826,26-35,Latin America,Pro Plan,56,34085.32,8,Low,Email
CX04827,36-45,Europe,Enterprise Plan,56,47856.12,8,Medium,Mobile App
CX04828,36-45,Asia Pacific,Add-on Services,44,21230.73,8,High,In-Store
CX04829,18-25,Asia Pacific,Enterprise Plan,38,2530.42,0,High,Website
CX04830,55+,Latin America,Enterprise Plan,55,15514.9,8,Medium,Email
CX04831,18-25,Asia Pacific,Basic Plan,53,35576.07,4,High,Live Chat
CX04832,36-45,North America,Enterprise Plan,48,2007.22,9,Low,In-Store
CX04833,36-45,Asia Pacific,Add-on Services,46,14878.8,3,Medium,Website
CX04834,46-55,Latin America,Enterprise Plan,23,39300.79,9,High,Mobile App
CX04835,36-45,Asia Pacific,Basic Plan,55,3569.15,2,High,Mobile App
CX04836,46-55,Latin America,Enterprise Plan,20,22627.89,7,High,Email
CX04837,46-55,Asia Pacific,Enterprise Plan,37,43757.05,5,Medium,In-Store
CX04838,18-25,Europe,Pro Plan,33,22645.18,4,High,Live Chat
CX04839,26-35,Latin America,Add-on Services,40,2407.61,7,Low,In-Store
CX04840,36-45,Asia Pacific,Enterprise Plan,39,49172.0,8,Medium,Live Chat
CX04841,46-55,Latin America,Enterprise Plan,60,36121.58,1,Medium,Email
CX04842,26-35,Europe,Enterprise Plan,51,21377.79,7,Low,Mobile App
CX04843,36-45,Asia Pacific,Pro Plan,22,45131.08,2,Medium,Email
CX04844,46-55,Asia Pacific,Basic Plan,25,15405.73,2,Low,Email
CX04845,26-35,Latin America,Add-on Services,24,10268.55,1,Medium,Phone
CX04846,18-25,Europe,Enterprise Plan,7,25073.6,10,Low,Website
CX04847,36-45,Asia Pacific,Enterprise Plan,22,28006.38,4,Medium,Phone
CX04848,55+,Asia Pacific,Enterprise Plan,60,22039.5,2,Low,Email
CX04849,55+,Europe,Pro Plan,24,39819.43,10,Medium,In-Store
CX04850,46-55,Latin America,Basic Plan,36,41108.42,9,Medium,Website
CX04851,36-45,North America,Basic Plan,33,21160.07,0,Medium,Mobile App
CX04852,18-25,Latin America,Basic Plan,24,45580.53,10,Medium,Live Chat
CX04853,36-45,Europe,Basic Plan,41,36050.77,7,High,Mobile App
CX04854,26-35,Latin America,Add-on Services,57,2788.18,9,High,Mobile App
CX04855,18-25,Latin America,Basic Plan,34,28999.81,8,High,Live Chat
CX04856,36-45,North America,Basic Plan,3,18743.41,8,Low,Live Chat
CX04857,18-25,North America,Basic Plan,24,42140.34,2,Low,Mobile App
CX04858,46-55,Asia Pacific,Basic Plan,3,30748.91,3,High,In-Store
CX04859,26-35,Europe,Add-on Services,16,25238.82,0,Low,Website
CX04860,26-35,Latin America,Pro Plan,42,49717.01,1,High,Live Chat
CX04861,55+,Europe,Enterprise Plan,19,47653.28,7,High,Website
CX04862,46-55,Latin America,Add-on Services,26,12799.06,4,Low,In-Store
CX04863,18-25,Europe,Enterprise Plan,33,35118.29,2,Medium,Mobile App
CX04864,46-55,Latin America,Enterprise Plan,31,14265.66,6,Medium,Phone
CX04865,18-25,Asia Pacific,Add-on Services,42,28160.86,10,Low,Email
CX04866,55+,Latin America,Add-on Services,16,22395.99,10,Medium,Live Chat
CX04867,18-25,Latin America,Add-on Services,53,42809.51,4,High,Live Chat
CX04868,26-35,Asia Pacific,Add-on Services,34,22570.28,1,Medium,Phone
CX04869,46-55,Europe,Enterprise Plan,16,5046.65,5,Medium,Email
CX04870,46-55,Asia Pacific,Pro Plan,13,30944.98,0,Low,In-Store
CX04871,46-55,North America,Add-on Services,18,38400.78,9,Medium,Email
CX04872,46-55,North America,Basic Plan,43,49324.48,2,Low,Live Chat
CX04873,26-35,Europe,Pro Plan,18,19493.58,7,Low,Mobile App
CX04874,18-25,Europe,Add-on Services,14,11904.99,8,Medium,Website
CX04875,46-55,North America,Pro Plan,33,20976.85,4,High,Live Chat
CX04876,36-45,Latin America,Pro Plan,4,46447.99,5,Medium,Live Chat
CX04877,46-55,Asia Pacific,Add-on Services,43,20270.03,10,Medium,Email
CX04878,55+,Latin America,Basic Plan,4,44391.27,5,Low,In-Store
CX04879,26-35,Latin America,Add-on Services,42,21505.28,10,Medium,Live Chat
CX04880,36-45,Europe,Add-on Services,59,11597.47,7,Low,Phone
CX04881,46-55,North America,Enterprise Plan,28,18079.02,4,Medium,Mobile App
CX04882,18-25,North America,Enterprise Plan,10,4845.12,10,High,Email
CX04883,46-55,Asia Pacific,Add-on Services,46,5437.72,5,Low,Website
CX04884,26-35,Asia Pacific,Basic Plan,41,28934.72,9,High,Phone
CX04885,18-25,Asia Pacific,Add-on Services,24,31553.8,3,Low,Phone
CX04886,55+,Asia Pacific,Basic Plan,35,4835.74,4,Low,Mobile App
CX04887,26-35,Latin America,Add-on Services,27,35655.77,3,Low,Email
CX04888,55+,North America,Enterprise Plan,9,10756.76,8,Low,Website
CX04889,46-55,North America,Basic Plan,48,41261.96,0,Low,Phone
CX04890,26-35,Europe,Basic Plan,34,13729.93,7,High,Phone
CX04891,55+,Latin America,Enterprise Plan,40,30130.6,5,Low,Email
CX04892,18-25,Europe,Enterprise Plan,40,31211.61,1,Low,Phone
CX04893,26-35,Asia Pacific,Pro Plan,3,15949.51,0,High,Email
CX04894,46-55,Asia Pacific,Basic Plan,15,2487.35,1,Low,Live Chat
CX04895,26-35,Europe,Basic Plan,26,27713.1,7,Medium,Phone
CX04896,26-35,Latin America,Basic Plan,19,49917.95,3,Low,Website
CX04897,36-45,Europe,Basic Plan,40,6749.82,4,Low,Website
CX04898,26-35,Latin America,Add-on Services,27,17893.81,0,Low,Mobile App
CX04899,26-35,Latin America,Basic Plan,58,20984.2,5,Medium,Live Chat
CX04900,18-25,Latin America,Pro Plan,17,22957.61,5,Medium,Mobile App
CX04901,46-55,Latin America,Pro Plan,58,3179.88,3,Medium,In-Store
CX04902,46-55,North America,Pro Plan,30,36339.15,1,Low,Website
CX04903,36-45,Latin America,Add-on Services,3,21600.16,0,Medium,Email
CX04904,18-25,North America,Pro Plan,6,35042.3,1,Medium,Email
CX04905,55+,Europe,Pro Plan,16,18566.28,3,High,Mobile App
CX04906,26-35,North America,Enterprise Plan,18,26721.4,9,High,Phone
CX04907,18-25,Latin America,Enterprise Plan,31,40976.12,7,High,Phone
CX04908,26-35,Europe,Basic Plan,46,26636.64,0,Low,Phone
CX04909,26-35,Latin America,Enterprise Plan,27,37618.87,5,High,In-Store
CX04910,36-45,North America,Basic Plan,10,36176.83,4,Low,In-Store
CX04911,18-25,Asia Pacific,Enterprise Plan,35,25469.0,5,Low,Website
CX04912,55+,Europe,Pro Plan,19,19871.86,5,High,Mobile App
CX04913,26-35,Latin America,Pro Plan,49,12286.74,5,Medium,In-Store
CX04914,36-45,Asia Pacific,Pro Plan,30,35177.58,0,Low,Live Chat
CX04915,55+,Asia Pacific,Basic Plan,26,38667.91,4,Low,Email
CX04916,46-55,North America,Pro Plan,7,39421.34,0,High,Phone
CX04917,46-55,North America,Basic Plan,53,9604.84,9,Low,Live Chat
CX04918,26-35,Europe,Add-on Services,6,22729.5,8,Medium,Email
CX04919,55+,North America,Add-on Services,25,30453.94,5,Low,Phone
CX04920,55+,North America,Add-on Services,48,12219.36,9,Low,Website
CX04921,18-25,North America,Enterprise Plan,47,18472.64,9,Low,Email
CX04922,55+,Europe,Pro Plan,46,32697.77,7,High,Mobile App
CX04923,46-55,Asia Pacific,Add-on Services,2,26197.04,4,High,Phone
CX04924,18-25,Latin America,Enterprise Plan,46,36010.09,10,Medium,Phone
CX04925,26-35,Asia Pacific,Pro Plan,60,42126.38,7,Low,In-Store
CX04926,46-55,Latin America,Enterprise Plan,1,29039.19,6,Low,Website
CX04927,46-55,Asia Pacific,Add-on Services,10,32801.37,2,Medium,Website
CX04928,55+,Europe,Add-on Services,2,38124.3,10,High,Email
CX04929,18-25,North America,Add-on Services,33,43106.68,0,High,Website
CX04930,18-25,Europe,Add-on Services,54,659.77,10,Low,Live Chat
CX04931,36-45,North America,Basic Plan,42,23633.99,0,Low,Mobile App
CX04932,46-55,Latin America,Pro Plan,34,1694.1,10,High,In-Store
CX04933,55+,Latin America,Add-on Services,53,24801.9,7,Low,Website
CX04934,36-45,Latin America,Pro Plan,45,19592.01,2,Low,Website
CX04935,55+,Asia Pacific,Add-on Services,42,32973.88,9,Medium,Phone
CX04936,46-55,North America,Add-on Services,29,10512.88,5,High,Phone
CX04937,46-55,North America,Pro Plan,10,2327.48,1,Low,Phone
CX04938,46-55,Europe,Add-on Services,52,14474.3,8,High,Live Chat
CX04939,26-35,Asia Pacific,Basic Plan,4,25051.46,1,Medium,Email
CX04940,36-45,Latin America,Add-on Services,13,18473.75,1,High,Mobile App
CX04941,18-25,Latin America,Add-on Services,17,25724.81,4,Medium,Email
CX04942,55+,Europe,Enterprise Plan,56,49252.78,9,High,In-Store
CX04943,36-45,Asia Pacific,Pro Plan,35,12142.23,6,High,Live Chat
CX04944,55+,Latin America,Basic Plan,12,17858.06,0,Low,Live Chat
CX04945,26-35,North America,Add-on Services,58,13081.55,10,High,Website
CX04946,26-35,Latin America,Add-on Services,8,29077.87,9,Medium,Live Chat
CX04947,55+,Europe,Pro Plan,24,12329.29,0,Low,In-Store
CX04948,18-25,Europe,Add-on Services,36,11229.1,5,High,Email
CX04949,55+,Europe,Add-on Services,24,11991.07,5,Medium,Mobile App
CX04950,46-55,Europe,Basic Plan,9,30112.03,4,High,Email
CX04951,36-45,Latin America,Basic Plan,8,9721.68,2,Medium,Live Chat
CX04952,55+,Europe,Enterprise Plan,48,18735.3,7,Low,Live Chat
CX04953,26-35,Europe,Pro Plan,38,11440.9,7,High,Email
CX04954,55+,Latin America,Enterprise Plan,58,46668.74,3,High,In-Store
CX04955,36-45,Latin America,Enterprise Plan,54,38022.75,10,Low,Phone
CX04956,36-45,Latin America,Add-on Services,47,24384.54,9,Low,Email
CX04957,36-45,Europe,Basic Plan,59,6714.19,4,Low,Phone
CX04958,36-45,Europe,Enterprise Plan,16,25393.76,1,Low,In-Store
CX04959,36-45,Latin America,Enterprise Plan,3,42923.91,2,Medium,Mobile App
CX04960,18-25,Asia Pacific,Basic Plan,47,39467.27,6,High,In-Store
CX04961,36-45,Latin America,Enterprise Plan,27,9729.44,9,Medium,Mobile App
CX04962,26-35,North America,Add-on Services,35,19189.59,7,Low,Live Chat
CX04963,55+,Asia Pacific,Enterprise Plan,2,20286.92,4,Low,Live Chat
CX04964,36-45,Asia Pacific,Basic Plan,4,39399.54,1,Low,Phone
CX04965,26-35,Latin America,Add-on Services,17,31300.57,5,Medium,Live Chat
CX04966,26-35,North America,Basic Plan,7,42614.63,1,High,Live Chat
CX04967,55+,Latin America,Basic Plan,14,47989.57,10,High,Mobile App
CX04968,36-45,Latin America,Enterprise Plan,14,26669.13,8,High,Website
CX04969,18-25,North America,Enterprise Plan,46,25224.48,3,Medium,Email
CX04970,36-45,Latin America,Basic Plan,42,5079.17,6,Medium,In-Store
CX04971,26-35,Latin America,Pro Plan,20,41692.4,5,Medium,Phone
CX04972,46-55,Europe,Basic Plan,59,9304.5,1,Low,Phone
CX04973,36-45,Latin America,Pro Plan,10,33348.76,9,Medium,Website
CX04974,46-55,North America,Add-on Services,16,33487.2,3,Medium,Email
CX04975,46-55,North America,Enterprise Plan,54,46346.04,7,High,Website
CX04976,18-25,Latin America,Basic Plan,51,39674.78,9,High,Website
CX04977,18-25,Latin America,Enterprise Plan,7,19863.55,5,Low,Website
CX04978,36-45,North America,Pro Plan,1,45675.21,2,Medium,In-Store
CX04979,18-25,Latin America,Enterprise Plan,26,3835.06,8,Low,Live Chat
CX04980,36-45,Latin America,Enterprise Plan,43,41585.05,8,High,Phone
CX04981,36-45,North America,Pro Plan,14,33868.51,6,Medium,Phone
CX04982,18-25,Europe,Enterprise Plan,39,40106.15,1,Medium,Email
CX04983,36-45,North America,Add-on Services,42,30824.9,10,Medium,In-Store
CX04984,46-55,Europe,Basic Plan,46,16795.07,4,High,Mobile App
CX04985,26-35,North America,Basic Plan,42,34435.9,10,Medium,Mobile App
CX04986,55+,Asia Pacific,Basic Plan,19,5952.85,0,Low,Mobile App
CX04987,55+,Asia Pacific,Add-on Services,58,29073.7,3,High,Website
CX04988,36-45,Europe,Add-on Services,21,8114.89,1,Low,In-Store
CX04989,18-25,North America,Add-on Services,20,44556.46,2,Low,Live Chat
CX04990,55+,Asia Pacific,Enterprise Plan,28,31104.4,8,High,Live Chat
CX04991,46-55,Latin America,Enterprise Plan,40,15216.1,1,High,Live Chat
CX04992,26-35,Latin America,Pro Plan,52,30192.96,3,High,Email
CX04993,46-55,Asia Pacific,Basic Plan,59,21108.95,4,High,In-Store
CX04994,55+,North America,Enterprise Plan,13,39896.89,1,High,In-Store
CX04995,18-25,North America,Basic Plan,13,3551.0,5,Low,Mobile App
CX04996,18-25,Asia Pacific,Add-on Services,54,43952.2,2,Low,Phone
CX04997,26-35,Asia Pacific,Basic Plan,47,6706.52,4,Medium,Mobile App
CX04998,46-55,Latin America,Basic Plan,41,12513.46,2,Low,Mobile App
CX04999,36-45,Europe,Enterprise Plan,11,12466.21,6,Medium,Website
CX05000,46-55,Latin America,Add-on Services,2,15891.37,2,High,In-Store
